
### This script should be run from GoldenCheetah src directory after build
if [ ! -x ./GoldenCheetah ]
then echo "Build GoldenCheetah and execute from distribution src"; exit 1
fi

qmake --version
QMake version 3.1
Using Qt version 6.8.0 in /home/runner/work/GoldenCheetah/GoldenCheetah/6.8.0/gcc_64/lib

echo "Checking GoldenCheetah.app can execute"
Checking GoldenCheetah.app can execute
./GoldenCheetah --version
GoldenCheetah V3.8-DEV2605 (5012)
qt.core.qobject.connect: QObject::connect(QObject, Unknown): invalid nullptr parameter

Build date: Jul 6 2026 10:26:48
Build id: 5012
Version: (developer build)
DB Schema: 160
Metrics: 382
OS: Ubuntu 24.04.4 LTS
OpenGL: 
UI: dpi scale (0) font size (-1)

QT: 6.8.0
QWT: 6.8.0
GCC: 13.3.0
SRMIO: 0.1.1~git1 b444b87
D2XX: yes
ICAL: none
USBXPRESS: none
LIBUSB: yes (1.0)
VLC: none
VIDEO: qt6
SAMPLERATE: 0.2.2 
SSL: yes
R: none [4.3.3]
Python: none [3.12.13]
LMFIT: 7.0
GSL: 2.7.1



### Create AppDir and start populating
mkdir -p appdir

# Executable
cp GoldenCheetah appdir

# Desktop file
cat >appdir/GoldenCheetah.desktop <<EOF
[Desktop Entry]
Version=1.0
Type=Application
Name=GoldenCheetah
Comment=Cycling Power Analysis Software.
Exec=GoldenCheetah
Icon=gc
Categories=Science;Sports;
EOF

# Icon
cp Resources/images/gc.png appdir/

### Add vlc 3
#mkdir appdir/lib
#cp -r /usr/lib/x86_64-linux-gnu/vlc appdir/lib/vlc
#sudo appdir/lib/vlc/vlc-cache-gen appdir/lib/vlc/plugins

### Deploy to appdir
linuxdeployqt appdir/GoldenCheetah -verbose=2 -bundle-non-qt-libs -exclude-libs=libqsqlmysql,libqsqlpsql,libqsqlmimer,libqsqlodbc,libnss3,libnssutil3,libxcb-dri3.so.0 -unsupported-allow-new-glibc -extra-plugins=geoservices
linuxdeployqt 11 (commit 7e7a01d), build <local dev build> built on 2026-07-06 10:20:01 UTC
WARNING: Not checking glibc on the host system.
         The resulting AppDir or AppImage may not run on older systems.
         This mode is unsupported and discouraged.
         For more information, please see
         https://github.com/probonopd/linuxdeployqt/issues/340
Not using FHS-like mode
app-binary: "/home/runner/work/GoldenCheetah/GoldenCheetah/src/appdir/GoldenCheetah"
appDirPath: "/home/runner/work/GoldenCheetah/GoldenCheetah/src/appdir"
relativeBinPath: "GoldenCheetah"
WARNING: Excluding the following libraries might break the AppImage. Please double-check the list: QList("libqsqlmysql", "libqsqlpsql", "libqsqlmimer", "libqsqlodbc", "libnss3", "libnssutil3", "libxcb-dri3.so.0")
qmakePath 3= ""
Log: Using qmake:  "/home/runner/work/GoldenCheetah/GoldenCheetah/6.8.0/gcc_64/bin/qmake"
Log: Deploying the following libraries: QList("/home/runner/work/GoldenCheetah/GoldenCheetah/src/appdir/GoldenCheetah")
Log:  copied: "/lib/x86_64-linux-gnu/libgsl.so.27"
Log:  to "/home/runner/work/GoldenCheetah/GoldenCheetah/src/appdir/lib//libgsl.so.27"
Log: Checking rpath in "/home/runner/work/GoldenCheetah/GoldenCheetah/src/appdir/lib/libgsl.so.27"
Log: Changing rpath in "/home/runner/work/GoldenCheetah/GoldenCheetah/src/appdir/lib/libgsl.so.27" to "$ORIGIN"
Log:  copied: "/opt/hostedtoolcache/Python/3.12.13/x64/lib/libpython3.12.so.1.0"
Log:  to "/home/runner/work/GoldenCheetah/GoldenCheetah/src/appdir/lib//libpython3.12.so.1.0"
Log: Checking rpath in "/home/runner/work/GoldenCheetah/GoldenCheetah/src/appdir/lib/libpython3.12.so.1.0"
Log: Removing absolute rpath of  "/opt/hostedtoolcache/Python/3.12.13/x64/lib"  in  "/home/runner/work/GoldenCheetah/GoldenCheetah/src/appdir/lib/libpython3.12.so.1.0"
Log: Changing rpath in "/home/runner/work/GoldenCheetah/GoldenCheetah/src/appdir/lib/libpython3.12.so.1.0" to "$ORIGIN"
Log:  copied: "/lib/x86_64-linux-gnu/libsamplerate.so.0"
Log:  to "/home/runner/work/GoldenCheetah/GoldenCheetah/src/appdir/lib//libsamplerate.so.0"
Log: Checking rpath in "/home/runner/work/GoldenCheetah/GoldenCheetah/src/appdir/lib/libsamplerate.so.0"
Log: Changing rpath in "/home/runner/work/GoldenCheetah/GoldenCheetah/src/appdir/lib/libsamplerate.so.0" to "$ORIGIN"
Log:  copied: "/home/runner/work/GoldenCheetah/GoldenCheetah/6.8.0/gcc_64/lib/libQt6Svg.so.6"
Log:  to "/home/runner/work/GoldenCheetah/GoldenCheetah/src/appdir/lib//libQt6Svg.so.6"
Log: Checking rpath in "/home/runner/work/GoldenCheetah/GoldenCheetah/src/appdir/lib/libQt6Svg.so.6"
Log: Changing rpath in "/home/runner/work/GoldenCheetah/GoldenCheetah/src/appdir/lib/libQt6Svg.so.6" to "$ORIGIN"
Log:  copied: "/home/runner/work/GoldenCheetah/GoldenCheetah/6.8.0/gcc_64/lib/libQt6MultimediaWidgets.so.6"
Log:  to "/home/runner/work/GoldenCheetah/GoldenCheetah/src/appdir/lib//libQt6MultimediaWidgets.so.6"
Log: Checking rpath in "/home/runner/work/GoldenCheetah/GoldenCheetah/src/appdir/lib/libQt6MultimediaWidgets.so.6"
Log: Changing rpath in "/home/runner/work/GoldenCheetah/GoldenCheetah/src/appdir/lib/libQt6MultimediaWidgets.so.6" to "$ORIGIN"
Log:  copied: "/home/runner/work/GoldenCheetah/GoldenCheetah/6.8.0/gcc_64/lib/libQt6WebEngineWidgets.so.6"
Log:  to "/home/runner/work/GoldenCheetah/GoldenCheetah/src/appdir/lib//libQt6WebEngineWidgets.so.6"
Log: Checking rpath in "/home/runner/work/GoldenCheetah/GoldenCheetah/src/appdir/lib/libQt6WebEngineWidgets.so.6"
Log: Changing rpath in "/home/runner/work/GoldenCheetah/GoldenCheetah/src/appdir/lib/libQt6WebEngineWidgets.so.6" to "$ORIGIN"
Log:  copied: "/home/runner/work/GoldenCheetah/GoldenCheetah/6.8.0/gcc_64/lib/libQt6Charts.so.6"
Log:  to "/home/runner/work/GoldenCheetah/GoldenCheetah/src/appdir/lib//libQt6Charts.so.6"
Log: Checking rpath in "/home/runner/work/GoldenCheetah/GoldenCheetah/src/appdir/lib/libQt6Charts.so.6"
Log: Changing rpath in "/home/runner/work/GoldenCheetah/GoldenCheetah/src/appdir/lib/libQt6Charts.so.6" to "$ORIGIN"
Log:  copied: "/home/runner/work/GoldenCheetah/GoldenCheetah/6.8.0/gcc_64/lib/libQt6Widgets.so.6"
Log:  to "/home/runner/work/GoldenCheetah/GoldenCheetah/src/appdir/lib//libQt6Widgets.so.6"
Log: Checking rpath in "/home/runner/work/GoldenCheetah/GoldenCheetah/src/appdir/lib/libQt6Widgets.so.6"
Log: Changing rpath in "/home/runner/work/GoldenCheetah/GoldenCheetah/src/appdir/lib/libQt6Widgets.so.6" to "$ORIGIN"
Log:  copied: "/home/runner/work/GoldenCheetah/GoldenCheetah/6.8.0/gcc_64/lib/libQt6Multimedia.so.6"
Log:  to "/home/runner/work/GoldenCheetah/GoldenCheetah/src/appdir/lib//libQt6Multimedia.so.6"
Log: Checking rpath in "/home/runner/work/GoldenCheetah/GoldenCheetah/src/appdir/lib/libQt6Multimedia.so.6"
Log: Changing rpath in "/home/runner/work/GoldenCheetah/GoldenCheetah/src/appdir/lib/libQt6Multimedia.so.6" to "$ORIGIN"
Log: Setting deploymentInfo.qtPath to: "/home/runner/work/GoldenCheetah/GoldenCheetah/6.8.0/gcc_64/lib/"
Log:  copied: "/home/runner/work/GoldenCheetah/GoldenCheetah/6.8.0/gcc_64/lib/libQt6WebEngineCore.so.6"
Log:  to "/home/runner/work/GoldenCheetah/GoldenCheetah/src/appdir/lib//libQt6WebEngineCore.so.6"
Log: Checking rpath in "/home/runner/work/GoldenCheetah/GoldenCheetah/src/appdir/lib/libQt6WebEngineCore.so.6"
Log: Changing rpath in "/home/runner/work/GoldenCheetah/GoldenCheetah/src/appdir/lib/libQt6WebEngineCore.so.6" to "$ORIGIN"
Log:  copied: "/home/runner/work/GoldenCheetah/GoldenCheetah/6.8.0/gcc_64/lib/libQt6Gui.so.6"
Log:  to "/home/runner/work/GoldenCheetah/GoldenCheetah/src/appdir/lib//libQt6Gui.so.6"
Log: Checking rpath in "/home/runner/work/GoldenCheetah/GoldenCheetah/src/appdir/lib/libQt6Gui.so.6"
Log: Changing rpath in "/home/runner/work/GoldenCheetah/GoldenCheetah/src/appdir/lib/libQt6Gui.so.6" to "$ORIGIN"
Log:  copied: "/home/runner/work/GoldenCheetah/GoldenCheetah/6.8.0/gcc_64/lib/libQt6Xml.so.6"
Log:  to "/home/runner/work/GoldenCheetah/GoldenCheetah/src/appdir/lib//libQt6Xml.so.6"
Log: Checking rpath in "/home/runner/work/GoldenCheetah/GoldenCheetah/src/appdir/lib/libQt6Xml.so.6"
Log: Changing rpath in "/home/runner/work/GoldenCheetah/GoldenCheetah/src/appdir/lib/libQt6Xml.so.6" to "$ORIGIN"
Log:  copied: "/home/runner/work/GoldenCheetah/GoldenCheetah/6.8.0/gcc_64/lib/libQt6Sql.so.6"
Log:  to "/home/runner/work/GoldenCheetah/GoldenCheetah/src/appdir/lib//libQt6Sql.so.6"
Log: Checking rpath in "/home/runner/work/GoldenCheetah/GoldenCheetah/src/appdir/lib/libQt6Sql.so.6"
Log: Changing rpath in "/home/runner/work/GoldenCheetah/GoldenCheetah/src/appdir/lib/libQt6Sql.so.6" to "$ORIGIN"
Log:  copied: "/home/runner/work/GoldenCheetah/GoldenCheetah/6.8.0/gcc_64/lib/libQt6WebChannel.so.6"
Log:  to "/home/runner/work/GoldenCheetah/GoldenCheetah/src/appdir/lib//libQt6WebChannel.so.6"
Log: Checking rpath in "/home/runner/work/GoldenCheetah/GoldenCheetah/src/appdir/lib/libQt6WebChannel.so.6"
Log: Changing rpath in "/home/runner/work/GoldenCheetah/GoldenCheetah/src/appdir/lib/libQt6WebChannel.so.6" to "$ORIGIN"
Log:  copied: "/home/runner/work/GoldenCheetah/GoldenCheetah/6.8.0/gcc_64/lib/libQt6Bluetooth.so.6"
Log:  to "/home/runner/work/GoldenCheetah/GoldenCheetah/src/appdir/lib//libQt6Bluetooth.so.6"
Log: Checking rpath in "/home/runner/work/GoldenCheetah/GoldenCheetah/src/appdir/lib/libQt6Bluetooth.so.6"
Log: Changing rpath in "/home/runner/work/GoldenCheetah/GoldenCheetah/src/appdir/lib/libQt6Bluetooth.so.6" to "$ORIGIN"
Log:  copied: "/home/runner/work/GoldenCheetah/GoldenCheetah/6.8.0/gcc_64/lib/libQt6Network.so.6"
Log:  to "/home/runner/work/GoldenCheetah/GoldenCheetah/src/appdir/lib//libQt6Network.so.6"
Log: Checking rpath in "/home/runner/work/GoldenCheetah/GoldenCheetah/src/appdir/lib/libQt6Network.so.6"
Log: Changing rpath in "/home/runner/work/GoldenCheetah/GoldenCheetah/src/appdir/lib/libQt6Network.so.6" to "$ORIGIN"
Log:  copied: "/home/runner/work/GoldenCheetah/GoldenCheetah/6.8.0/gcc_64/lib/libQt6SerialPort.so.6"
Log:  to "/home/runner/work/GoldenCheetah/GoldenCheetah/src/appdir/lib//libQt6SerialPort.so.6"
Log: Checking rpath in "/home/runner/work/GoldenCheetah/GoldenCheetah/src/appdir/lib/libQt6SerialPort.so.6"
Log: Changing rpath in "/home/runner/work/GoldenCheetah/GoldenCheetah/src/appdir/lib/libQt6SerialPort.so.6" to "$ORIGIN"
Log:  copied: "/home/runner/work/GoldenCheetah/GoldenCheetah/6.8.0/gcc_64/lib/libQt6Core5Compat.so.6"
Log:  to "/home/runner/work/GoldenCheetah/GoldenCheetah/src/appdir/lib//libQt6Core5Compat.so.6"
Log: Checking rpath in "/home/runner/work/GoldenCheetah/GoldenCheetah/src/appdir/lib/libQt6Core5Compat.so.6"
Log: Changing rpath in "/home/runner/work/GoldenCheetah/GoldenCheetah/src/appdir/lib/libQt6Core5Compat.so.6" to "$ORIGIN"
Log: Setting deploymentInfo.qtPath to: "/home/runner/work/GoldenCheetah/GoldenCheetah/6.8.0/gcc_64/lib/"
Log:  copied: "/home/runner/work/GoldenCheetah/GoldenCheetah/6.8.0/gcc_64/lib/libQt6Core.so.6"
Log:  to "/home/runner/work/GoldenCheetah/GoldenCheetah/src/appdir/lib//libQt6Core.so.6"
Log: Checking rpath in "/home/runner/work/GoldenCheetah/GoldenCheetah/src/appdir/lib/libQt6Core.so.6"
Log: Changing rpath in "/home/runner/work/GoldenCheetah/GoldenCheetah/src/appdir/lib/libQt6Core.so.6" to "$ORIGIN"
Log:  copied: "/lib/x86_64-linux-gnu/libgslcblas.so.0"
Log:  to "/home/runner/work/GoldenCheetah/GoldenCheetah/src/appdir/lib//libgslcblas.so.0"
Log: Checking rpath in "/home/runner/work/GoldenCheetah/GoldenCheetah/src/appdir/lib/libgslcblas.so.0"
Log: Changing rpath in "/home/runner/work/GoldenCheetah/GoldenCheetah/src/appdir/lib/libgslcblas.so.0" to "$ORIGIN"
Log:  copied: "/lib/x86_64-linux-gnu/libudev.so.1"
Log:  to "/home/runner/work/GoldenCheetah/GoldenCheetah/src/appdir/lib//libudev.so.1"
Log: Checking rpath in "/home/runner/work/GoldenCheetah/GoldenCheetah/src/appdir/lib/libudev.so.1"
Log: Changing rpath in "/home/runner/work/GoldenCheetah/GoldenCheetah/src/appdir/lib/libudev.so.1" to "$ORIGIN"
Log:  copied: "/lib/x86_64-linux-gnu/libxkbcommon.so.0"
Log:  to "/home/runner/work/GoldenCheetah/GoldenCheetah/src/appdir/lib//libxkbcommon.so.0"
Log: Checking rpath in "/home/runner/work/GoldenCheetah/GoldenCheetah/src/appdir/lib/libxkbcommon.so.0"
Log: Changing rpath in "/home/runner/work/GoldenCheetah/GoldenCheetah/src/appdir/lib/libxkbcommon.so.0" to "$ORIGIN"
Log:  copied: "/home/runner/work/GoldenCheetah/GoldenCheetah/6.8.0/gcc_64/lib/libQt6QuickWidgets.so.6"
Log:  to "/home/runner/work/GoldenCheetah/GoldenCheetah/src/appdir/lib//libQt6QuickWidgets.so.6"
Log: Checking rpath in "/home/runner/work/GoldenCheetah/GoldenCheetah/src/appdir/lib/libQt6QuickWidgets.so.6"
Log: Changing rpath in "/home/runner/work/GoldenCheetah/GoldenCheetah/src/appdir/lib/libQt6QuickWidgets.so.6" to "$ORIGIN"
Log:  copied: "/home/runner/work/GoldenCheetah/GoldenCheetah/6.8.0/gcc_64/lib/libQt6PrintSupport.so.6"
Log:  to "/home/runner/work/GoldenCheetah/GoldenCheetah/src/appdir/lib//libQt6PrintSupport.so.6"
Log: Checking rpath in "/home/runner/work/GoldenCheetah/GoldenCheetah/src/appdir/lib/libQt6PrintSupport.so.6"
Log: Changing rpath in "/home/runner/work/GoldenCheetah/GoldenCheetah/src/appdir/lib/libQt6PrintSupport.so.6" to "$ORIGIN"
Log:  copied: "/home/runner/work/GoldenCheetah/GoldenCheetah/6.8.0/gcc_64/lib/libQt6Positioning.so.6"
Log:  to "/home/runner/work/GoldenCheetah/GoldenCheetah/src/appdir/lib//libQt6Positioning.so.6"
Log: Checking rpath in "/home/runner/work/GoldenCheetah/GoldenCheetah/src/appdir/lib/libQt6Positioning.so.6"
Log: Changing rpath in "/home/runner/work/GoldenCheetah/GoldenCheetah/src/appdir/lib/libQt6Positioning.so.6" to "$ORIGIN"
Log:  copied: "/home/runner/work/GoldenCheetah/GoldenCheetah/6.8.0/gcc_64/lib/libQt6Quick.so.6"
Log:  to "/home/runner/work/GoldenCheetah/GoldenCheetah/src/appdir/lib//libQt6Quick.so.6"
Log: Checking rpath in "/home/runner/work/GoldenCheetah/GoldenCheetah/src/appdir/lib/libQt6Quick.so.6"
Log: Changing rpath in "/home/runner/work/GoldenCheetah/GoldenCheetah/src/appdir/lib/libQt6Quick.so.6" to "$ORIGIN"
Log:  copied: "/home/runner/work/GoldenCheetah/GoldenCheetah/6.8.0/gcc_64/lib/libQt6OpenGL.so.6"
Log:  to "/home/runner/work/GoldenCheetah/GoldenCheetah/src/appdir/lib//libQt6OpenGL.so.6"
Log: Checking rpath in "/home/runner/work/GoldenCheetah/GoldenCheetah/src/appdir/lib/libQt6OpenGL.so.6"
Log: Changing rpath in "/home/runner/work/GoldenCheetah/GoldenCheetah/src/appdir/lib/libQt6OpenGL.so.6" to "$ORIGIN"
Log:  copied: "/home/runner/work/GoldenCheetah/GoldenCheetah/6.8.0/gcc_64/lib/libQt6QmlMeta.so.6"
Log:  to "/home/runner/work/GoldenCheetah/GoldenCheetah/src/appdir/lib//libQt6QmlMeta.so.6"
Log: Checking rpath in "/home/runner/work/GoldenCheetah/GoldenCheetah/src/appdir/lib/libQt6QmlMeta.so.6"
Log: Changing rpath in "/home/runner/work/GoldenCheetah/GoldenCheetah/src/appdir/lib/libQt6QmlMeta.so.6" to "$ORIGIN"
Log:  copied: "/home/runner/work/GoldenCheetah/GoldenCheetah/6.8.0/gcc_64/lib/libQt6QmlModels.so.6"
Log:  to "/home/runner/work/GoldenCheetah/GoldenCheetah/src/appdir/lib//libQt6QmlModels.so.6"
Log: Checking rpath in "/home/runner/work/GoldenCheetah/GoldenCheetah/src/appdir/lib/libQt6QmlModels.so.6"
Log: Changing rpath in "/home/runner/work/GoldenCheetah/GoldenCheetah/src/appdir/lib/libQt6QmlModels.so.6" to "$ORIGIN"
Log:  copied: "/home/runner/work/GoldenCheetah/GoldenCheetah/6.8.0/gcc_64/lib/libQt6QmlWorkerScript.so.6"
Log:  to "/home/runner/work/GoldenCheetah/GoldenCheetah/src/appdir/lib//libQt6QmlWorkerScript.so.6"
Log: Checking rpath in "/home/runner/work/GoldenCheetah/GoldenCheetah/src/appdir/lib/libQt6QmlWorkerScript.so.6"
Log: Changing rpath in "/home/runner/work/GoldenCheetah/GoldenCheetah/src/appdir/lib/libQt6QmlWorkerScript.so.6" to "$ORIGIN"
Log:  copied: "/home/runner/work/GoldenCheetah/GoldenCheetah/6.8.0/gcc_64/lib/libQt6Qml.so.6"
Log:  to "/home/runner/work/GoldenCheetah/GoldenCheetah/src/appdir/lib//libQt6Qml.so.6"
Log: Checking rpath in "/home/runner/work/GoldenCheetah/GoldenCheetah/src/appdir/lib/libQt6Qml.so.6"
Log: Changing rpath in "/home/runner/work/GoldenCheetah/GoldenCheetah/src/appdir/lib/libQt6Qml.so.6" to "$ORIGIN"
Log:  copied: "/home/runner/work/GoldenCheetah/GoldenCheetah/6.8.0/gcc_64/lib/libQt6OpenGLWidgets.so.6"
Log:  to "/home/runner/work/GoldenCheetah/GoldenCheetah/src/appdir/lib//libQt6OpenGLWidgets.so.6"
Log: Checking rpath in "/home/runner/work/GoldenCheetah/GoldenCheetah/src/appdir/lib/libQt6OpenGLWidgets.so.6"
Log: Changing rpath in "/home/runner/work/GoldenCheetah/GoldenCheetah/src/appdir/lib/libQt6OpenGLWidgets.so.6" to "$ORIGIN"
Log:  copied: "/lib/x86_64-linux-gnu/libpulse.so.0"
Log:  to "/home/runner/work/GoldenCheetah/GoldenCheetah/src/appdir/lib//libpulse.so.0"
Log: Checking rpath in "/home/runner/work/GoldenCheetah/GoldenCheetah/src/appdir/lib/libpulse.so.0"
Log: Removing absolute rpath of  "/usr/lib/x86_64-linux-gnu/pulseaudio"  in  "/home/runner/work/GoldenCheetah/GoldenCheetah/src/appdir/lib/libpulse.so.0"
Log: Changing rpath in "/home/runner/work/GoldenCheetah/GoldenCheetah/src/appdir/lib/libpulse.so.0" to "$ORIGIN"
Log:  copied: "/lib/x86_64-linux-gnu/libatomic.so.1"
Log:  to "/home/runner/work/GoldenCheetah/GoldenCheetah/src/appdir/lib//libatomic.so.1"
Log: Checking rpath in "/home/runner/work/GoldenCheetah/GoldenCheetah/src/appdir/lib/libatomic.so.1"
Log: Changing rpath in "/home/runner/work/GoldenCheetah/GoldenCheetah/src/appdir/lib/libatomic.so.1" to "$ORIGIN"
Log:  copied: "/lib/x86_64-linux-gnu/libsmime3.so"
Log:  to "/home/runner/work/GoldenCheetah/GoldenCheetah/src/appdir/lib//libsmime3.so"
Log: Checking rpath in "/home/runner/work/GoldenCheetah/GoldenCheetah/src/appdir/lib/libsmime3.so"
Log: Changing rpath in "/home/runner/work/GoldenCheetah/GoldenCheetah/src/appdir/lib/libsmime3.so" to "$ORIGIN"
Log:  copied: "/lib/x86_64-linux-gnu/libplds4.so"
Log:  to "/home/runner/work/GoldenCheetah/GoldenCheetah/src/appdir/lib//libplds4.so"
Log: Checking rpath in "/home/runner/work/GoldenCheetah/GoldenCheetah/src/appdir/lib/libplds4.so"
Log: Changing rpath in "/home/runner/work/GoldenCheetah/GoldenCheetah/src/appdir/lib/libplds4.so" to "$ORIGIN"
Log:  copied: "/lib/x86_64-linux-gnu/libplc4.so"
Log:  to "/home/runner/work/GoldenCheetah/GoldenCheetah/src/appdir/lib//libplc4.so"
Log: Checking rpath in "/home/runner/work/GoldenCheetah/GoldenCheetah/src/appdir/lib/libplc4.so"
Log: Changing rpath in "/home/runner/work/GoldenCheetah/GoldenCheetah/src/appdir/lib/libplc4.so" to "$ORIGIN"
Log:  copied: "/lib/x86_64-linux-gnu/libnspr4.so"
Log:  to "/home/runner/work/GoldenCheetah/GoldenCheetah/src/appdir/lib//libnspr4.so"
Log: Checking rpath in "/home/runner/work/GoldenCheetah/GoldenCheetah/src/appdir/lib/libnspr4.so"
Log: Changing rpath in "/home/runner/work/GoldenCheetah/GoldenCheetah/src/appdir/lib/libnspr4.so" to "$ORIGIN"
Log:  copied: "/lib/x86_64-linux-gnu/libXcomposite.so.1"
Log:  to "/home/runner/work/GoldenCheetah/GoldenCheetah/src/appdir/lib//libXcomposite.so.1"
Log: Checking rpath in "/home/runner/work/GoldenCheetah/GoldenCheetah/src/appdir/lib/libXcomposite.so.1"
Log: Changing rpath in "/home/runner/work/GoldenCheetah/GoldenCheetah/src/appdir/lib/libXcomposite.so.1" to "$ORIGIN"
Log:  copied: "/lib/x86_64-linux-gnu/libXdamage.so.1"
Log:  to "/home/runner/work/GoldenCheetah/GoldenCheetah/src/appdir/lib//libXdamage.so.1"
Log: Checking rpath in "/home/runner/work/GoldenCheetah/GoldenCheetah/src/appdir/lib/libXdamage.so.1"
Log: Changing rpath in "/home/runner/work/GoldenCheetah/GoldenCheetah/src/appdir/lib/libXdamage.so.1" to "$ORIGIN"
Log:  copied: "/lib/x86_64-linux-gnu/libXext.so.6"
Log:  to "/home/runner/work/GoldenCheetah/GoldenCheetah/src/appdir/lib//libXext.so.6"
Log: Checking rpath in "/home/runner/work/GoldenCheetah/GoldenCheetah/src/appdir/lib/libXext.so.6"
Log: Changing rpath in "/home/runner/work/GoldenCheetah/GoldenCheetah/src/appdir/lib/libXext.so.6" to "$ORIGIN"
Log:  copied: "/lib/x86_64-linux-gnu/libXfixes.so.3"
Log:  to "/home/runner/work/GoldenCheetah/GoldenCheetah/src/appdir/lib//libXfixes.so.3"
Log: Checking rpath in "/home/runner/work/GoldenCheetah/GoldenCheetah/src/appdir/lib/libXfixes.so.3"
Log: Changing rpath in "/home/runner/work/GoldenCheetah/GoldenCheetah/src/appdir/lib/libXfixes.so.3" to "$ORIGIN"
Log:  copied: "/lib/x86_64-linux-gnu/libXrender.so.1"
Log:  to "/home/runner/work/GoldenCheetah/GoldenCheetah/src/appdir/lib//libXrender.so.1"
Log: Checking rpath in "/home/runner/work/GoldenCheetah/GoldenCheetah/src/appdir/lib/libXrender.so.1"
Log: Changing rpath in "/home/runner/work/GoldenCheetah/GoldenCheetah/src/appdir/lib/libXrender.so.1" to "$ORIGIN"
Log:  copied: "/lib/x86_64-linux-gnu/libXrandr.so.2"
Log:  to "/home/runner/work/GoldenCheetah/GoldenCheetah/src/appdir/lib//libXrandr.so.2"
Log: Checking rpath in "/home/runner/work/GoldenCheetah/GoldenCheetah/src/appdir/lib/libXrandr.so.2"
Log: Changing rpath in "/home/runner/work/GoldenCheetah/GoldenCheetah/src/appdir/lib/libXrandr.so.2" to "$ORIGIN"
Log:  copied: "/lib/x86_64-linux-gnu/libXtst.so.6"
Log:  to "/home/runner/work/GoldenCheetah/GoldenCheetah/src/appdir/lib//libXtst.so.6"
Log: Checking rpath in "/home/runner/work/GoldenCheetah/GoldenCheetah/src/appdir/lib/libXtst.so.6"
Log: Changing rpath in "/home/runner/work/GoldenCheetah/GoldenCheetah/src/appdir/lib/libXtst.so.6" to "$ORIGIN"
Log:  copied: "/lib/x86_64-linux-gnu/libdbus-1.so.3"
Log:  to "/home/runner/work/GoldenCheetah/GoldenCheetah/src/appdir/lib//libdbus-1.so.3"
Log: Checking rpath in "/home/runner/work/GoldenCheetah/GoldenCheetah/src/appdir/lib/libdbus-1.so.3"
Log: Changing rpath in "/home/runner/work/GoldenCheetah/GoldenCheetah/src/appdir/lib/libdbus-1.so.3" to "$ORIGIN"
Log:  copied: "/lib/x86_64-linux-gnu/libXi.so.6"
Log:  to "/home/runner/work/GoldenCheetah/GoldenCheetah/src/appdir/lib//libXi.so.6"
Log: Checking rpath in "/home/runner/work/GoldenCheetah/GoldenCheetah/src/appdir/lib/libXi.so.6"
Log: Changing rpath in "/home/runner/work/GoldenCheetah/GoldenCheetah/src/appdir/lib/libXi.so.6" to "$ORIGIN"
Log:  copied: "/lib/x86_64-linux-gnu/libxshmfence.so.1"
Log:  to "/home/runner/work/GoldenCheetah/GoldenCheetah/src/appdir/lib//libxshmfence.so.1"
Log: Checking rpath in "/home/runner/work/GoldenCheetah/GoldenCheetah/src/appdir/lib/libxshmfence.so.1"
Log: Changing rpath in "/home/runner/work/GoldenCheetah/GoldenCheetah/src/appdir/lib/libxshmfence.so.1" to "$ORIGIN"
Log:  copied: "/lib/x86_64-linux-gnu/libxkbfile.so.1"
Log:  to "/home/runner/work/GoldenCheetah/GoldenCheetah/src/appdir/lib//libxkbfile.so.1"
Log: Checking rpath in "/home/runner/work/GoldenCheetah/GoldenCheetah/src/appdir/lib/libxkbfile.so.1"
Log: Changing rpath in "/home/runner/work/GoldenCheetah/GoldenCheetah/src/appdir/lib/libxkbfile.so.1" to "$ORIGIN"
Log:  copied: "/lib/x86_64-linux-gnu/libglib-2.0.so.0"
Log:  to "/home/runner/work/GoldenCheetah/GoldenCheetah/src/appdir/lib//libglib-2.0.so.0"
Log: Checking rpath in "/home/runner/work/GoldenCheetah/GoldenCheetah/src/appdir/lib/libglib-2.0.so.0"
Log: Changing rpath in "/home/runner/work/GoldenCheetah/GoldenCheetah/src/appdir/lib/libglib-2.0.so.0" to "$ORIGIN"
Log:  copied: "/home/runner/work/GoldenCheetah/GoldenCheetah/6.8.0/gcc_64/lib/libQt6DBus.so.6"
Log:  to "/home/runner/work/GoldenCheetah/GoldenCheetah/src/appdir/lib//libQt6DBus.so.6"
Log: Checking rpath in "/home/runner/work/GoldenCheetah/GoldenCheetah/src/appdir/lib/libQt6DBus.so.6"
Log: Changing rpath in "/home/runner/work/GoldenCheetah/GoldenCheetah/src/appdir/lib/libQt6DBus.so.6" to "$ORIGIN"
Log:  copied: "/lib/x86_64-linux-gnu/libgthread-2.0.so.0"
Log:  to "/home/runner/work/GoldenCheetah/GoldenCheetah/src/appdir/lib//libgthread-2.0.so.0"
Log: Checking rpath in "/home/runner/work/GoldenCheetah/GoldenCheetah/src/appdir/lib/libgthread-2.0.so.0"
Log: Changing rpath in "/home/runner/work/GoldenCheetah/GoldenCheetah/src/appdir/lib/libgthread-2.0.so.0" to "$ORIGIN"
Log:  copied: "/lib/x86_64-linux-gnu/libzstd.so.1"
Log:  to "/home/runner/work/GoldenCheetah/GoldenCheetah/src/appdir/lib//libzstd.so.1"
Log: Checking rpath in "/home/runner/work/GoldenCheetah/GoldenCheetah/src/appdir/lib/libzstd.so.1"
Log: Changing rpath in "/home/runner/work/GoldenCheetah/GoldenCheetah/src/appdir/lib/libzstd.so.1" to "$ORIGIN"
Log:  copied: "/lib/x86_64-linux-gnu/libgssapi_krb5.so.2"
Log:  to "/home/runner/work/GoldenCheetah/GoldenCheetah/src/appdir/lib//libgssapi_krb5.so.2"
Log: Checking rpath in "/home/runner/work/GoldenCheetah/GoldenCheetah/src/appdir/lib/libgssapi_krb5.so.2"
Log: Changing rpath in "/home/runner/work/GoldenCheetah/GoldenCheetah/src/appdir/lib/libgssapi_krb5.so.2" to "$ORIGIN"
Log:  copied: "/home/runner/work/GoldenCheetah/GoldenCheetah/6.8.0/gcc_64/lib/libicui18n.so.73"
Log:  to "/home/runner/work/GoldenCheetah/GoldenCheetah/src/appdir/lib//libicui18n.so.73"
Log: Checking rpath in "/home/runner/work/GoldenCheetah/GoldenCheetah/src/appdir/lib/libicui18n.so.73"
Log: Changing rpath in "/home/runner/work/GoldenCheetah/GoldenCheetah/src/appdir/lib/libicui18n.so.73" to "$ORIGIN"
Log:  copied: "/home/runner/work/GoldenCheetah/GoldenCheetah/6.8.0/gcc_64/lib/libicuuc.so.73"
Log:  to "/home/runner/work/GoldenCheetah/GoldenCheetah/src/appdir/lib//libicuuc.so.73"
Log: Checking rpath in "/home/runner/work/GoldenCheetah/GoldenCheetah/src/appdir/lib/libicuuc.so.73"
Log: Changing rpath in "/home/runner/work/GoldenCheetah/GoldenCheetah/src/appdir/lib/libicuuc.so.73" to "$ORIGIN"
Log:  copied: "/home/runner/work/GoldenCheetah/GoldenCheetah/6.8.0/gcc_64/lib/libicudata.so.73"
Log:  to "/home/runner/work/GoldenCheetah/GoldenCheetah/src/appdir/lib//libicudata.so.73"
Log: Checking rpath in "/home/runner/work/GoldenCheetah/GoldenCheetah/src/appdir/lib/libicudata.so.73"
Log: Changing rpath in "/home/runner/work/GoldenCheetah/GoldenCheetah/src/appdir/lib/libicudata.so.73" to "$ORIGIN"
Log:  copied: "/lib/x86_64-linux-gnu/libcap.so.2"
Log:  to "/home/runner/work/GoldenCheetah/GoldenCheetah/src/appdir/lib//libcap.so.2"
Log: Checking rpath in "/home/runner/work/GoldenCheetah/GoldenCheetah/src/appdir/lib/libcap.so.2"
Log: Changing rpath in "/home/runner/work/GoldenCheetah/GoldenCheetah/src/appdir/lib/libcap.so.2" to "$ORIGIN"
Log:  copied: "/usr/lib/x86_64-linux-gnu/pulseaudio/libpulsecommon-16.1.so"
Log:  to "/home/runner/work/GoldenCheetah/GoldenCheetah/src/appdir/lib//libpulsecommon-16.1.so"
Log:  copied: "/usr/share/doc/libpulse0/copyright"
Log:  to "/home/runner/work/GoldenCheetah/GoldenCheetah/src/appdir/doc/libpulse0/copyright"
Log: Checking rpath in "/home/runner/work/GoldenCheetah/GoldenCheetah/src/appdir/lib/libpulsecommon-16.1.so"
Log: Changing rpath in "/home/runner/work/GoldenCheetah/GoldenCheetah/src/appdir/lib/libpulsecommon-16.1.so" to "$ORIGIN"
Log:  copied: "/lib/x86_64-linux-gnu/libsystemd.so.0"
Log:  to "/home/runner/work/GoldenCheetah/GoldenCheetah/src/appdir/lib//libsystemd.so.0"
Log: Checking rpath in "/home/runner/work/GoldenCheetah/GoldenCheetah/src/appdir/lib/libsystemd.so.0"
Log: Changing rpath in "/home/runner/work/GoldenCheetah/GoldenCheetah/src/appdir/lib/libsystemd.so.0" to "$ORIGIN"
Log:  copied: "/lib/x86_64-linux-gnu/libbz2.so.1.0"
Log:  to "/home/runner/work/GoldenCheetah/GoldenCheetah/src/appdir/lib//libbz2.so.1.0"
Log: Checking rpath in "/home/runner/work/GoldenCheetah/GoldenCheetah/src/appdir/lib/libbz2.so.1.0"
Log: Changing rpath in "/home/runner/work/GoldenCheetah/GoldenCheetah/src/appdir/lib/libbz2.so.1.0" to "$ORIGIN"
Log:  copied: "/lib/x86_64-linux-gnu/libpng16.so.16"
Log:  to "/home/runner/work/GoldenCheetah/GoldenCheetah/src/appdir/lib//libpng16.so.16"
Log: Checking rpath in "/home/runner/work/GoldenCheetah/GoldenCheetah/src/appdir/lib/libpng16.so.16"
Log: Changing rpath in "/home/runner/work/GoldenCheetah/GoldenCheetah/src/appdir/lib/libpng16.so.16" to "$ORIGIN"
Log:  copied: "/lib/x86_64-linux-gnu/libbrotlidec.so.1"
Log:  to "/home/runner/work/GoldenCheetah/GoldenCheetah/src/appdir/lib//libbrotlidec.so.1"
Log: Checking rpath in "/home/runner/work/GoldenCheetah/GoldenCheetah/src/appdir/lib/libbrotlidec.so.1"
Log: Changing rpath in "/home/runner/work/GoldenCheetah/GoldenCheetah/src/appdir/lib/libbrotlidec.so.1" to "$ORIGIN"
Log:  copied: "/lib/x86_64-linux-gnu/libXau.so.6"
Log:  to "/home/runner/work/GoldenCheetah/GoldenCheetah/src/appdir/lib//libXau.so.6"
Log: Checking rpath in "/home/runner/work/GoldenCheetah/GoldenCheetah/src/appdir/lib/libXau.so.6"
Log: Changing rpath in "/home/runner/work/GoldenCheetah/GoldenCheetah/src/appdir/lib/libXau.so.6" to "$ORIGIN"
Log:  copied: "/lib/x86_64-linux-gnu/libXdmcp.so.6"
Log:  to "/home/runner/work/GoldenCheetah/GoldenCheetah/src/appdir/lib//libXdmcp.so.6"
Log: Checking rpath in "/home/runner/work/GoldenCheetah/GoldenCheetah/src/appdir/lib/libXdmcp.so.6"
Log: Changing rpath in "/home/runner/work/GoldenCheetah/GoldenCheetah/src/appdir/lib/libXdmcp.so.6" to "$ORIGIN"
Log:  copied: "/lib/x86_64-linux-gnu/libpcre2-8.so.0"
Log:  to "/home/runner/work/GoldenCheetah/GoldenCheetah/src/appdir/lib//libpcre2-8.so.0"
Log: Checking rpath in "/home/runner/work/GoldenCheetah/GoldenCheetah/src/appdir/lib/libpcre2-8.so.0"
Log: Changing rpath in "/home/runner/work/GoldenCheetah/GoldenCheetah/src/appdir/lib/libpcre2-8.so.0" to "$ORIGIN"
Log:  copied: "/lib/x86_64-linux-gnu/libkrb5.so.3"
Log:  to "/home/runner/work/GoldenCheetah/GoldenCheetah/src/appdir/lib//libkrb5.so.3"
Log: Checking rpath in "/home/runner/work/GoldenCheetah/GoldenCheetah/src/appdir/lib/libkrb5.so.3"
Log: Changing rpath in "/home/runner/work/GoldenCheetah/GoldenCheetah/src/appdir/lib/libkrb5.so.3" to "$ORIGIN"
Log:  copied: "/lib/x86_64-linux-gnu/libk5crypto.so.3"
Log:  to "/home/runner/work/GoldenCheetah/GoldenCheetah/src/appdir/lib//libk5crypto.so.3"
Log: Checking rpath in "/home/runner/work/GoldenCheetah/GoldenCheetah/src/appdir/lib/libk5crypto.so.3"
Log: Changing rpath in "/home/runner/work/GoldenCheetah/GoldenCheetah/src/appdir/lib/libk5crypto.so.3" to "$ORIGIN"
Log:  copied: "/lib/x86_64-linux-gnu/libkrb5support.so.0"
Log:  to "/home/runner/work/GoldenCheetah/GoldenCheetah/src/appdir/lib//libkrb5support.so.0"
Log: Checking rpath in "/home/runner/work/GoldenCheetah/GoldenCheetah/src/appdir/lib/libkrb5support.so.0"
Log: Changing rpath in "/home/runner/work/GoldenCheetah/GoldenCheetah/src/appdir/lib/libkrb5support.so.0" to "$ORIGIN"
Log:  copied: "/lib/x86_64-linux-gnu/libsndfile.so.1"
Log:  to "/home/runner/work/GoldenCheetah/GoldenCheetah/src/appdir/lib//libsndfile.so.1"
Log: Checking rpath in "/home/runner/work/GoldenCheetah/GoldenCheetah/src/appdir/lib/libsndfile.so.1"
Log: Changing rpath in "/home/runner/work/GoldenCheetah/GoldenCheetah/src/appdir/lib/libsndfile.so.1" to "$ORIGIN"
Log:  copied: "/lib/x86_64-linux-gnu/libasyncns.so.0"
Log:  to "/home/runner/work/GoldenCheetah/GoldenCheetah/src/appdir/lib//libasyncns.so.0"
Log: Checking rpath in "/home/runner/work/GoldenCheetah/GoldenCheetah/src/appdir/lib/libasyncns.so.0"
Log: Changing rpath in "/home/runner/work/GoldenCheetah/GoldenCheetah/src/appdir/lib/libasyncns.so.0" to "$ORIGIN"
Log:  copied: "/lib/x86_64-linux-gnu/libapparmor.so.1"
Log:  to "/home/runner/work/GoldenCheetah/GoldenCheetah/src/appdir/lib//libapparmor.so.1"
Log: Checking rpath in "/home/runner/work/GoldenCheetah/GoldenCheetah/src/appdir/lib/libapparmor.so.1"
Log: Changing rpath in "/home/runner/work/GoldenCheetah/GoldenCheetah/src/appdir/lib/libapparmor.so.1" to "$ORIGIN"
Log:  copied: "/lib/x86_64-linux-gnu/libgcrypt.so.20"
Log:  to "/home/runner/work/GoldenCheetah/GoldenCheetah/src/appdir/lib//libgcrypt.so.20"
Log: Checking rpath in "/home/runner/work/GoldenCheetah/GoldenCheetah/src/appdir/lib/libgcrypt.so.20"
Log: Changing rpath in "/home/runner/work/GoldenCheetah/GoldenCheetah/src/appdir/lib/libgcrypt.so.20" to "$ORIGIN"
Log:  copied: "/lib/x86_64-linux-gnu/liblz4.so.1"
Log:  to "/home/runner/work/GoldenCheetah/GoldenCheetah/src/appdir/lib//liblz4.so.1"
Log: Checking rpath in "/home/runner/work/GoldenCheetah/GoldenCheetah/src/appdir/lib/liblz4.so.1"
Log: Changing rpath in "/home/runner/work/GoldenCheetah/GoldenCheetah/src/appdir/lib/liblz4.so.1" to "$ORIGIN"
Log:  copied: "/lib/x86_64-linux-gnu/liblzma.so.5"
Log:  to "/home/runner/work/GoldenCheetah/GoldenCheetah/src/appdir/lib//liblzma.so.5"
Log: Checking rpath in "/home/runner/work/GoldenCheetah/GoldenCheetah/src/appdir/lib/liblzma.so.5"
Log: Changing rpath in "/home/runner/work/GoldenCheetah/GoldenCheetah/src/appdir/lib/liblzma.so.5" to "$ORIGIN"
Log:  copied: "/lib/x86_64-linux-gnu/libbrotlicommon.so.1"
Log:  to "/home/runner/work/GoldenCheetah/GoldenCheetah/src/appdir/lib//libbrotlicommon.so.1"
Log: Checking rpath in "/home/runner/work/GoldenCheetah/GoldenCheetah/src/appdir/lib/libbrotlicommon.so.1"
Log: Changing rpath in "/home/runner/work/GoldenCheetah/GoldenCheetah/src/appdir/lib/libbrotlicommon.so.1" to "$ORIGIN"
Log:  copied: "/lib/x86_64-linux-gnu/libbsd.so.0"
Log:  to "/home/runner/work/GoldenCheetah/GoldenCheetah/src/appdir/lib//libbsd.so.0"
Log: Checking rpath in "/home/runner/work/GoldenCheetah/GoldenCheetah/src/appdir/lib/libbsd.so.0"
Log: Changing rpath in "/home/runner/work/GoldenCheetah/GoldenCheetah/src/appdir/lib/libbsd.so.0" to "$ORIGIN"
Log:  copied: "/lib/x86_64-linux-gnu/libkeyutils.so.1"
Log:  to "/home/runner/work/GoldenCheetah/GoldenCheetah/src/appdir/lib//libkeyutils.so.1"
Log: Checking rpath in "/home/runner/work/GoldenCheetah/GoldenCheetah/src/appdir/lib/libkeyutils.so.1"
Log: Changing rpath in "/home/runner/work/GoldenCheetah/GoldenCheetah/src/appdir/lib/libkeyutils.so.1" to "$ORIGIN"
Log:  copied: "/lib/x86_64-linux-gnu/libFLAC.so.12"
Log:  to "/home/runner/work/GoldenCheetah/GoldenCheetah/src/appdir/lib//libFLAC.so.12"
Log: Checking rpath in "/home/runner/work/GoldenCheetah/GoldenCheetah/src/appdir/lib/libFLAC.so.12"
Log: Changing rpath in "/home/runner/work/GoldenCheetah/GoldenCheetah/src/appdir/lib/libFLAC.so.12" to "$ORIGIN"
Log:  copied: "/lib/x86_64-linux-gnu/libvorbis.so.0"
Log:  to "/home/runner/work/GoldenCheetah/GoldenCheetah/src/appdir/lib//libvorbis.so.0"
Log: Checking rpath in "/home/runner/work/GoldenCheetah/GoldenCheetah/src/appdir/lib/libvorbis.so.0"
Log: Changing rpath in "/home/runner/work/GoldenCheetah/GoldenCheetah/src/appdir/lib/libvorbis.so.0" to "$ORIGIN"
Log:  copied: "/lib/x86_64-linux-gnu/libvorbisenc.so.2"
Log:  to "/home/runner/work/GoldenCheetah/GoldenCheetah/src/appdir/lib//libvorbisenc.so.2"
Log: Checking rpath in "/home/runner/work/GoldenCheetah/GoldenCheetah/src/appdir/lib/libvorbisenc.so.2"
Log: Changing rpath in "/home/runner/work/GoldenCheetah/GoldenCheetah/src/appdir/lib/libvorbisenc.so.2" to "$ORIGIN"
Log:  copied: "/lib/x86_64-linux-gnu/libopus.so.0"
Log:  to "/home/runner/work/GoldenCheetah/GoldenCheetah/src/appdir/lib//libopus.so.0"
Log: Checking rpath in "/home/runner/work/GoldenCheetah/GoldenCheetah/src/appdir/lib/libopus.so.0"
Log: Changing rpath in "/home/runner/work/GoldenCheetah/GoldenCheetah/src/appdir/lib/libopus.so.0" to "$ORIGIN"
Log:  copied: "/lib/x86_64-linux-gnu/libogg.so.0"
Log:  to "/home/runner/work/GoldenCheetah/GoldenCheetah/src/appdir/lib//libogg.so.0"
Log: Checking rpath in "/home/runner/work/GoldenCheetah/GoldenCheetah/src/appdir/lib/libogg.so.0"
Log: Changing rpath in "/home/runner/work/GoldenCheetah/GoldenCheetah/src/appdir/lib/libogg.so.0" to "$ORIGIN"
Log:  copied: "/lib/x86_64-linux-gnu/libmpg123.so.0"
Log:  to "/home/runner/work/GoldenCheetah/GoldenCheetah/src/appdir/lib//libmpg123.so.0"
Log: Checking rpath in "/home/runner/work/GoldenCheetah/GoldenCheetah/src/appdir/lib/libmpg123.so.0"
Log: Changing rpath in "/home/runner/work/GoldenCheetah/GoldenCheetah/src/appdir/lib/libmpg123.so.0" to "$ORIGIN"
Log:  copied: "/lib/x86_64-linux-gnu/libmp3lame.so.0"
Log:  to "/home/runner/work/GoldenCheetah/GoldenCheetah/src/appdir/lib//libmp3lame.so.0"
Log: Checking rpath in "/home/runner/work/GoldenCheetah/GoldenCheetah/src/appdir/lib/libmp3lame.so.0"
Log: Changing rpath in "/home/runner/work/GoldenCheetah/GoldenCheetah/src/appdir/lib/libmp3lame.so.0" to "$ORIGIN"
Log:  copied: "/lib/x86_64-linux-gnu/libmd.so.0"
Log:  to "/home/runner/work/GoldenCheetah/GoldenCheetah/src/appdir/lib//libmd.so.0"
Log: Checking rpath in "/home/runner/work/GoldenCheetah/GoldenCheetah/src/appdir/lib/libmd.so.0"
Log: Changing rpath in "/home/runner/work/GoldenCheetah/GoldenCheetah/src/appdir/lib/libmd.so.0" to "$ORIGIN"
Log: Checking rpath in "/home/runner/work/GoldenCheetah/GoldenCheetah/src/appdir/GoldenCheetah"
Log: Changing rpath in "/home/runner/work/GoldenCheetah/GoldenCheetah/src/appdir/GoldenCheetah" to "$ORIGIN/lib"
Log: Deploying plugins from "/home/runner/work/GoldenCheetah/GoldenCheetah/6.8.0/gcc_64/plugins"
Log:  copied: "/home/runner/work/GoldenCheetah/GoldenCheetah/6.8.0/gcc_64/libexec/QtWebEngineProcess"
Log:  to "/home/runner/work/GoldenCheetah/GoldenCheetah/src/appdir/libexec/QtWebEngineProcess"
Log: Created configuration file for Qt WebEngine process: "/home/runner/work/GoldenCheetah/GoldenCheetah/src/appdir/libexec/qt.conf"
Log: This file sets the prefix option to parent directory of browser process executable
Log:  copied: "/home/runner/work/GoldenCheetah/GoldenCheetah/6.8.0/gcc_64/resources/qtwebengine_resources.pak"
Log:  to "/home/runner/work/GoldenCheetah/GoldenCheetah/src/appdir/resources/qtwebengine_resources.pak"
Log:  copied: "/home/runner/work/GoldenCheetah/GoldenCheetah/6.8.0/gcc_64/resources/qtwebengine_devtools_resources.pak"
Log:  to "/home/runner/work/GoldenCheetah/GoldenCheetah/src/appdir/resources/qtwebengine_devtools_resources.pak"
Log:  copied: "/home/runner/work/GoldenCheetah/GoldenCheetah/6.8.0/gcc_64/resources/qtwebengine_resources_100p.pak"
Log:  to "/home/runner/work/GoldenCheetah/GoldenCheetah/src/appdir/resources/qtwebengine_resources_100p.pak"
Log:  copied: "/home/runner/work/GoldenCheetah/GoldenCheetah/6.8.0/gcc_64/resources/qtwebengine_resources_200p.pak"
Log:  to "/home/runner/work/GoldenCheetah/GoldenCheetah/src/appdir/resources/qtwebengine_resources_200p.pak"
Log:  copied: "/home/runner/work/GoldenCheetah/GoldenCheetah/6.8.0/gcc_64/resources/icudtl.dat"
Log:  to "/home/runner/work/GoldenCheetah/GoldenCheetah/src/appdir/resources/icudtl.dat"
Log: copy: "/home/runner/work/GoldenCheetah/GoldenCheetah/6.8.0/gcc_64/translations/qtwebengine_locales" "/home/runner/work/GoldenCheetah/GoldenCheetah/src/appdir/translations/qtwebengine_locales"
Log:  copied: "/home/runner/work/GoldenCheetah/GoldenCheetah/6.8.0/gcc_64/translations/qtwebengine_locales/am.pak"
Log:  to "/home/runner/work/GoldenCheetah/GoldenCheetah/src/appdir/translations/qtwebengine_locales/am.pak"
Log:  copied: "/home/runner/work/GoldenCheetah/GoldenCheetah/6.8.0/gcc_64/translations/qtwebengine_locales/ar.pak"
Log:  to "/home/runner/work/GoldenCheetah/GoldenCheetah/src/appdir/translations/qtwebengine_locales/ar.pak"
Log:  copied: "/home/runner/work/GoldenCheetah/GoldenCheetah/6.8.0/gcc_64/translations/qtwebengine_locales/bg.pak"
Log:  to "/home/runner/work/GoldenCheetah/GoldenCheetah/src/appdir/translations/qtwebengine_locales/bg.pak"
Log:  copied: "/home/runner/work/GoldenCheetah/GoldenCheetah/6.8.0/gcc_64/translations/qtwebengine_locales/bn.pak"
Log:  to "/home/runner/work/GoldenCheetah/GoldenCheetah/src/appdir/translations/qtwebengine_locales/bn.pak"
Log:  copied: "/home/runner/work/GoldenCheetah/GoldenCheetah/6.8.0/gcc_64/translations/qtwebengine_locales/ca.pak"
Log:  to "/home/runner/work/GoldenCheetah/GoldenCheetah/src/appdir/translations/qtwebengine_locales/ca.pak"
Log:  copied: "/home/runner/work/GoldenCheetah/GoldenCheetah/6.8.0/gcc_64/translations/qtwebengine_locales/cs.pak"
Log:  to "/home/runner/work/GoldenCheetah/GoldenCheetah/src/appdir/translations/qtwebengine_locales/cs.pak"
Log:  copied: "/home/runner/work/GoldenCheetah/GoldenCheetah/6.8.0/gcc_64/translations/qtwebengine_locales/da.pak"
Log:  to "/home/runner/work/GoldenCheetah/GoldenCheetah/src/appdir/translations/qtwebengine_locales/da.pak"
Log:  copied: "/home/runner/work/GoldenCheetah/GoldenCheetah/6.8.0/gcc_64/translations/qtwebengine_locales/de.pak"
Log:  to "/home/runner/work/GoldenCheetah/GoldenCheetah/src/appdir/translations/qtwebengine_locales/de.pak"
Log:  copied: "/home/runner/work/GoldenCheetah/GoldenCheetah/6.8.0/gcc_64/translations/qtwebengine_locales/el.pak"
Log:  to "/home/runner/work/GoldenCheetah/GoldenCheetah/src/appdir/translations/qtwebengine_locales/el.pak"
Log:  copied: "/home/runner/work/GoldenCheetah/GoldenCheetah/6.8.0/gcc_64/translations/qtwebengine_locales/en-GB.pak"
Log:  to "/home/runner/work/GoldenCheetah/GoldenCheetah/src/appdir/translations/qtwebengine_locales/en-GB.pak"
Log:  copied: "/home/runner/work/GoldenCheetah/GoldenCheetah/6.8.0/gcc_64/translations/qtwebengine_locales/en-US.pak"
Log:  to "/home/runner/work/GoldenCheetah/GoldenCheetah/src/appdir/translations/qtwebengine_locales/en-US.pak"
Log:  copied: "/home/runner/work/GoldenCheetah/GoldenCheetah/6.8.0/gcc_64/translations/qtwebengine_locales/es-419.pak"
Log:  to "/home/runner/work/GoldenCheetah/GoldenCheetah/src/appdir/translations/qtwebengine_locales/es-419.pak"
Log:  copied: "/home/runner/work/GoldenCheetah/GoldenCheetah/6.8.0/gcc_64/translations/qtwebengine_locales/es.pak"
Log:  to "/home/runner/work/GoldenCheetah/GoldenCheetah/src/appdir/translations/qtwebengine_locales/es.pak"
Log:  copied: "/home/runner/work/GoldenCheetah/GoldenCheetah/6.8.0/gcc_64/translations/qtwebengine_locales/et.pak"
Log:  to "/home/runner/work/GoldenCheetah/GoldenCheetah/src/appdir/translations/qtwebengine_locales/et.pak"
Log:  copied: "/home/runner/work/GoldenCheetah/GoldenCheetah/6.8.0/gcc_64/translations/qtwebengine_locales/fa.pak"
Log:  to "/home/runner/work/GoldenCheetah/GoldenCheetah/src/appdir/translations/qtwebengine_locales/fa.pak"
Log:  copied: "/home/runner/work/GoldenCheetah/GoldenCheetah/6.8.0/gcc_64/translations/qtwebengine_locales/fi.pak"
Log:  to "/home/runner/work/GoldenCheetah/GoldenCheetah/src/appdir/translations/qtwebengine_locales/fi.pak"
Log:  copied: "/home/runner/work/GoldenCheetah/GoldenCheetah/6.8.0/gcc_64/translations/qtwebengine_locales/fil.pak"
Log:  to "/home/runner/work/GoldenCheetah/GoldenCheetah/src/appdir/translations/qtwebengine_locales/fil.pak"
Log:  copied: "/home/runner/work/GoldenCheetah/GoldenCheetah/6.8.0/gcc_64/translations/qtwebengine_locales/fr.pak"
Log:  to "/home/runner/work/GoldenCheetah/GoldenCheetah/src/appdir/translations/qtwebengine_locales/fr.pak"
Log:  copied: "/home/runner/work/GoldenCheetah/GoldenCheetah/6.8.0/gcc_64/translations/qtwebengine_locales/gu.pak"
Log:  to "/home/runner/work/GoldenCheetah/GoldenCheetah/src/appdir/translations/qtwebengine_locales/gu.pak"
Log:  copied: "/home/runner/work/GoldenCheetah/GoldenCheetah/6.8.0/gcc_64/translations/qtwebengine_locales/he.pak"
Log:  to "/home/runner/work/GoldenCheetah/GoldenCheetah/src/appdir/translations/qtwebengine_locales/he.pak"
Log:  copied: "/home/runner/work/GoldenCheetah/GoldenCheetah/6.8.0/gcc_64/translations/qtwebengine_locales/hi.pak"
Log:  to "/home/runner/work/GoldenCheetah/GoldenCheetah/src/appdir/translations/qtwebengine_locales/hi.pak"
Log:  copied: "/home/runner/work/GoldenCheetah/GoldenCheetah/6.8.0/gcc_64/translations/qtwebengine_locales/hr.pak"
Log:  to "/home/runner/work/GoldenCheetah/GoldenCheetah/src/appdir/translations/qtwebengine_locales/hr.pak"
Log:  copied: "/home/runner/work/GoldenCheetah/GoldenCheetah/6.8.0/gcc_64/translations/qtwebengine_locales/hu.pak"
Log:  to "/home/runner/work/GoldenCheetah/GoldenCheetah/src/appdir/translations/qtwebengine_locales/hu.pak"
Log:  copied: "/home/runner/work/GoldenCheetah/GoldenCheetah/6.8.0/gcc_64/translations/qtwebengine_locales/id.pak"
Log:  to "/home/runner/work/GoldenCheetah/GoldenCheetah/src/appdir/translations/qtwebengine_locales/id.pak"
Log:  copied: "/home/runner/work/GoldenCheetah/GoldenCheetah/6.8.0/gcc_64/translations/qtwebengine_locales/it.pak"
Log:  to "/home/runner/work/GoldenCheetah/GoldenCheetah/src/appdir/translations/qtwebengine_locales/it.pak"
Log:  copied: "/home/runner/work/GoldenCheetah/GoldenCheetah/6.8.0/gcc_64/translations/qtwebengine_locales/ja.pak"
Log:  to "/home/runner/work/GoldenCheetah/GoldenCheetah/src/appdir/translations/qtwebengine_locales/ja.pak"
Log:  copied: "/home/runner/work/GoldenCheetah/GoldenCheetah/6.8.0/gcc_64/translations/qtwebengine_locales/kn.pak"
Log:  to "/home/runner/work/GoldenCheetah/GoldenCheetah/src/appdir/translations/qtwebengine_locales/kn.pak"
Log:  copied: "/home/runner/work/GoldenCheetah/GoldenCheetah/6.8.0/gcc_64/translations/qtwebengine_locales/ko.pak"
Log:  to "/home/runner/work/GoldenCheetah/GoldenCheetah/src/appdir/translations/qtwebengine_locales/ko.pak"
Log:  copied: "/home/runner/work/GoldenCheetah/GoldenCheetah/6.8.0/gcc_64/translations/qtwebengine_locales/lt.pak"
Log:  to "/home/runner/work/GoldenCheetah/GoldenCheetah/src/appdir/translations/qtwebengine_locales/lt.pak"
Log:  copied: "/home/runner/work/GoldenCheetah/GoldenCheetah/6.8.0/gcc_64/translations/qtwebengine_locales/lv.pak"
Log:  to "/home/runner/work/GoldenCheetah/GoldenCheetah/src/appdir/translations/qtwebengine_locales/lv.pak"
Log:  copied: "/home/runner/work/GoldenCheetah/GoldenCheetah/6.8.0/gcc_64/translations/qtwebengine_locales/ml.pak"
Log:  to "/home/runner/work/GoldenCheetah/GoldenCheetah/src/appdir/translations/qtwebengine_locales/ml.pak"
Log:  copied: "/home/runner/work/GoldenCheetah/GoldenCheetah/6.8.0/gcc_64/translations/qtwebengine_locales/mr.pak"
Log:  to "/home/runner/work/GoldenCheetah/GoldenCheetah/src/appdir/translations/qtwebengine_locales/mr.pak"
Log:  copied: "/home/runner/work/GoldenCheetah/GoldenCheetah/6.8.0/gcc_64/translations/qtwebengine_locales/ms.pak"
Log:  to "/home/runner/work/GoldenCheetah/GoldenCheetah/src/appdir/translations/qtwebengine_locales/ms.pak"
Log:  copied: "/home/runner/work/GoldenCheetah/GoldenCheetah/6.8.0/gcc_64/translations/qtwebengine_locales/nb.pak"
Log:  to "/home/runner/work/GoldenCheetah/GoldenCheetah/src/appdir/translations/qtwebengine_locales/nb.pak"
Log:  copied: "/home/runner/work/GoldenCheetah/GoldenCheetah/6.8.0/gcc_64/translations/qtwebengine_locales/nl.pak"
Log:  to "/home/runner/work/GoldenCheetah/GoldenCheetah/src/appdir/translations/qtwebengine_locales/nl.pak"
Log:  copied: "/home/runner/work/GoldenCheetah/GoldenCheetah/6.8.0/gcc_64/translations/qtwebengine_locales/pl.pak"
Log:  to "/home/runner/work/GoldenCheetah/GoldenCheetah/src/appdir/translations/qtwebengine_locales/pl.pak"
Log:  copied: "/home/runner/work/GoldenCheetah/GoldenCheetah/6.8.0/gcc_64/translations/qtwebengine_locales/pt-BR.pak"
Log:  to "/home/runner/work/GoldenCheetah/GoldenCheetah/src/appdir/translations/qtwebengine_locales/pt-BR.pak"
Log:  copied: "/home/runner/work/GoldenCheetah/GoldenCheetah/6.8.0/gcc_64/translations/qtwebengine_locales/pt-PT.pak"
Log:  to "/home/runner/work/GoldenCheetah/GoldenCheetah/src/appdir/translations/qtwebengine_locales/pt-PT.pak"
Log:  copied: "/home/runner/work/GoldenCheetah/GoldenCheetah/6.8.0/gcc_64/translations/qtwebengine_locales/ro.pak"
Log:  to "/home/runner/work/GoldenCheetah/GoldenCheetah/src/appdir/translations/qtwebengine_locales/ro.pak"
Log:  copied: "/home/runner/work/GoldenCheetah/GoldenCheetah/6.8.0/gcc_64/translations/qtwebengine_locales/ru.pak"
Log:  to "/home/runner/work/GoldenCheetah/GoldenCheetah/src/appdir/translations/qtwebengine_locales/ru.pak"
Log:  copied: "/home/runner/work/GoldenCheetah/GoldenCheetah/6.8.0/gcc_64/translations/qtwebengine_locales/sk.pak"
Log:  to "/home/runner/work/GoldenCheetah/GoldenCheetah/src/appdir/translations/qtwebengine_locales/sk.pak"
Log:  copied: "/home/runner/work/GoldenCheetah/GoldenCheetah/6.8.0/gcc_64/translations/qtwebengine_locales/sl.pak"
Log:  to "/home/runner/work/GoldenCheetah/GoldenCheetah/src/appdir/translations/qtwebengine_locales/sl.pak"
Log:  copied: "/home/runner/work/GoldenCheetah/GoldenCheetah/6.8.0/gcc_64/translations/qtwebengine_locales/sr.pak"
Log:  to "/home/runner/work/GoldenCheetah/GoldenCheetah/src/appdir/translations/qtwebengine_locales/sr.pak"
Log:  copied: "/home/runner/work/GoldenCheetah/GoldenCheetah/6.8.0/gcc_64/translations/qtwebengine_locales/sv.pak"
Log:  to "/home/runner/work/GoldenCheetah/GoldenCheetah/src/appdir/translations/qtwebengine_locales/sv.pak"
Log:  copied: "/home/runner/work/GoldenCheetah/GoldenCheetah/6.8.0/gcc_64/translations/qtwebengine_locales/sw.pak"
Log:  to "/home/runner/work/GoldenCheetah/GoldenCheetah/src/appdir/translations/qtwebengine_locales/sw.pak"
Log:  copied: "/home/runner/work/GoldenCheetah/GoldenCheetah/6.8.0/gcc_64/translations/qtwebengine_locales/ta.pak"
Log:  to "/home/runner/work/GoldenCheetah/GoldenCheetah/src/appdir/translations/qtwebengine_locales/ta.pak"
Log:  copied: "/home/runner/work/GoldenCheetah/GoldenCheetah/6.8.0/gcc_64/translations/qtwebengine_locales/te.pak"
Log:  to "/home/runner/work/GoldenCheetah/GoldenCheetah/src/appdir/translations/qtwebengine_locales/te.pak"
Log:  copied: "/home/runner/work/GoldenCheetah/GoldenCheetah/6.8.0/gcc_64/translations/qtwebengine_locales/th.pak"
Log:  to "/home/runner/work/GoldenCheetah/GoldenCheetah/src/appdir/translations/qtwebengine_locales/th.pak"
Log:  copied: "/home/runner/work/GoldenCheetah/GoldenCheetah/6.8.0/gcc_64/translations/qtwebengine_locales/tr.pak"
Log:  to "/home/runner/work/GoldenCheetah/GoldenCheetah/src/appdir/translations/qtwebengine_locales/tr.pak"
Log:  copied: "/home/runner/work/GoldenCheetah/GoldenCheetah/6.8.0/gcc_64/translations/qtwebengine_locales/uk.pak"
Log:  to "/home/runner/work/GoldenCheetah/GoldenCheetah/src/appdir/translations/qtwebengine_locales/uk.pak"
Log:  copied: "/home/runner/work/GoldenCheetah/GoldenCheetah/6.8.0/gcc_64/translations/qtwebengine_locales/vi.pak"
Log:  to "/home/runner/work/GoldenCheetah/GoldenCheetah/src/appdir/translations/qtwebengine_locales/vi.pak"
Log:  copied: "/home/runner/work/GoldenCheetah/GoldenCheetah/6.8.0/gcc_64/translations/qtwebengine_locales/zh-CN.pak"
Log:  to "/home/runner/work/GoldenCheetah/GoldenCheetah/src/appdir/translations/qtwebengine_locales/zh-CN.pak"
Log:  copied: "/home/runner/work/GoldenCheetah/GoldenCheetah/6.8.0/gcc_64/translations/qtwebengine_locales/zh-TW.pak"
Log:  to "/home/runner/work/GoldenCheetah/GoldenCheetah/src/appdir/translations/qtwebengine_locales/zh-TW.pak"
Log: Deploying extra plugins.
Log: pluginList after having detected hopefully all required plugins: QList("platforms/libqxcb.so", "platforminputcontexts/libcomposeplatforminputcontextplugin.so", "platforminputcontexts/libibusplatforminputcontextplugin.so", "iconengines/libqsvgicon.so", "imageformats/libqgif.so", "imageformats/libqico.so", "imageformats/libqjpeg.so", "imageformats/libqsvg.so", "xcbglintegrations/libqxcb-egl-integration.so", "xcbglintegrations/libqxcb-glx-integration.so", "iconengines/libqsvgicon.so", "printsupport/libcupsprintersupport.so", "networkinformation/libqglib.so", "networkinformation/libqnetworkmanager.so", "tls/libqcertonlybackend.so", "tls/libqopensslbackend.so", "sqldrivers/libqsqlite.so", "sqldrivers/libqsqlmimer.so", "sqldrivers/libqsqlmysql.so", "sqldrivers/libqsqlodbc.so", "sqldrivers/libqsqlpsql.so", "position/libqtposition_geoclue2.so", "position/libqtposition_nmea.so", "position/libqtposition_positionpoll.so", "multimedia/libffmpegmediaplugin.so", "multimedia/libgstreamermediaplugin.so", "qmltooling/libqmldbg_debugger.so", "qmltooling/libqmldbg_inspector.so", "qmltooling/libqmldbg_local.so", "qmltooling/libqmldbg_messages.so", "qmltooling/libqmldbg_native.so", "qmltooling/libqmldbg_nativedebugger.so", "qmltooling/libqmldbg_preview.so", "qmltooling/libqmldbg_profiler.so", "qmltooling/libqmldbg_quickprofiler.so", "qmltooling/libqmldbg_server.so", "qmltooling/libqmldbg_tcp.so", "geoservices/libqtgeoservices_itemsoverlay.so", "geoservices/libqtgeoservices_osm.so")
Log:  copied: "/home/runner/work/GoldenCheetah/GoldenCheetah/6.8.0/gcc_64/plugins/platforms/libqxcb.so"
Log:  to "/home/runner/work/GoldenCheetah/GoldenCheetah/src/appdir/plugins/platforms/libqxcb.so"
Log: Deploying the following libraries: QList("/home/runner/work/GoldenCheetah/GoldenCheetah/src/appdir/plugins/platforms/libqxcb.so")
Log:  copied: "/home/runner/work/GoldenCheetah/GoldenCheetah/6.8.0/gcc_64/lib/libQt6XcbQpa.so.6"
Log:  to "/home/runner/work/GoldenCheetah/GoldenCheetah/src/appdir/lib//libQt6XcbQpa.so.6"
Log: Checking rpath in "/home/runner/work/GoldenCheetah/GoldenCheetah/src/appdir/lib/libQt6XcbQpa.so.6"
Log: Changing rpath in "/home/runner/work/GoldenCheetah/GoldenCheetah/src/appdir/lib/libQt6XcbQpa.so.6" to "$ORIGIN"
Log: "libQt6Gui.so.6" already at target location
Log: Checking rpath in "/home/runner/work/GoldenCheetah/GoldenCheetah/src/appdir/lib/libQt6Gui.so.6"
Log: Changing rpath in "/home/runner/work/GoldenCheetah/GoldenCheetah/src/appdir/lib/libQt6Gui.so.6" to "$ORIGIN"
Log: Setting deploymentInfo.qtPath to: "/home/runner/work/GoldenCheetah/GoldenCheetah/src/appdir/lib/"
Log: "libQt6Core.so.6" already at target location
Log: Checking rpath in "/home/runner/work/GoldenCheetah/GoldenCheetah/src/appdir/lib/libQt6Core.so.6"
Log: Changing rpath in "/home/runner/work/GoldenCheetah/GoldenCheetah/src/appdir/lib/libQt6Core.so.6" to "$ORIGIN"
Log: "libxkbcommon.so.0" already at target location
Log: Checking rpath in "/home/runner/work/GoldenCheetah/GoldenCheetah/src/appdir/lib/libxkbcommon.so.0"
Log: Changing rpath in "/home/runner/work/GoldenCheetah/GoldenCheetah/src/appdir/lib/libxkbcommon.so.0" to "$ORIGIN"
Log:  copied: "/lib/x86_64-linux-gnu/libxkbcommon-x11.so.0"
Log:  to "/home/runner/work/GoldenCheetah/GoldenCheetah/src/appdir/lib//libxkbcommon-x11.so.0"
Log: Checking rpath in "/home/runner/work/GoldenCheetah/GoldenCheetah/src/appdir/lib/libxkbcommon-x11.so.0"
Log: Changing rpath in "/home/runner/work/GoldenCheetah/GoldenCheetah/src/appdir/lib/libxkbcommon-x11.so.0" to "$ORIGIN"
Log:  copied: "/lib/x86_64-linux-gnu/libxcb-cursor.so.0"
Log:  to "/home/runner/work/GoldenCheetah/GoldenCheetah/src/appdir/lib//libxcb-cursor.so.0"
Log: Checking rpath in "/home/runner/work/GoldenCheetah/GoldenCheetah/src/appdir/lib/libxcb-cursor.so.0"
Log: Changing rpath in "/home/runner/work/GoldenCheetah/GoldenCheetah/src/appdir/lib/libxcb-cursor.so.0" to "$ORIGIN"
Log:  copied: "/lib/x86_64-linux-gnu/libxcb-icccm.so.4"
Log:  to "/home/runner/work/GoldenCheetah/GoldenCheetah/src/appdir/lib//libxcb-icccm.so.4"
Log: Checking rpath in "/home/runner/work/GoldenCheetah/GoldenCheetah/src/appdir/lib/libxcb-icccm.so.4"
Log: Changing rpath in "/home/runner/work/GoldenCheetah/GoldenCheetah/src/appdir/lib/libxcb-icccm.so.4" to "$ORIGIN"
Log:  copied: "/lib/x86_64-linux-gnu/libxcb-image.so.0"
Log:  to "/home/runner/work/GoldenCheetah/GoldenCheetah/src/appdir/lib//libxcb-image.so.0"
Log: Checking rpath in "/home/runner/work/GoldenCheetah/GoldenCheetah/src/appdir/lib/libxcb-image.so.0"
Log: Changing rpath in "/home/runner/work/GoldenCheetah/GoldenCheetah/src/appdir/lib/libxcb-image.so.0" to "$ORIGIN"
Log:  copied: "/lib/x86_64-linux-gnu/libxcb-keysyms.so.1"
Log:  to "/home/runner/work/GoldenCheetah/GoldenCheetah/src/appdir/lib//libxcb-keysyms.so.1"
Log: Checking rpath in "/home/runner/work/GoldenCheetah/GoldenCheetah/src/appdir/lib/libxcb-keysyms.so.1"
Log: Changing rpath in "/home/runner/work/GoldenCheetah/GoldenCheetah/src/appdir/lib/libxcb-keysyms.so.1" to "$ORIGIN"
Log:  copied: "/lib/x86_64-linux-gnu/libxcb-randr.so.0"
Log:  to "/home/runner/work/GoldenCheetah/GoldenCheetah/src/appdir/lib//libxcb-randr.so.0"
Log: Checking rpath in "/home/runner/work/GoldenCheetah/GoldenCheetah/src/appdir/lib/libxcb-randr.so.0"
Log: Changing rpath in "/home/runner/work/GoldenCheetah/GoldenCheetah/src/appdir/lib/libxcb-randr.so.0" to "$ORIGIN"
Log:  copied: "/lib/x86_64-linux-gnu/libxcb-render-util.so.0"
Log:  to "/home/runner/work/GoldenCheetah/GoldenCheetah/src/appdir/lib//libxcb-render-util.so.0"
Log: Checking rpath in "/home/runner/work/GoldenCheetah/GoldenCheetah/src/appdir/lib/libxcb-render-util.so.0"
Log: Changing rpath in "/home/runner/work/GoldenCheetah/GoldenCheetah/src/appdir/lib/libxcb-render-util.so.0" to "$ORIGIN"
Log:  copied: "/lib/x86_64-linux-gnu/libxcb-shm.so.0"
Log:  to "/home/runner/work/GoldenCheetah/GoldenCheetah/src/appdir/lib//libxcb-shm.so.0"
Log: Checking rpath in "/home/runner/work/GoldenCheetah/GoldenCheetah/src/appdir/lib/libxcb-shm.so.0"
Log: Changing rpath in "/home/runner/work/GoldenCheetah/GoldenCheetah/src/appdir/lib/libxcb-shm.so.0" to "$ORIGIN"
Log:  copied: "/lib/x86_64-linux-gnu/libxcb-sync.so.1"
Log:  to "/home/runner/work/GoldenCheetah/GoldenCheetah/src/appdir/lib//libxcb-sync.so.1"
Log: Checking rpath in "/home/runner/work/GoldenCheetah/GoldenCheetah/src/appdir/lib/libxcb-sync.so.1"
Log: Changing rpath in "/home/runner/work/GoldenCheetah/GoldenCheetah/src/appdir/lib/libxcb-sync.so.1" to "$ORIGIN"
Log:  copied: "/lib/x86_64-linux-gnu/libxcb-xfixes.so.0"
Log:  to "/home/runner/work/GoldenCheetah/GoldenCheetah/src/appdir/lib//libxcb-xfixes.so.0"
Log: Checking rpath in "/home/runner/work/GoldenCheetah/GoldenCheetah/src/appdir/lib/libxcb-xfixes.so.0"
Log: Changing rpath in "/home/runner/work/GoldenCheetah/GoldenCheetah/src/appdir/lib/libxcb-xfixes.so.0" to "$ORIGIN"
Log:  copied: "/lib/x86_64-linux-gnu/libxcb-render.so.0"
Log:  to "/home/runner/work/GoldenCheetah/GoldenCheetah/src/appdir/lib//libxcb-render.so.0"
Log: Checking rpath in "/home/runner/work/GoldenCheetah/GoldenCheetah/src/appdir/lib/libxcb-render.so.0"
Log: Changing rpath in "/home/runner/work/GoldenCheetah/GoldenCheetah/src/appdir/lib/libxcb-render.so.0" to "$ORIGIN"
Log:  copied: "/lib/x86_64-linux-gnu/libxcb-shape.so.0"
Log:  to "/home/runner/work/GoldenCheetah/GoldenCheetah/src/appdir/lib//libxcb-shape.so.0"
Log: Checking rpath in "/home/runner/work/GoldenCheetah/GoldenCheetah/src/appdir/lib/libxcb-shape.so.0"
Log: Changing rpath in "/home/runner/work/GoldenCheetah/GoldenCheetah/src/appdir/lib/libxcb-shape.so.0" to "$ORIGIN"
Log:  copied: "/lib/x86_64-linux-gnu/libxcb-xkb.so.1"
Log:  to "/home/runner/work/GoldenCheetah/GoldenCheetah/src/appdir/lib//libxcb-xkb.so.1"
Log: Checking rpath in "/home/runner/work/GoldenCheetah/GoldenCheetah/src/appdir/lib/libxcb-xkb.so.1"
Log: Changing rpath in "/home/runner/work/GoldenCheetah/GoldenCheetah/src/appdir/lib/libxcb-xkb.so.1" to "$ORIGIN"
Log: "libglib-2.0.so.0" already at target location
Log: Checking rpath in "/home/runner/work/GoldenCheetah/GoldenCheetah/src/appdir/lib/libglib-2.0.so.0"
Log: Changing rpath in "/home/runner/work/GoldenCheetah/GoldenCheetah/src/appdir/lib/libglib-2.0.so.0" to "$ORIGIN"
Log: "libgthread-2.0.so.0" already at target location
Log: Checking rpath in "/home/runner/work/GoldenCheetah/GoldenCheetah/src/appdir/lib/libgthread-2.0.so.0"
Log: Changing rpath in "/home/runner/work/GoldenCheetah/GoldenCheetah/src/appdir/lib/libgthread-2.0.so.0" to "$ORIGIN"
Log: "libQt6DBus.so.6" already at target location
Log: Checking rpath in "/home/runner/work/GoldenCheetah/GoldenCheetah/src/appdir/lib/libQt6DBus.so.6"
Log: Changing rpath in "/home/runner/work/GoldenCheetah/GoldenCheetah/src/appdir/lib/libQt6DBus.so.6" to "$ORIGIN"
Log: "libicui18n.so.73" already at target location
Log: Checking rpath in "/home/runner/work/GoldenCheetah/GoldenCheetah/src/appdir/lib/libicui18n.so.73"
Log: Changing rpath in "/home/runner/work/GoldenCheetah/GoldenCheetah/src/appdir/lib/libicui18n.so.73" to "$ORIGIN"
Log: "libicuuc.so.73" already at target location
Log: Checking rpath in "/home/runner/work/GoldenCheetah/GoldenCheetah/src/appdir/lib/libicuuc.so.73"
Log: Changing rpath in "/home/runner/work/GoldenCheetah/GoldenCheetah/src/appdir/lib/libicuuc.so.73" to "$ORIGIN"
Log: "libicudata.so.73" already at target location
Log: Checking rpath in "/home/runner/work/GoldenCheetah/GoldenCheetah/src/appdir/lib/libicudata.so.73"
Log: Changing rpath in "/home/runner/work/GoldenCheetah/GoldenCheetah/src/appdir/lib/libicudata.so.73" to "$ORIGIN"
Log: "libzstd.so.1" already at target location
Log: Checking rpath in "/home/runner/work/GoldenCheetah/GoldenCheetah/src/appdir/lib/libzstd.so.1"
Log: Changing rpath in "/home/runner/work/GoldenCheetah/GoldenCheetah/src/appdir/lib/libzstd.so.1" to "$ORIGIN"
Log:  copied: "/lib/x86_64-linux-gnu/libxcb-util.so.1"
Log:  to "/home/runner/work/GoldenCheetah/GoldenCheetah/src/appdir/lib//libxcb-util.so.1"
Log: Checking rpath in "/home/runner/work/GoldenCheetah/GoldenCheetah/src/appdir/lib/libxcb-util.so.1"
Log: Changing rpath in "/home/runner/work/GoldenCheetah/GoldenCheetah/src/appdir/lib/libxcb-util.so.1" to "$ORIGIN"
Log: "libXau.so.6" already at target location
Log: Checking rpath in "/home/runner/work/GoldenCheetah/GoldenCheetah/src/appdir/lib/libXau.so.6"
Log: Changing rpath in "/home/runner/work/GoldenCheetah/GoldenCheetah/src/appdir/lib/libXau.so.6" to "$ORIGIN"
Log: "libXdmcp.so.6" already at target location
Log: Checking rpath in "/home/runner/work/GoldenCheetah/GoldenCheetah/src/appdir/lib/libXdmcp.so.6"
Log: Changing rpath in "/home/runner/work/GoldenCheetah/GoldenCheetah/src/appdir/lib/libXdmcp.so.6" to "$ORIGIN"
Log: "libpcre2-8.so.0" already at target location
Log: Checking rpath in "/home/runner/work/GoldenCheetah/GoldenCheetah/src/appdir/lib/libpcre2-8.so.0"
Log: Changing rpath in "/home/runner/work/GoldenCheetah/GoldenCheetah/src/appdir/lib/libpcre2-8.so.0" to "$ORIGIN"
Log: "libdbus-1.so.3" already at target location
Log: Checking rpath in "/home/runner/work/GoldenCheetah/GoldenCheetah/src/appdir/lib/libdbus-1.so.3"
Log: Changing rpath in "/home/runner/work/GoldenCheetah/GoldenCheetah/src/appdir/lib/libdbus-1.so.3" to "$ORIGIN"
Log: "libbz2.so.1.0" already at target location
Log: Checking rpath in "/home/runner/work/GoldenCheetah/GoldenCheetah/src/appdir/lib/libbz2.so.1.0"
Log: Changing rpath in "/home/runner/work/GoldenCheetah/GoldenCheetah/src/appdir/lib/libbz2.so.1.0" to "$ORIGIN"
Log: "libpng16.so.16" already at target location
Log: Checking rpath in "/home/runner/work/GoldenCheetah/GoldenCheetah/src/appdir/lib/libpng16.so.16"
Log: Changing rpath in "/home/runner/work/GoldenCheetah/GoldenCheetah/src/appdir/lib/libpng16.so.16" to "$ORIGIN"
Log: "libbrotlidec.so.1" already at target location
Log: Checking rpath in "/home/runner/work/GoldenCheetah/GoldenCheetah/src/appdir/lib/libbrotlidec.so.1"
Log: Changing rpath in "/home/runner/work/GoldenCheetah/GoldenCheetah/src/appdir/lib/libbrotlidec.so.1" to "$ORIGIN"
Log: "libbsd.so.0" already at target location
Log: Checking rpath in "/home/runner/work/GoldenCheetah/GoldenCheetah/src/appdir/lib/libbsd.so.0"
Log: Changing rpath in "/home/runner/work/GoldenCheetah/GoldenCheetah/src/appdir/lib/libbsd.so.0" to "$ORIGIN"
Log: "libsystemd.so.0" already at target location
Log: Checking rpath in "/home/runner/work/GoldenCheetah/GoldenCheetah/src/appdir/lib/libsystemd.so.0"
Log: Changing rpath in "/home/runner/work/GoldenCheetah/GoldenCheetah/src/appdir/lib/libsystemd.so.0" to "$ORIGIN"
Log: "libbrotlicommon.so.1" already at target location
Log: Checking rpath in "/home/runner/work/GoldenCheetah/GoldenCheetah/src/appdir/lib/libbrotlicommon.so.1"
Log: Changing rpath in "/home/runner/work/GoldenCheetah/GoldenCheetah/src/appdir/lib/libbrotlicommon.so.1" to "$ORIGIN"
Log: "libmd.so.0" already at target location
Log: Checking rpath in "/home/runner/work/GoldenCheetah/GoldenCheetah/src/appdir/lib/libmd.so.0"
Log: Changing rpath in "/home/runner/work/GoldenCheetah/GoldenCheetah/src/appdir/lib/libmd.so.0" to "$ORIGIN"
Log: "libcap.so.2" already at target location
Log: Checking rpath in "/home/runner/work/GoldenCheetah/GoldenCheetah/src/appdir/lib/libcap.so.2"
Log: Changing rpath in "/home/runner/work/GoldenCheetah/GoldenCheetah/src/appdir/lib/libcap.so.2" to "$ORIGIN"
Log: "libgcrypt.so.20" already at target location
Log: Checking rpath in "/home/runner/work/GoldenCheetah/GoldenCheetah/src/appdir/lib/libgcrypt.so.20"
Log: Changing rpath in "/home/runner/work/GoldenCheetah/GoldenCheetah/src/appdir/lib/libgcrypt.so.20" to "$ORIGIN"
Log: "liblz4.so.1" already at target location
Log: Checking rpath in "/home/runner/work/GoldenCheetah/GoldenCheetah/src/appdir/lib/liblz4.so.1"
Log: Changing rpath in "/home/runner/work/GoldenCheetah/GoldenCheetah/src/appdir/lib/liblz4.so.1" to "$ORIGIN"
Log: "liblzma.so.5" already at target location
Log: Checking rpath in "/home/runner/work/GoldenCheetah/GoldenCheetah/src/appdir/lib/liblzma.so.5"
Log: Changing rpath in "/home/runner/work/GoldenCheetah/GoldenCheetah/src/appdir/lib/liblzma.so.5" to "$ORIGIN"
Log: Checking rpath in "/home/runner/work/GoldenCheetah/GoldenCheetah/src/appdir/plugins/platforms/libqxcb.so"
Log: Changing rpath in "/home/runner/work/GoldenCheetah/GoldenCheetah/src/appdir/plugins/platforms/libqxcb.so" to "$ORIGIN/../../lib"
Log:  copied: "/home/runner/work/GoldenCheetah/GoldenCheetah/6.8.0/gcc_64/plugins/platforminputcontexts/libcomposeplatforminputcontextplugin.so"
Log:  to "/home/runner/work/GoldenCheetah/GoldenCheetah/src/appdir/plugins/platforminputcontexts/libcomposeplatforminputcontextplugin.so"
Log: Deploying the following libraries: QList("/home/runner/work/GoldenCheetah/GoldenCheetah/src/appdir/plugins/platforminputcontexts/libcomposeplatforminputcontextplugin.so")
Log: "libxkbcommon.so.0" already at target location
Log: Checking rpath in "/home/runner/work/GoldenCheetah/GoldenCheetah/src/appdir/lib/libxkbcommon.so.0"
Log: Changing rpath in "/home/runner/work/GoldenCheetah/GoldenCheetah/src/appdir/lib/libxkbcommon.so.0" to "$ORIGIN"
Log: "libQt6Gui.so.6" already at target location
Log: Checking rpath in "/home/runner/work/GoldenCheetah/GoldenCheetah/src/appdir/lib/libQt6Gui.so.6"
Log: Changing rpath in "/home/runner/work/GoldenCheetah/GoldenCheetah/src/appdir/lib/libQt6Gui.so.6" to "$ORIGIN"
Log: Setting deploymentInfo.qtPath to: "/home/runner/work/GoldenCheetah/GoldenCheetah/src/appdir/lib/"
Log: "libQt6Core.so.6" already at target location
Log: Checking rpath in "/home/runner/work/GoldenCheetah/GoldenCheetah/src/appdir/lib/libQt6Core.so.6"
Log: Changing rpath in "/home/runner/work/GoldenCheetah/GoldenCheetah/src/appdir/lib/libQt6Core.so.6" to "$ORIGIN"
Log: "libglib-2.0.so.0" already at target location
Log: Checking rpath in "/home/runner/work/GoldenCheetah/GoldenCheetah/src/appdir/lib/libglib-2.0.so.0"
Log: Changing rpath in "/home/runner/work/GoldenCheetah/GoldenCheetah/src/appdir/lib/libglib-2.0.so.0" to "$ORIGIN"
Log: "libQt6DBus.so.6" already at target location
Log: Checking rpath in "/home/runner/work/GoldenCheetah/GoldenCheetah/src/appdir/lib/libQt6DBus.so.6"
Log: Changing rpath in "/home/runner/work/GoldenCheetah/GoldenCheetah/src/appdir/lib/libQt6DBus.so.6" to "$ORIGIN"
Log: "libgthread-2.0.so.0" already at target location
Log: Checking rpath in "/home/runner/work/GoldenCheetah/GoldenCheetah/src/appdir/lib/libgthread-2.0.so.0"
Log: Changing rpath in "/home/runner/work/GoldenCheetah/GoldenCheetah/src/appdir/lib/libgthread-2.0.so.0" to "$ORIGIN"
Log: "libicui18n.so.73" already at target location
Log: Checking rpath in "/home/runner/work/GoldenCheetah/GoldenCheetah/src/appdir/lib/libicui18n.so.73"
Log: Changing rpath in "/home/runner/work/GoldenCheetah/GoldenCheetah/src/appdir/lib/libicui18n.so.73" to "$ORIGIN"
Log: "libicuuc.so.73" already at target location
Log: Checking rpath in "/home/runner/work/GoldenCheetah/GoldenCheetah/src/appdir/lib/libicuuc.so.73"
Log: Changing rpath in "/home/runner/work/GoldenCheetah/GoldenCheetah/src/appdir/lib/libicuuc.so.73" to "$ORIGIN"
Log: "libicudata.so.73" already at target location
Log: Checking rpath in "/home/runner/work/GoldenCheetah/GoldenCheetah/src/appdir/lib/libicudata.so.73"
Log: Changing rpath in "/home/runner/work/GoldenCheetah/GoldenCheetah/src/appdir/lib/libicudata.so.73" to "$ORIGIN"
Log: "libzstd.so.1" already at target location
Log: Checking rpath in "/home/runner/work/GoldenCheetah/GoldenCheetah/src/appdir/lib/libzstd.so.1"
Log: Changing rpath in "/home/runner/work/GoldenCheetah/GoldenCheetah/src/appdir/lib/libzstd.so.1" to "$ORIGIN"
Log: "libpcre2-8.so.0" already at target location
Log: Checking rpath in "/home/runner/work/GoldenCheetah/GoldenCheetah/src/appdir/lib/libpcre2-8.so.0"
Log: Changing rpath in "/home/runner/work/GoldenCheetah/GoldenCheetah/src/appdir/lib/libpcre2-8.so.0" to "$ORIGIN"
Log: "libdbus-1.so.3" already at target location
Log: Checking rpath in "/home/runner/work/GoldenCheetah/GoldenCheetah/src/appdir/lib/libdbus-1.so.3"
Log: Changing rpath in "/home/runner/work/GoldenCheetah/GoldenCheetah/src/appdir/lib/libdbus-1.so.3" to "$ORIGIN"
Log: "libbz2.so.1.0" already at target location
Log: Checking rpath in "/home/runner/work/GoldenCheetah/GoldenCheetah/src/appdir/lib/libbz2.so.1.0"
Log: Changing rpath in "/home/runner/work/GoldenCheetah/GoldenCheetah/src/appdir/lib/libbz2.so.1.0" to "$ORIGIN"
Log: "libpng16.so.16" already at target location
Log: Checking rpath in "/home/runner/work/GoldenCheetah/GoldenCheetah/src/appdir/lib/libpng16.so.16"
Log: Changing rpath in "/home/runner/work/GoldenCheetah/GoldenCheetah/src/appdir/lib/libpng16.so.16" to "$ORIGIN"
Log: "libbrotlidec.so.1" already at target location
Log: Checking rpath in "/home/runner/work/GoldenCheetah/GoldenCheetah/src/appdir/lib/libbrotlidec.so.1"
Log: Changing rpath in "/home/runner/work/GoldenCheetah/GoldenCheetah/src/appdir/lib/libbrotlidec.so.1" to "$ORIGIN"
Log: "libXau.so.6" already at target location
Log: Checking rpath in "/home/runner/work/GoldenCheetah/GoldenCheetah/src/appdir/lib/libXau.so.6"
Log: Changing rpath in "/home/runner/work/GoldenCheetah/GoldenCheetah/src/appdir/lib/libXau.so.6" to "$ORIGIN"
Log: "libXdmcp.so.6" already at target location
Log: Checking rpath in "/home/runner/work/GoldenCheetah/GoldenCheetah/src/appdir/lib/libXdmcp.so.6"
Log: Changing rpath in "/home/runner/work/GoldenCheetah/GoldenCheetah/src/appdir/lib/libXdmcp.so.6" to "$ORIGIN"
Log: "libsystemd.so.0" already at target location
Log: Checking rpath in "/home/runner/work/GoldenCheetah/GoldenCheetah/src/appdir/lib/libsystemd.so.0"
Log: Changing rpath in "/home/runner/work/GoldenCheetah/GoldenCheetah/src/appdir/lib/libsystemd.so.0" to "$ORIGIN"
Log: "libbrotlicommon.so.1" already at target location
Log: Checking rpath in "/home/runner/work/GoldenCheetah/GoldenCheetah/src/appdir/lib/libbrotlicommon.so.1"
Log: Changing rpath in "/home/runner/work/GoldenCheetah/GoldenCheetah/src/appdir/lib/libbrotlicommon.so.1" to "$ORIGIN"
Log: "libbsd.so.0" already at target location
Log: Checking rpath in "/home/runner/work/GoldenCheetah/GoldenCheetah/src/appdir/lib/libbsd.so.0"
Log: Changing rpath in "/home/runner/work/GoldenCheetah/GoldenCheetah/src/appdir/lib/libbsd.so.0" to "$ORIGIN"
Log: "libcap.so.2" already at target location
Log: Checking rpath in "/home/runner/work/GoldenCheetah/GoldenCheetah/src/appdir/lib/libcap.so.2"
Log: Changing rpath in "/home/runner/work/GoldenCheetah/GoldenCheetah/src/appdir/lib/libcap.so.2" to "$ORIGIN"
Log: "libgcrypt.so.20" already at target location
Log: Checking rpath in "/home/runner/work/GoldenCheetah/GoldenCheetah/src/appdir/lib/libgcrypt.so.20"
Log: Changing rpath in "/home/runner/work/GoldenCheetah/GoldenCheetah/src/appdir/lib/libgcrypt.so.20" to "$ORIGIN"
Log: "liblz4.so.1" already at target location
Log: Checking rpath in "/home/runner/work/GoldenCheetah/GoldenCheetah/src/appdir/lib/liblz4.so.1"
Log: Changing rpath in "/home/runner/work/GoldenCheetah/GoldenCheetah/src/appdir/lib/liblz4.so.1" to "$ORIGIN"
Log: "liblzma.so.5" already at target location
Log: Checking rpath in "/home/runner/work/GoldenCheetah/GoldenCheetah/src/appdir/lib/liblzma.so.5"
Log: Changing rpath in "/home/runner/work/GoldenCheetah/GoldenCheetah/src/appdir/lib/liblzma.so.5" to "$ORIGIN"
Log: "libmd.so.0" already at target location
Log: Checking rpath in "/home/runner/work/GoldenCheetah/GoldenCheetah/src/appdir/lib/libmd.so.0"
Log: Changing rpath in "/home/runner/work/GoldenCheetah/GoldenCheetah/src/appdir/lib/libmd.so.0" to "$ORIGIN"
Log: Checking rpath in "/home/runner/work/GoldenCheetah/GoldenCheetah/src/appdir/plugins/platforminputcontexts/libcomposeplatforminputcontextplugin.so"
Log: Changing rpath in "/home/runner/work/GoldenCheetah/GoldenCheetah/src/appdir/plugins/platforminputcontexts/libcomposeplatforminputcontextplugin.so" to "$ORIGIN/../../lib"
Log:  copied: "/home/runner/work/GoldenCheetah/GoldenCheetah/6.8.0/gcc_64/plugins/platforminputcontexts/libibusplatforminputcontextplugin.so"
Log:  to "/home/runner/work/GoldenCheetah/GoldenCheetah/src/appdir/plugins/platforminputcontexts/libibusplatforminputcontextplugin.so"
Log: Deploying the following libraries: QList("/home/runner/work/GoldenCheetah/GoldenCheetah/src/appdir/plugins/platforminputcontexts/libibusplatforminputcontextplugin.so")
Log: "libxkbcommon.so.0" already at target location
Log: Checking rpath in "/home/runner/work/GoldenCheetah/GoldenCheetah/src/appdir/lib/libxkbcommon.so.0"
Log: Changing rpath in "/home/runner/work/GoldenCheetah/GoldenCheetah/src/appdir/lib/libxkbcommon.so.0" to "$ORIGIN"
Log: "libQt6Gui.so.6" already at target location
Log: Checking rpath in "/home/runner/work/GoldenCheetah/GoldenCheetah/src/appdir/lib/libQt6Gui.so.6"
Log: Changing rpath in "/home/runner/work/GoldenCheetah/GoldenCheetah/src/appdir/lib/libQt6Gui.so.6" to "$ORIGIN"
Log: "libQt6DBus.so.6" already at target location
Log: Checking rpath in "/home/runner/work/GoldenCheetah/GoldenCheetah/src/appdir/lib/libQt6DBus.so.6"
Log: Changing rpath in "/home/runner/work/GoldenCheetah/GoldenCheetah/src/appdir/lib/libQt6DBus.so.6" to "$ORIGIN"
Log: Setting deploymentInfo.qtPath to: "/home/runner/work/GoldenCheetah/GoldenCheetah/src/appdir/lib/"
Log: "libQt6Core.so.6" already at target location
Log: Checking rpath in "/home/runner/work/GoldenCheetah/GoldenCheetah/src/appdir/lib/libQt6Core.so.6"
Log: Changing rpath in "/home/runner/work/GoldenCheetah/GoldenCheetah/src/appdir/lib/libQt6Core.so.6" to "$ORIGIN"
Log: "libglib-2.0.so.0" already at target location
Log: Checking rpath in "/home/runner/work/GoldenCheetah/GoldenCheetah/src/appdir/lib/libglib-2.0.so.0"
Log: Changing rpath in "/home/runner/work/GoldenCheetah/GoldenCheetah/src/appdir/lib/libglib-2.0.so.0" to "$ORIGIN"
Log: "libgthread-2.0.so.0" already at target location
Log: Checking rpath in "/home/runner/work/GoldenCheetah/GoldenCheetah/src/appdir/lib/libgthread-2.0.so.0"
Log: Changing rpath in "/home/runner/work/GoldenCheetah/GoldenCheetah/src/appdir/lib/libgthread-2.0.so.0" to "$ORIGIN"
Log: "libdbus-1.so.3" already at target location
Log: Checking rpath in "/home/runner/work/GoldenCheetah/GoldenCheetah/src/appdir/lib/libdbus-1.so.3"
Log: Changing rpath in "/home/runner/work/GoldenCheetah/GoldenCheetah/src/appdir/lib/libdbus-1.so.3" to "$ORIGIN"
Log: "libicui18n.so.73" already at target location
Log: Checking rpath in "/home/runner/work/GoldenCheetah/GoldenCheetah/src/appdir/lib/libicui18n.so.73"
Log: Changing rpath in "/home/runner/work/GoldenCheetah/GoldenCheetah/src/appdir/lib/libicui18n.so.73" to "$ORIGIN"
Log: "libicuuc.so.73" already at target location
Log: Checking rpath in "/home/runner/work/GoldenCheetah/GoldenCheetah/src/appdir/lib/libicuuc.so.73"
Log: Changing rpath in "/home/runner/work/GoldenCheetah/GoldenCheetah/src/appdir/lib/libicuuc.so.73" to "$ORIGIN"
Log: "libicudata.so.73" already at target location
Log: Checking rpath in "/home/runner/work/GoldenCheetah/GoldenCheetah/src/appdir/lib/libicudata.so.73"
Log: Changing rpath in "/home/runner/work/GoldenCheetah/GoldenCheetah/src/appdir/lib/libicudata.so.73" to "$ORIGIN"
Log: "libzstd.so.1" already at target location
Log: Checking rpath in "/home/runner/work/GoldenCheetah/GoldenCheetah/src/appdir/lib/libzstd.so.1"
Log: Changing rpath in "/home/runner/work/GoldenCheetah/GoldenCheetah/src/appdir/lib/libzstd.so.1" to "$ORIGIN"
Log: "libpcre2-8.so.0" already at target location
Log: Checking rpath in "/home/runner/work/GoldenCheetah/GoldenCheetah/src/appdir/lib/libpcre2-8.so.0"
Log: Changing rpath in "/home/runner/work/GoldenCheetah/GoldenCheetah/src/appdir/lib/libpcre2-8.so.0" to "$ORIGIN"
Log: "libbz2.so.1.0" already at target location
Log: Checking rpath in "/home/runner/work/GoldenCheetah/GoldenCheetah/src/appdir/lib/libbz2.so.1.0"
Log: Changing rpath in "/home/runner/work/GoldenCheetah/GoldenCheetah/src/appdir/lib/libbz2.so.1.0" to "$ORIGIN"
Log: "libpng16.so.16" already at target location
Log: Checking rpath in "/home/runner/work/GoldenCheetah/GoldenCheetah/src/appdir/lib/libpng16.so.16"
Log: Changing rpath in "/home/runner/work/GoldenCheetah/GoldenCheetah/src/appdir/lib/libpng16.so.16" to "$ORIGIN"
Log: "libbrotlidec.so.1" already at target location
Log: Checking rpath in "/home/runner/work/GoldenCheetah/GoldenCheetah/src/appdir/lib/libbrotlidec.so.1"
Log: Changing rpath in "/home/runner/work/GoldenCheetah/GoldenCheetah/src/appdir/lib/libbrotlidec.so.1" to "$ORIGIN"
Log: "libsystemd.so.0" already at target location
Log: Checking rpath in "/home/runner/work/GoldenCheetah/GoldenCheetah/src/appdir/lib/libsystemd.so.0"
Log: Changing rpath in "/home/runner/work/GoldenCheetah/GoldenCheetah/src/appdir/lib/libsystemd.so.0" to "$ORIGIN"
Log: "libXau.so.6" already at target location
Log: Checking rpath in "/home/runner/work/GoldenCheetah/GoldenCheetah/src/appdir/lib/libXau.so.6"
Log: Changing rpath in "/home/runner/work/GoldenCheetah/GoldenCheetah/src/appdir/lib/libXau.so.6" to "$ORIGIN"
Log: "libXdmcp.so.6" already at target location
Log: Checking rpath in "/home/runner/work/GoldenCheetah/GoldenCheetah/src/appdir/lib/libXdmcp.so.6"
Log: Changing rpath in "/home/runner/work/GoldenCheetah/GoldenCheetah/src/appdir/lib/libXdmcp.so.6" to "$ORIGIN"
Log: "libbrotlicommon.so.1" already at target location
Log: Checking rpath in "/home/runner/work/GoldenCheetah/GoldenCheetah/src/appdir/lib/libbrotlicommon.so.1"
Log: Changing rpath in "/home/runner/work/GoldenCheetah/GoldenCheetah/src/appdir/lib/libbrotlicommon.so.1" to "$ORIGIN"
Log: "libcap.so.2" already at target location
Log: Checking rpath in "/home/runner/work/GoldenCheetah/GoldenCheetah/src/appdir/lib/libcap.so.2"
Log: Changing rpath in "/home/runner/work/GoldenCheetah/GoldenCheetah/src/appdir/lib/libcap.so.2" to "$ORIGIN"
Log: "libgcrypt.so.20" already at target location
Log: Checking rpath in "/home/runner/work/GoldenCheetah/GoldenCheetah/src/appdir/lib/libgcrypt.so.20"
Log: Changing rpath in "/home/runner/work/GoldenCheetah/GoldenCheetah/src/appdir/lib/libgcrypt.so.20" to "$ORIGIN"
Log: "liblz4.so.1" already at target location
Log: Checking rpath in "/home/runner/work/GoldenCheetah/GoldenCheetah/src/appdir/lib/liblz4.so.1"
Log: Changing rpath in "/home/runner/work/GoldenCheetah/GoldenCheetah/src/appdir/lib/liblz4.so.1" to "$ORIGIN"
Log: "liblzma.so.5" already at target location
Log: Checking rpath in "/home/runner/work/GoldenCheetah/GoldenCheetah/src/appdir/lib/liblzma.so.5"
Log: Changing rpath in "/home/runner/work/GoldenCheetah/GoldenCheetah/src/appdir/lib/liblzma.so.5" to "$ORIGIN"
Log: "libbsd.so.0" already at target location
Log: Checking rpath in "/home/runner/work/GoldenCheetah/GoldenCheetah/src/appdir/lib/libbsd.so.0"
Log: Changing rpath in "/home/runner/work/GoldenCheetah/GoldenCheetah/src/appdir/lib/libbsd.so.0" to "$ORIGIN"
Log: "libmd.so.0" already at target location
Log: Checking rpath in "/home/runner/work/GoldenCheetah/GoldenCheetah/src/appdir/lib/libmd.so.0"
Log: Changing rpath in "/home/runner/work/GoldenCheetah/GoldenCheetah/src/appdir/lib/libmd.so.0" to "$ORIGIN"
Log: Checking rpath in "/home/runner/work/GoldenCheetah/GoldenCheetah/src/appdir/plugins/platforminputcontexts/libibusplatforminputcontextplugin.so"
Log: Changing rpath in "/home/runner/work/GoldenCheetah/GoldenCheetah/src/appdir/plugins/platforminputcontexts/libibusplatforminputcontextplugin.so" to "$ORIGIN/../../lib"
Log:  copied: "/home/runner/work/GoldenCheetah/GoldenCheetah/6.8.0/gcc_64/plugins/iconengines/libqsvgicon.so"
Log:  to "/home/runner/work/GoldenCheetah/GoldenCheetah/src/appdir/plugins/iconengines/libqsvgicon.so"
Log: Deploying the following libraries: QList("/home/runner/work/GoldenCheetah/GoldenCheetah/src/appdir/plugins/iconengines/libqsvgicon.so")
Log: "libQt6Svg.so.6" already at target location
Log: Checking rpath in "/home/runner/work/GoldenCheetah/GoldenCheetah/src/appdir/lib/libQt6Svg.so.6"
Log: Changing rpath in "/home/runner/work/GoldenCheetah/GoldenCheetah/src/appdir/lib/libQt6Svg.so.6" to "$ORIGIN"
Log: "libxkbcommon.so.0" already at target location
Log: Checking rpath in "/home/runner/work/GoldenCheetah/GoldenCheetah/src/appdir/lib/libxkbcommon.so.0"
Log: Changing rpath in "/home/runner/work/GoldenCheetah/GoldenCheetah/src/appdir/lib/libxkbcommon.so.0" to "$ORIGIN"
Log: "libQt6Gui.so.6" already at target location
Log: Checking rpath in "/home/runner/work/GoldenCheetah/GoldenCheetah/src/appdir/lib/libQt6Gui.so.6"
Log: Changing rpath in "/home/runner/work/GoldenCheetah/GoldenCheetah/src/appdir/lib/libQt6Gui.so.6" to "$ORIGIN"
Log: Setting deploymentInfo.qtPath to: "/home/runner/work/GoldenCheetah/GoldenCheetah/src/appdir/lib/"
Log: "libQt6Core.so.6" already at target location
Log: Checking rpath in "/home/runner/work/GoldenCheetah/GoldenCheetah/src/appdir/lib/libQt6Core.so.6"
Log: Changing rpath in "/home/runner/work/GoldenCheetah/GoldenCheetah/src/appdir/lib/libQt6Core.so.6" to "$ORIGIN"
Log: "libglib-2.0.so.0" already at target location
Log: Checking rpath in "/home/runner/work/GoldenCheetah/GoldenCheetah/src/appdir/lib/libglib-2.0.so.0"
Log: Changing rpath in "/home/runner/work/GoldenCheetah/GoldenCheetah/src/appdir/lib/libglib-2.0.so.0" to "$ORIGIN"
Log: "libQt6DBus.so.6" already at target location
Log: Checking rpath in "/home/runner/work/GoldenCheetah/GoldenCheetah/src/appdir/lib/libQt6DBus.so.6"
Log: Changing rpath in "/home/runner/work/GoldenCheetah/GoldenCheetah/src/appdir/lib/libQt6DBus.so.6" to "$ORIGIN"
Log: "libgthread-2.0.so.0" already at target location
Log: Checking rpath in "/home/runner/work/GoldenCheetah/GoldenCheetah/src/appdir/lib/libgthread-2.0.so.0"
Log: Changing rpath in "/home/runner/work/GoldenCheetah/GoldenCheetah/src/appdir/lib/libgthread-2.0.so.0" to "$ORIGIN"
Log: "libicui18n.so.73" already at target location
Log: Checking rpath in "/home/runner/work/GoldenCheetah/GoldenCheetah/src/appdir/lib/libicui18n.so.73"
Log: Changing rpath in "/home/runner/work/GoldenCheetah/GoldenCheetah/src/appdir/lib/libicui18n.so.73" to "$ORIGIN"
Log: "libicuuc.so.73" already at target location
Log: Checking rpath in "/home/runner/work/GoldenCheetah/GoldenCheetah/src/appdir/lib/libicuuc.so.73"
Log: Changing rpath in "/home/runner/work/GoldenCheetah/GoldenCheetah/src/appdir/lib/libicuuc.so.73" to "$ORIGIN"
Log: "libicudata.so.73" already at target location
Log: Checking rpath in "/home/runner/work/GoldenCheetah/GoldenCheetah/src/appdir/lib/libicudata.so.73"
Log: Changing rpath in "/home/runner/work/GoldenCheetah/GoldenCheetah/src/appdir/lib/libicudata.so.73" to "$ORIGIN"
Log: "libzstd.so.1" already at target location
Log: Checking rpath in "/home/runner/work/GoldenCheetah/GoldenCheetah/src/appdir/lib/libzstd.so.1"
Log: Changing rpath in "/home/runner/work/GoldenCheetah/GoldenCheetah/src/appdir/lib/libzstd.so.1" to "$ORIGIN"
Log: "libpcre2-8.so.0" already at target location
Log: Checking rpath in "/home/runner/work/GoldenCheetah/GoldenCheetah/src/appdir/lib/libpcre2-8.so.0"
Log: Changing rpath in "/home/runner/work/GoldenCheetah/GoldenCheetah/src/appdir/lib/libpcre2-8.so.0" to "$ORIGIN"
Log: "libdbus-1.so.3" already at target location
Log: Checking rpath in "/home/runner/work/GoldenCheetah/GoldenCheetah/src/appdir/lib/libdbus-1.so.3"
Log: Changing rpath in "/home/runner/work/GoldenCheetah/GoldenCheetah/src/appdir/lib/libdbus-1.so.3" to "$ORIGIN"
Log: "libbz2.so.1.0" already at target location
Log: Checking rpath in "/home/runner/work/GoldenCheetah/GoldenCheetah/src/appdir/lib/libbz2.so.1.0"
Log: Changing rpath in "/home/runner/work/GoldenCheetah/GoldenCheetah/src/appdir/lib/libbz2.so.1.0" to "$ORIGIN"
Log: "libpng16.so.16" already at target location
Log: Checking rpath in "/home/runner/work/GoldenCheetah/GoldenCheetah/src/appdir/lib/libpng16.so.16"
Log: Changing rpath in "/home/runner/work/GoldenCheetah/GoldenCheetah/src/appdir/lib/libpng16.so.16" to "$ORIGIN"
Log: "libbrotlidec.so.1" already at target location
Log: Checking rpath in "/home/runner/work/GoldenCheetah/GoldenCheetah/src/appdir/lib/libbrotlidec.so.1"
Log: Changing rpath in "/home/runner/work/GoldenCheetah/GoldenCheetah/src/appdir/lib/libbrotlidec.so.1" to "$ORIGIN"
Log: "libXau.so.6" already at target location
Log: Checking rpath in "/home/runner/work/GoldenCheetah/GoldenCheetah/src/appdir/lib/libXau.so.6"
Log: Changing rpath in "/home/runner/work/GoldenCheetah/GoldenCheetah/src/appdir/lib/libXau.so.6" to "$ORIGIN"
Log: "libXdmcp.so.6" already at target location
Log: Checking rpath in "/home/runner/work/GoldenCheetah/GoldenCheetah/src/appdir/lib/libXdmcp.so.6"
Log: Changing rpath in "/home/runner/work/GoldenCheetah/GoldenCheetah/src/appdir/lib/libXdmcp.so.6" to "$ORIGIN"
Log: "libsystemd.so.0" already at target location
Log: Checking rpath in "/home/runner/work/GoldenCheetah/GoldenCheetah/src/appdir/lib/libsystemd.so.0"
Log: Changing rpath in "/home/runner/work/GoldenCheetah/GoldenCheetah/src/appdir/lib/libsystemd.so.0" to "$ORIGIN"
Log: "libbrotlicommon.so.1" already at target location
Log: Checking rpath in "/home/runner/work/GoldenCheetah/GoldenCheetah/src/appdir/lib/libbrotlicommon.so.1"
Log: Changing rpath in "/home/runner/work/GoldenCheetah/GoldenCheetah/src/appdir/lib/libbrotlicommon.so.1" to "$ORIGIN"
Log: "libbsd.so.0" already at target location
Log: Checking rpath in "/home/runner/work/GoldenCheetah/GoldenCheetah/src/appdir/lib/libbsd.so.0"
Log: Changing rpath in "/home/runner/work/GoldenCheetah/GoldenCheetah/src/appdir/lib/libbsd.so.0" to "$ORIGIN"
Log: "libcap.so.2" already at target location
Log: Checking rpath in "/home/runner/work/GoldenCheetah/GoldenCheetah/src/appdir/lib/libcap.so.2"
Log: Changing rpath in "/home/runner/work/GoldenCheetah/GoldenCheetah/src/appdir/lib/libcap.so.2" to "$ORIGIN"
Log: "libgcrypt.so.20" already at target location
Log: Checking rpath in "/home/runner/work/GoldenCheetah/GoldenCheetah/src/appdir/lib/libgcrypt.so.20"
Log: Changing rpath in "/home/runner/work/GoldenCheetah/GoldenCheetah/src/appdir/lib/libgcrypt.so.20" to "$ORIGIN"
Log: "liblz4.so.1" already at target location
Log: Checking rpath in "/home/runner/work/GoldenCheetah/GoldenCheetah/src/appdir/lib/liblz4.so.1"
Log: Changing rpath in "/home/runner/work/GoldenCheetah/GoldenCheetah/src/appdir/lib/liblz4.so.1" to "$ORIGIN"
Log: "liblzma.so.5" already at target location
Log: Checking rpath in "/home/runner/work/GoldenCheetah/GoldenCheetah/src/appdir/lib/liblzma.so.5"
Log: Changing rpath in "/home/runner/work/GoldenCheetah/GoldenCheetah/src/appdir/lib/liblzma.so.5" to "$ORIGIN"
Log: "libmd.so.0" already at target location
Log: Checking rpath in "/home/runner/work/GoldenCheetah/GoldenCheetah/src/appdir/lib/libmd.so.0"
Log: Changing rpath in "/home/runner/work/GoldenCheetah/GoldenCheetah/src/appdir/lib/libmd.so.0" to "$ORIGIN"
Log: Checking rpath in "/home/runner/work/GoldenCheetah/GoldenCheetah/src/appdir/plugins/iconengines/libqsvgicon.so"
Log: Changing rpath in "/home/runner/work/GoldenCheetah/GoldenCheetah/src/appdir/plugins/iconengines/libqsvgicon.so" to "$ORIGIN/../../lib"
Log:  copied: "/home/runner/work/GoldenCheetah/GoldenCheetah/6.8.0/gcc_64/plugins/imageformats/libqgif.so"
Log:  to "/home/runner/work/GoldenCheetah/GoldenCheetah/src/appdir/plugins/imageformats/libqgif.so"
Log: Deploying the following libraries: QList("/home/runner/work/GoldenCheetah/GoldenCheetah/src/appdir/plugins/imageformats/libqgif.so")
Log: "libQt6Gui.so.6" already at target location
Log: Checking rpath in "/home/runner/work/GoldenCheetah/GoldenCheetah/src/appdir/lib/libQt6Gui.so.6"
Log: Changing rpath in "/home/runner/work/GoldenCheetah/GoldenCheetah/src/appdir/lib/libQt6Gui.so.6" to "$ORIGIN"
Log: Setting deploymentInfo.qtPath to: "/home/runner/work/GoldenCheetah/GoldenCheetah/src/appdir/lib/"
Log: "libQt6Core.so.6" already at target location
Log: Checking rpath in "/home/runner/work/GoldenCheetah/GoldenCheetah/src/appdir/lib/libQt6Core.so.6"
Log: Changing rpath in "/home/runner/work/GoldenCheetah/GoldenCheetah/src/appdir/lib/libQt6Core.so.6" to "$ORIGIN"
Log: "libxkbcommon.so.0" already at target location
Log: Checking rpath in "/home/runner/work/GoldenCheetah/GoldenCheetah/src/appdir/lib/libxkbcommon.so.0"
Log: Changing rpath in "/home/runner/work/GoldenCheetah/GoldenCheetah/src/appdir/lib/libxkbcommon.so.0" to "$ORIGIN"
Log: "libglib-2.0.so.0" already at target location
Log: Checking rpath in "/home/runner/work/GoldenCheetah/GoldenCheetah/src/appdir/lib/libglib-2.0.so.0"
Log: Changing rpath in "/home/runner/work/GoldenCheetah/GoldenCheetah/src/appdir/lib/libglib-2.0.so.0" to "$ORIGIN"
Log: "libQt6DBus.so.6" already at target location
Log: Checking rpath in "/home/runner/work/GoldenCheetah/GoldenCheetah/src/appdir/lib/libQt6DBus.so.6"
Log: Changing rpath in "/home/runner/work/GoldenCheetah/GoldenCheetah/src/appdir/lib/libQt6DBus.so.6" to "$ORIGIN"
Log: "libgthread-2.0.so.0" already at target location
Log: Checking rpath in "/home/runner/work/GoldenCheetah/GoldenCheetah/src/appdir/lib/libgthread-2.0.so.0"
Log: Changing rpath in "/home/runner/work/GoldenCheetah/GoldenCheetah/src/appdir/lib/libgthread-2.0.so.0" to "$ORIGIN"
Log: "libicui18n.so.73" already at target location
Log: Checking rpath in "/home/runner/work/GoldenCheetah/GoldenCheetah/src/appdir/lib/libicui18n.so.73"
Log: Changing rpath in "/home/runner/work/GoldenCheetah/GoldenCheetah/src/appdir/lib/libicui18n.so.73" to "$ORIGIN"
Log: "libicuuc.so.73" already at target location
Log: Checking rpath in "/home/runner/work/GoldenCheetah/GoldenCheetah/src/appdir/lib/libicuuc.so.73"
Log: Changing rpath in "/home/runner/work/GoldenCheetah/GoldenCheetah/src/appdir/lib/libicuuc.so.73" to "$ORIGIN"
Log: "libicudata.so.73" already at target location
Log: Checking rpath in "/home/runner/work/GoldenCheetah/GoldenCheetah/src/appdir/lib/libicudata.so.73"
Log: Changing rpath in "/home/runner/work/GoldenCheetah/GoldenCheetah/src/appdir/lib/libicudata.so.73" to "$ORIGIN"
Log: "libzstd.so.1" already at target location
Log: Checking rpath in "/home/runner/work/GoldenCheetah/GoldenCheetah/src/appdir/lib/libzstd.so.1"
Log: Changing rpath in "/home/runner/work/GoldenCheetah/GoldenCheetah/src/appdir/lib/libzstd.so.1" to "$ORIGIN"
Log: "libpcre2-8.so.0" already at target location
Log: Checking rpath in "/home/runner/work/GoldenCheetah/GoldenCheetah/src/appdir/lib/libpcre2-8.so.0"
Log: Changing rpath in "/home/runner/work/GoldenCheetah/GoldenCheetah/src/appdir/lib/libpcre2-8.so.0" to "$ORIGIN"
Log: "libdbus-1.so.3" already at target location
Log: Checking rpath in "/home/runner/work/GoldenCheetah/GoldenCheetah/src/appdir/lib/libdbus-1.so.3"
Log: Changing rpath in "/home/runner/work/GoldenCheetah/GoldenCheetah/src/appdir/lib/libdbus-1.so.3" to "$ORIGIN"
Log: "libbz2.so.1.0" already at target location
Log: Checking rpath in "/home/runner/work/GoldenCheetah/GoldenCheetah/src/appdir/lib/libbz2.so.1.0"
Log: Changing rpath in "/home/runner/work/GoldenCheetah/GoldenCheetah/src/appdir/lib/libbz2.so.1.0" to "$ORIGIN"
Log: "libpng16.so.16" already at target location
Log: Checking rpath in "/home/runner/work/GoldenCheetah/GoldenCheetah/src/appdir/lib/libpng16.so.16"
Log: Changing rpath in "/home/runner/work/GoldenCheetah/GoldenCheetah/src/appdir/lib/libpng16.so.16" to "$ORIGIN"
Log: "libbrotlidec.so.1" already at target location
Log: Checking rpath in "/home/runner/work/GoldenCheetah/GoldenCheetah/src/appdir/lib/libbrotlidec.so.1"
Log: Changing rpath in "/home/runner/work/GoldenCheetah/GoldenCheetah/src/appdir/lib/libbrotlidec.so.1" to "$ORIGIN"
Log: "libXau.so.6" already at target location
Log: Checking rpath in "/home/runner/work/GoldenCheetah/GoldenCheetah/src/appdir/lib/libXau.so.6"
Log: Changing rpath in "/home/runner/work/GoldenCheetah/GoldenCheetah/src/appdir/lib/libXau.so.6" to "$ORIGIN"
Log: "libXdmcp.so.6" already at target location
Log: Checking rpath in "/home/runner/work/GoldenCheetah/GoldenCheetah/src/appdir/lib/libXdmcp.so.6"
Log: Changing rpath in "/home/runner/work/GoldenCheetah/GoldenCheetah/src/appdir/lib/libXdmcp.so.6" to "$ORIGIN"
Log: "libsystemd.so.0" already at target location
Log: Checking rpath in "/home/runner/work/GoldenCheetah/GoldenCheetah/src/appdir/lib/libsystemd.so.0"
Log: Changing rpath in "/home/runner/work/GoldenCheetah/GoldenCheetah/src/appdir/lib/libsystemd.so.0" to "$ORIGIN"
Log: "libbrotlicommon.so.1" already at target location
Log: Checking rpath in "/home/runner/work/GoldenCheetah/GoldenCheetah/src/appdir/lib/libbrotlicommon.so.1"
Log: Changing rpath in "/home/runner/work/GoldenCheetah/GoldenCheetah/src/appdir/lib/libbrotlicommon.so.1" to "$ORIGIN"
Log: "libbsd.so.0" already at target location
Log: Checking rpath in "/home/runner/work/GoldenCheetah/GoldenCheetah/src/appdir/lib/libbsd.so.0"
Log: Changing rpath in "/home/runner/work/GoldenCheetah/GoldenCheetah/src/appdir/lib/libbsd.so.0" to "$ORIGIN"
Log: "libcap.so.2" already at target location
Log: Checking rpath in "/home/runner/work/GoldenCheetah/GoldenCheetah/src/appdir/lib/libcap.so.2"
Log: Changing rpath in "/home/runner/work/GoldenCheetah/GoldenCheetah/src/appdir/lib/libcap.so.2" to "$ORIGIN"
Log: "libgcrypt.so.20" already at target location
Log: Checking rpath in "/home/runner/work/GoldenCheetah/GoldenCheetah/src/appdir/lib/libgcrypt.so.20"
Log: Changing rpath in "/home/runner/work/GoldenCheetah/GoldenCheetah/src/appdir/lib/libgcrypt.so.20" to "$ORIGIN"
Log: "liblz4.so.1" already at target location
Log: Checking rpath in "/home/runner/work/GoldenCheetah/GoldenCheetah/src/appdir/lib/liblz4.so.1"
Log: Changing rpath in "/home/runner/work/GoldenCheetah/GoldenCheetah/src/appdir/lib/liblz4.so.1" to "$ORIGIN"
Log: "liblzma.so.5" already at target location
Log: Checking rpath in "/home/runner/work/GoldenCheetah/GoldenCheetah/src/appdir/lib/liblzma.so.5"
Log: Changing rpath in "/home/runner/work/GoldenCheetah/GoldenCheetah/src/appdir/lib/liblzma.so.5" to "$ORIGIN"
Log: "libmd.so.0" already at target location
Log: Checking rpath in "/home/runner/work/GoldenCheetah/GoldenCheetah/src/appdir/lib/libmd.so.0"
Log: Changing rpath in "/home/runner/work/GoldenCheetah/GoldenCheetah/src/appdir/lib/libmd.so.0" to "$ORIGIN"
Log: Checking rpath in "/home/runner/work/GoldenCheetah/GoldenCheetah/src/appdir/plugins/imageformats/libqgif.so"
Log: Changing rpath in "/home/runner/work/GoldenCheetah/GoldenCheetah/src/appdir/plugins/imageformats/libqgif.so" to "$ORIGIN/../../lib"
Log:  copied: "/home/runner/work/GoldenCheetah/GoldenCheetah/6.8.0/gcc_64/plugins/imageformats/libqico.so"
Log:  to "/home/runner/work/GoldenCheetah/GoldenCheetah/src/appdir/plugins/imageformats/libqico.so"
Log: Deploying the following libraries: QList("/home/runner/work/GoldenCheetah/GoldenCheetah/src/appdir/plugins/imageformats/libqico.so")
Log: "libQt6Gui.so.6" already at target location
Log: Checking rpath in "/home/runner/work/GoldenCheetah/GoldenCheetah/src/appdir/lib/libQt6Gui.so.6"
Log: Changing rpath in "/home/runner/work/GoldenCheetah/GoldenCheetah/src/appdir/lib/libQt6Gui.so.6" to "$ORIGIN"
Log: Setting deploymentInfo.qtPath to: "/home/runner/work/GoldenCheetah/GoldenCheetah/src/appdir/lib/"
Log: "libQt6Core.so.6" already at target location
Log: Checking rpath in "/home/runner/work/GoldenCheetah/GoldenCheetah/src/appdir/lib/libQt6Core.so.6"
Log: Changing rpath in "/home/runner/work/GoldenCheetah/GoldenCheetah/src/appdir/lib/libQt6Core.so.6" to "$ORIGIN"
Log: "libglib-2.0.so.0" already at target location
Log: Checking rpath in "/home/runner/work/GoldenCheetah/GoldenCheetah/src/appdir/lib/libglib-2.0.so.0"
Log: Changing rpath in "/home/runner/work/GoldenCheetah/GoldenCheetah/src/appdir/lib/libglib-2.0.so.0" to "$ORIGIN"
Log: "libQt6DBus.so.6" already at target location
Log: Checking rpath in "/home/runner/work/GoldenCheetah/GoldenCheetah/src/appdir/lib/libQt6DBus.so.6"
Log: Changing rpath in "/home/runner/work/GoldenCheetah/GoldenCheetah/src/appdir/lib/libQt6DBus.so.6" to "$ORIGIN"
Log: "libxkbcommon.so.0" already at target location
Log: Checking rpath in "/home/runner/work/GoldenCheetah/GoldenCheetah/src/appdir/lib/libxkbcommon.so.0"
Log: Changing rpath in "/home/runner/work/GoldenCheetah/GoldenCheetah/src/appdir/lib/libxkbcommon.so.0" to "$ORIGIN"
Log: "libgthread-2.0.so.0" already at target location
Log: Checking rpath in "/home/runner/work/GoldenCheetah/GoldenCheetah/src/appdir/lib/libgthread-2.0.so.0"
Log: Changing rpath in "/home/runner/work/GoldenCheetah/GoldenCheetah/src/appdir/lib/libgthread-2.0.so.0" to "$ORIGIN"
Log: "libicui18n.so.73" already at target location
Log: Checking rpath in "/home/runner/work/GoldenCheetah/GoldenCheetah/src/appdir/lib/libicui18n.so.73"
Log: Changing rpath in "/home/runner/work/GoldenCheetah/GoldenCheetah/src/appdir/lib/libicui18n.so.73" to "$ORIGIN"
Log: "libicuuc.so.73" already at target location
Log: Checking rpath in "/home/runner/work/GoldenCheetah/GoldenCheetah/src/appdir/lib/libicuuc.so.73"
Log: Changing rpath in "/home/runner/work/GoldenCheetah/GoldenCheetah/src/appdir/lib/libicuuc.so.73" to "$ORIGIN"
Log: "libicudata.so.73" already at target location
Log: Checking rpath in "/home/runner/work/GoldenCheetah/GoldenCheetah/src/appdir/lib/libicudata.so.73"
Log: Changing rpath in "/home/runner/work/GoldenCheetah/GoldenCheetah/src/appdir/lib/libicudata.so.73" to "$ORIGIN"
Log: "libzstd.so.1" already at target location
Log: Checking rpath in "/home/runner/work/GoldenCheetah/GoldenCheetah/src/appdir/lib/libzstd.so.1"
Log: Changing rpath in "/home/runner/work/GoldenCheetah/GoldenCheetah/src/appdir/lib/libzstd.so.1" to "$ORIGIN"
Log: "libpcre2-8.so.0" already at target location
Log: Checking rpath in "/home/runner/work/GoldenCheetah/GoldenCheetah/src/appdir/lib/libpcre2-8.so.0"
Log: Changing rpath in "/home/runner/work/GoldenCheetah/GoldenCheetah/src/appdir/lib/libpcre2-8.so.0" to "$ORIGIN"
Log: "libdbus-1.so.3" already at target location
Log: Checking rpath in "/home/runner/work/GoldenCheetah/GoldenCheetah/src/appdir/lib/libdbus-1.so.3"
Log: Changing rpath in "/home/runner/work/GoldenCheetah/GoldenCheetah/src/appdir/lib/libdbus-1.so.3" to "$ORIGIN"
Log: "libbz2.so.1.0" already at target location
Log: Checking rpath in "/home/runner/work/GoldenCheetah/GoldenCheetah/src/appdir/lib/libbz2.so.1.0"
Log: Changing rpath in "/home/runner/work/GoldenCheetah/GoldenCheetah/src/appdir/lib/libbz2.so.1.0" to "$ORIGIN"
Log: "libpng16.so.16" already at target location
Log: Checking rpath in "/home/runner/work/GoldenCheetah/GoldenCheetah/src/appdir/lib/libpng16.so.16"
Log: Changing rpath in "/home/runner/work/GoldenCheetah/GoldenCheetah/src/appdir/lib/libpng16.so.16" to "$ORIGIN"
Log: "libbrotlidec.so.1" already at target location
Log: Checking rpath in "/home/runner/work/GoldenCheetah/GoldenCheetah/src/appdir/lib/libbrotlidec.so.1"
Log: Changing rpath in "/home/runner/work/GoldenCheetah/GoldenCheetah/src/appdir/lib/libbrotlidec.so.1" to "$ORIGIN"
Log: "libXau.so.6" already at target location
Log: Checking rpath in "/home/runner/work/GoldenCheetah/GoldenCheetah/src/appdir/lib/libXau.so.6"
Log: Changing rpath in "/home/runner/work/GoldenCheetah/GoldenCheetah/src/appdir/lib/libXau.so.6" to "$ORIGIN"
Log: "libXdmcp.so.6" already at target location
Log: Checking rpath in "/home/runner/work/GoldenCheetah/GoldenCheetah/src/appdir/lib/libXdmcp.so.6"
Log: Changing rpath in "/home/runner/work/GoldenCheetah/GoldenCheetah/src/appdir/lib/libXdmcp.so.6" to "$ORIGIN"
Log: "libsystemd.so.0" already at target location
Log: Checking rpath in "/home/runner/work/GoldenCheetah/GoldenCheetah/src/appdir/lib/libsystemd.so.0"
Log: Changing rpath in "/home/runner/work/GoldenCheetah/GoldenCheetah/src/appdir/lib/libsystemd.so.0" to "$ORIGIN"
Log: "libbrotlicommon.so.1" already at target location
Log: Checking rpath in "/home/runner/work/GoldenCheetah/GoldenCheetah/src/appdir/lib/libbrotlicommon.so.1"
Log: Changing rpath in "/home/runner/work/GoldenCheetah/GoldenCheetah/src/appdir/lib/libbrotlicommon.so.1" to "$ORIGIN"
Log: "libbsd.so.0" already at target location
Log: Checking rpath in "/home/runner/work/GoldenCheetah/GoldenCheetah/src/appdir/lib/libbsd.so.0"
Log: Changing rpath in "/home/runner/work/GoldenCheetah/GoldenCheetah/src/appdir/lib/libbsd.so.0" to "$ORIGIN"
Log: "libcap.so.2" already at target location
Log: Checking rpath in "/home/runner/work/GoldenCheetah/GoldenCheetah/src/appdir/lib/libcap.so.2"
Log: Changing rpath in "/home/runner/work/GoldenCheetah/GoldenCheetah/src/appdir/lib/libcap.so.2" to "$ORIGIN"
Log: "libgcrypt.so.20" already at target location
Log: Checking rpath in "/home/runner/work/GoldenCheetah/GoldenCheetah/src/appdir/lib/libgcrypt.so.20"
Log: Changing rpath in "/home/runner/work/GoldenCheetah/GoldenCheetah/src/appdir/lib/libgcrypt.so.20" to "$ORIGIN"
Log: "liblz4.so.1" already at target location
Log: Checking rpath in "/home/runner/work/GoldenCheetah/GoldenCheetah/src/appdir/lib/liblz4.so.1"
Log: Changing rpath in "/home/runner/work/GoldenCheetah/GoldenCheetah/src/appdir/lib/liblz4.so.1" to "$ORIGIN"
Log: "liblzma.so.5" already at target location
Log: Checking rpath in "/home/runner/work/GoldenCheetah/GoldenCheetah/src/appdir/lib/liblzma.so.5"
Log: Changing rpath in "/home/runner/work/GoldenCheetah/GoldenCheetah/src/appdir/lib/liblzma.so.5" to "$ORIGIN"
Log: "libmd.so.0" already at target location
Log: Checking rpath in "/home/runner/work/GoldenCheetah/GoldenCheetah/src/appdir/lib/libmd.so.0"
Log: Changing rpath in "/home/runner/work/GoldenCheetah/GoldenCheetah/src/appdir/lib/libmd.so.0" to "$ORIGIN"
Log: Checking rpath in "/home/runner/work/GoldenCheetah/GoldenCheetah/src/appdir/plugins/imageformats/libqico.so"
Log: Changing rpath in "/home/runner/work/GoldenCheetah/GoldenCheetah/src/appdir/plugins/imageformats/libqico.so" to "$ORIGIN/../../lib"
Log:  copied: "/home/runner/work/GoldenCheetah/GoldenCheetah/6.8.0/gcc_64/plugins/imageformats/libqjpeg.so"
Log:  to "/home/runner/work/GoldenCheetah/GoldenCheetah/src/appdir/plugins/imageformats/libqjpeg.so"
Log: Deploying the following libraries: QList("/home/runner/work/GoldenCheetah/GoldenCheetah/src/appdir/plugins/imageformats/libqjpeg.so")
Log: "libQt6Gui.so.6" already at target location
Log: Checking rpath in "/home/runner/work/GoldenCheetah/GoldenCheetah/src/appdir/lib/libQt6Gui.so.6"
Log: Changing rpath in "/home/runner/work/GoldenCheetah/GoldenCheetah/src/appdir/lib/libQt6Gui.so.6" to "$ORIGIN"
Log: Setting deploymentInfo.qtPath to: "/home/runner/work/GoldenCheetah/GoldenCheetah/src/appdir/lib/"
Log: "libQt6Core.so.6" already at target location
Log: Checking rpath in "/home/runner/work/GoldenCheetah/GoldenCheetah/src/appdir/lib/libQt6Core.so.6"
Log: Changing rpath in "/home/runner/work/GoldenCheetah/GoldenCheetah/src/appdir/lib/libQt6Core.so.6" to "$ORIGIN"
Log: "libxkbcommon.so.0" already at target location
Log: Checking rpath in "/home/runner/work/GoldenCheetah/GoldenCheetah/src/appdir/lib/libxkbcommon.so.0"
Log: Changing rpath in "/home/runner/work/GoldenCheetah/GoldenCheetah/src/appdir/lib/libxkbcommon.so.0" to "$ORIGIN"
Log: "libglib-2.0.so.0" already at target location
Log: Checking rpath in "/home/runner/work/GoldenCheetah/GoldenCheetah/src/appdir/lib/libglib-2.0.so.0"
Log: Changing rpath in "/home/runner/work/GoldenCheetah/GoldenCheetah/src/appdir/lib/libglib-2.0.so.0" to "$ORIGIN"
Log: "libQt6DBus.so.6" already at target location
Log: Checking rpath in "/home/runner/work/GoldenCheetah/GoldenCheetah/src/appdir/lib/libQt6DBus.so.6"
Log: Changing rpath in "/home/runner/work/GoldenCheetah/GoldenCheetah/src/appdir/lib/libQt6DBus.so.6" to "$ORIGIN"
Log: "libgthread-2.0.so.0" already at target location
Log: Checking rpath in "/home/runner/work/GoldenCheetah/GoldenCheetah/src/appdir/lib/libgthread-2.0.so.0"
Log: Changing rpath in "/home/runner/work/GoldenCheetah/GoldenCheetah/src/appdir/lib/libgthread-2.0.so.0" to "$ORIGIN"
Log: "libicui18n.so.73" already at target location
Log: Checking rpath in "/home/runner/work/GoldenCheetah/GoldenCheetah/src/appdir/lib/libicui18n.so.73"
Log: Changing rpath in "/home/runner/work/GoldenCheetah/GoldenCheetah/src/appdir/lib/libicui18n.so.73" to "$ORIGIN"
Log: "libicuuc.so.73" already at target location
Log: Checking rpath in "/home/runner/work/GoldenCheetah/GoldenCheetah/src/appdir/lib/libicuuc.so.73"
Log: Changing rpath in "/home/runner/work/GoldenCheetah/GoldenCheetah/src/appdir/lib/libicuuc.so.73" to "$ORIGIN"
Log: "libicudata.so.73" already at target location
Log: Checking rpath in "/home/runner/work/GoldenCheetah/GoldenCheetah/src/appdir/lib/libicudata.so.73"
Log: Changing rpath in "/home/runner/work/GoldenCheetah/GoldenCheetah/src/appdir/lib/libicudata.so.73" to "$ORIGIN"
Log: "libzstd.so.1" already at target location
Log: Checking rpath in "/home/runner/work/GoldenCheetah/GoldenCheetah/src/appdir/lib/libzstd.so.1"
Log: Changing rpath in "/home/runner/work/GoldenCheetah/GoldenCheetah/src/appdir/lib/libzstd.so.1" to "$ORIGIN"
Log: "libpcre2-8.so.0" already at target location
Log: Checking rpath in "/home/runner/work/GoldenCheetah/GoldenCheetah/src/appdir/lib/libpcre2-8.so.0"
Log: Changing rpath in "/home/runner/work/GoldenCheetah/GoldenCheetah/src/appdir/lib/libpcre2-8.so.0" to "$ORIGIN"
Log: "libdbus-1.so.3" already at target location
Log: Checking rpath in "/home/runner/work/GoldenCheetah/GoldenCheetah/src/appdir/lib/libdbus-1.so.3"
Log: Changing rpath in "/home/runner/work/GoldenCheetah/GoldenCheetah/src/appdir/lib/libdbus-1.so.3" to "$ORIGIN"
Log: "libbz2.so.1.0" already at target location
Log: Checking rpath in "/home/runner/work/GoldenCheetah/GoldenCheetah/src/appdir/lib/libbz2.so.1.0"
Log: Changing rpath in "/home/runner/work/GoldenCheetah/GoldenCheetah/src/appdir/lib/libbz2.so.1.0" to "$ORIGIN"
Log: "libpng16.so.16" already at target location
Log: Checking rpath in "/home/runner/work/GoldenCheetah/GoldenCheetah/src/appdir/lib/libpng16.so.16"
Log: Changing rpath in "/home/runner/work/GoldenCheetah/GoldenCheetah/src/appdir/lib/libpng16.so.16" to "$ORIGIN"
Log: "libbrotlidec.so.1" already at target location
Log: Checking rpath in "/home/runner/work/GoldenCheetah/GoldenCheetah/src/appdir/lib/libbrotlidec.so.1"
Log: Changing rpath in "/home/runner/work/GoldenCheetah/GoldenCheetah/src/appdir/lib/libbrotlidec.so.1" to "$ORIGIN"
Log: "libXau.so.6" already at target location
Log: Checking rpath in "/home/runner/work/GoldenCheetah/GoldenCheetah/src/appdir/lib/libXau.so.6"
Log: Changing rpath in "/home/runner/work/GoldenCheetah/GoldenCheetah/src/appdir/lib/libXau.so.6" to "$ORIGIN"
Log: "libXdmcp.so.6" already at target location
Log: Checking rpath in "/home/runner/work/GoldenCheetah/GoldenCheetah/src/appdir/lib/libXdmcp.so.6"
Log: Changing rpath in "/home/runner/work/GoldenCheetah/GoldenCheetah/src/appdir/lib/libXdmcp.so.6" to "$ORIGIN"
Log: "libsystemd.so.0" already at target location
Log: Checking rpath in "/home/runner/work/GoldenCheetah/GoldenCheetah/src/appdir/lib/libsystemd.so.0"
Log: Changing rpath in "/home/runner/work/GoldenCheetah/GoldenCheetah/src/appdir/lib/libsystemd.so.0" to "$ORIGIN"
Log: "libbrotlicommon.so.1" already at target location
Log: Checking rpath in "/home/runner/work/GoldenCheetah/GoldenCheetah/src/appdir/lib/libbrotlicommon.so.1"
Log: Changing rpath in "/home/runner/work/GoldenCheetah/GoldenCheetah/src/appdir/lib/libbrotlicommon.so.1" to "$ORIGIN"
Log: "libbsd.so.0" already at target location
Log: Checking rpath in "/home/runner/work/GoldenCheetah/GoldenCheetah/src/appdir/lib/libbsd.so.0"
Log: Changing rpath in "/home/runner/work/GoldenCheetah/GoldenCheetah/src/appdir/lib/libbsd.so.0" to "$ORIGIN"
Log: "libcap.so.2" already at target location
Log: Checking rpath in "/home/runner/work/GoldenCheetah/GoldenCheetah/src/appdir/lib/libcap.so.2"
Log: Changing rpath in "/home/runner/work/GoldenCheetah/GoldenCheetah/src/appdir/lib/libcap.so.2" to "$ORIGIN"
Log: "libgcrypt.so.20" already at target location
Log: Checking rpath in "/home/runner/work/GoldenCheetah/GoldenCheetah/src/appdir/lib/libgcrypt.so.20"
Log: Changing rpath in "/home/runner/work/GoldenCheetah/GoldenCheetah/src/appdir/lib/libgcrypt.so.20" to "$ORIGIN"
Log: "liblz4.so.1" already at target location
Log: Checking rpath in "/home/runner/work/GoldenCheetah/GoldenCheetah/src/appdir/lib/liblz4.so.1"
Log: Changing rpath in "/home/runner/work/GoldenCheetah/GoldenCheetah/src/appdir/lib/liblz4.so.1" to "$ORIGIN"
Log: "liblzma.so.5" already at target location
Log: Checking rpath in "/home/runner/work/GoldenCheetah/GoldenCheetah/src/appdir/lib/liblzma.so.5"
Log: Changing rpath in "/home/runner/work/GoldenCheetah/GoldenCheetah/src/appdir/lib/liblzma.so.5" to "$ORIGIN"
Log: "libmd.so.0" already at target location
Log: Checking rpath in "/home/runner/work/GoldenCheetah/GoldenCheetah/src/appdir/lib/libmd.so.0"
Log: Changing rpath in "/home/runner/work/GoldenCheetah/GoldenCheetah/src/appdir/lib/libmd.so.0" to "$ORIGIN"
Log: Checking rpath in "/home/runner/work/GoldenCheetah/GoldenCheetah/src/appdir/plugins/imageformats/libqjpeg.so"
Log: Changing rpath in "/home/runner/work/GoldenCheetah/GoldenCheetah/src/appdir/plugins/imageformats/libqjpeg.so" to "$ORIGIN/../../lib"
Log:  copied: "/home/runner/work/GoldenCheetah/GoldenCheetah/6.8.0/gcc_64/plugins/imageformats/libqsvg.so"
Log:  to "/home/runner/work/GoldenCheetah/GoldenCheetah/src/appdir/plugins/imageformats/libqsvg.so"
Log: Deploying the following libraries: QList("/home/runner/work/GoldenCheetah/GoldenCheetah/src/appdir/plugins/imageformats/libqsvg.so")
Log: "libxkbcommon.so.0" already at target location
Log: Checking rpath in "/home/runner/work/GoldenCheetah/GoldenCheetah/src/appdir/lib/libxkbcommon.so.0"
Log: Changing rpath in "/home/runner/work/GoldenCheetah/GoldenCheetah/src/appdir/lib/libxkbcommon.so.0" to "$ORIGIN"
Log: "libQt6Svg.so.6" already at target location
Log: Checking rpath in "/home/runner/work/GoldenCheetah/GoldenCheetah/src/appdir/lib/libQt6Svg.so.6"
Log: Changing rpath in "/home/runner/work/GoldenCheetah/GoldenCheetah/src/appdir/lib/libQt6Svg.so.6" to "$ORIGIN"
Log: "libQt6Gui.so.6" already at target location
Log: Checking rpath in "/home/runner/work/GoldenCheetah/GoldenCheetah/src/appdir/lib/libQt6Gui.so.6"
Log: Changing rpath in "/home/runner/work/GoldenCheetah/GoldenCheetah/src/appdir/lib/libQt6Gui.so.6" to "$ORIGIN"
Log: Setting deploymentInfo.qtPath to: "/home/runner/work/GoldenCheetah/GoldenCheetah/src/appdir/lib/"
Log: "libQt6Core.so.6" already at target location
Log: Checking rpath in "/home/runner/work/GoldenCheetah/GoldenCheetah/src/appdir/lib/libQt6Core.so.6"
Log: Changing rpath in "/home/runner/work/GoldenCheetah/GoldenCheetah/src/appdir/lib/libQt6Core.so.6" to "$ORIGIN"
Log: "libglib-2.0.so.0" already at target location
Log: Checking rpath in "/home/runner/work/GoldenCheetah/GoldenCheetah/src/appdir/lib/libglib-2.0.so.0"
Log: Changing rpath in "/home/runner/work/GoldenCheetah/GoldenCheetah/src/appdir/lib/libglib-2.0.so.0" to "$ORIGIN"
Log: "libQt6DBus.so.6" already at target location
Log: Checking rpath in "/home/runner/work/GoldenCheetah/GoldenCheetah/src/appdir/lib/libQt6DBus.so.6"
Log: Changing rpath in "/home/runner/work/GoldenCheetah/GoldenCheetah/src/appdir/lib/libQt6DBus.so.6" to "$ORIGIN"
Log: "libgthread-2.0.so.0" already at target location
Log: Checking rpath in "/home/runner/work/GoldenCheetah/GoldenCheetah/src/appdir/lib/libgthread-2.0.so.0"
Log: Changing rpath in "/home/runner/work/GoldenCheetah/GoldenCheetah/src/appdir/lib/libgthread-2.0.so.0" to "$ORIGIN"
Log: "libicui18n.so.73" already at target location
Log: Checking rpath in "/home/runner/work/GoldenCheetah/GoldenCheetah/src/appdir/lib/libicui18n.so.73"
Log: Changing rpath in "/home/runner/work/GoldenCheetah/GoldenCheetah/src/appdir/lib/libicui18n.so.73" to "$ORIGIN"
Log: "libicuuc.so.73" already at target location
Log: Checking rpath in "/home/runner/work/GoldenCheetah/GoldenCheetah/src/appdir/lib/libicuuc.so.73"
Log: Changing rpath in "/home/runner/work/GoldenCheetah/GoldenCheetah/src/appdir/lib/libicuuc.so.73" to "$ORIGIN"
Log: "libicudata.so.73" already at target location
Log: Checking rpath in "/home/runner/work/GoldenCheetah/GoldenCheetah/src/appdir/lib/libicudata.so.73"
Log: Changing rpath in "/home/runner/work/GoldenCheetah/GoldenCheetah/src/appdir/lib/libicudata.so.73" to "$ORIGIN"
Log: "libzstd.so.1" already at target location
Log: Checking rpath in "/home/runner/work/GoldenCheetah/GoldenCheetah/src/appdir/lib/libzstd.so.1"
Log: Changing rpath in "/home/runner/work/GoldenCheetah/GoldenCheetah/src/appdir/lib/libzstd.so.1" to "$ORIGIN"
Log: "libpcre2-8.so.0" already at target location
Log: Checking rpath in "/home/runner/work/GoldenCheetah/GoldenCheetah/src/appdir/lib/libpcre2-8.so.0"
Log: Changing rpath in "/home/runner/work/GoldenCheetah/GoldenCheetah/src/appdir/lib/libpcre2-8.so.0" to "$ORIGIN"
Log: "libdbus-1.so.3" already at target location
Log: Checking rpath in "/home/runner/work/GoldenCheetah/GoldenCheetah/src/appdir/lib/libdbus-1.so.3"
Log: Changing rpath in "/home/runner/work/GoldenCheetah/GoldenCheetah/src/appdir/lib/libdbus-1.so.3" to "$ORIGIN"
Log: "libbz2.so.1.0" already at target location
Log: Checking rpath in "/home/runner/work/GoldenCheetah/GoldenCheetah/src/appdir/lib/libbz2.so.1.0"
Log: Changing rpath in "/home/runner/work/GoldenCheetah/GoldenCheetah/src/appdir/lib/libbz2.so.1.0" to "$ORIGIN"
Log: "libpng16.so.16" already at target location
Log: Checking rpath in "/home/runner/work/GoldenCheetah/GoldenCheetah/src/appdir/lib/libpng16.so.16"
Log: Changing rpath in "/home/runner/work/GoldenCheetah/GoldenCheetah/src/appdir/lib/libpng16.so.16" to "$ORIGIN"
Log: "libbrotlidec.so.1" already at target location
Log: Checking rpath in "/home/runner/work/GoldenCheetah/GoldenCheetah/src/appdir/lib/libbrotlidec.so.1"
Log: Changing rpath in "/home/runner/work/GoldenCheetah/GoldenCheetah/src/appdir/lib/libbrotlidec.so.1" to "$ORIGIN"
Log: "libXau.so.6" already at target location
Log: Checking rpath in "/home/runner/work/GoldenCheetah/GoldenCheetah/src/appdir/lib/libXau.so.6"
Log: Changing rpath in "/home/runner/work/GoldenCheetah/GoldenCheetah/src/appdir/lib/libXau.so.6" to "$ORIGIN"
Log: "libXdmcp.so.6" already at target location
Log: Checking rpath in "/home/runner/work/GoldenCheetah/GoldenCheetah/src/appdir/lib/libXdmcp.so.6"
Log: Changing rpath in "/home/runner/work/GoldenCheetah/GoldenCheetah/src/appdir/lib/libXdmcp.so.6" to "$ORIGIN"
Log: "libsystemd.so.0" already at target location
Log: Checking rpath in "/home/runner/work/GoldenCheetah/GoldenCheetah/src/appdir/lib/libsystemd.so.0"
Log: Changing rpath in "/home/runner/work/GoldenCheetah/GoldenCheetah/src/appdir/lib/libsystemd.so.0" to "$ORIGIN"
Log: "libbrotlicommon.so.1" already at target location
Log: Checking rpath in "/home/runner/work/GoldenCheetah/GoldenCheetah/src/appdir/lib/libbrotlicommon.so.1"
Log: Changing rpath in "/home/runner/work/GoldenCheetah/GoldenCheetah/src/appdir/lib/libbrotlicommon.so.1" to "$ORIGIN"
Log: "libbsd.so.0" already at target location
Log: Checking rpath in "/home/runner/work/GoldenCheetah/GoldenCheetah/src/appdir/lib/libbsd.so.0"
Log: Changing rpath in "/home/runner/work/GoldenCheetah/GoldenCheetah/src/appdir/lib/libbsd.so.0" to "$ORIGIN"
Log: "libcap.so.2" already at target location
Log: Checking rpath in "/home/runner/work/GoldenCheetah/GoldenCheetah/src/appdir/lib/libcap.so.2"
Log: Changing rpath in "/home/runner/work/GoldenCheetah/GoldenCheetah/src/appdir/lib/libcap.so.2" to "$ORIGIN"
Log: "libgcrypt.so.20" already at target location
Log: Checking rpath in "/home/runner/work/GoldenCheetah/GoldenCheetah/src/appdir/lib/libgcrypt.so.20"
Log: Changing rpath in "/home/runner/work/GoldenCheetah/GoldenCheetah/src/appdir/lib/libgcrypt.so.20" to "$ORIGIN"
Log: "liblz4.so.1" already at target location
Log: Checking rpath in "/home/runner/work/GoldenCheetah/GoldenCheetah/src/appdir/lib/liblz4.so.1"
Log: Changing rpath in "/home/runner/work/GoldenCheetah/GoldenCheetah/src/appdir/lib/liblz4.so.1" to "$ORIGIN"
Log: "liblzma.so.5" already at target location
Log: Checking rpath in "/home/runner/work/GoldenCheetah/GoldenCheetah/src/appdir/lib/liblzma.so.5"
Log: Changing rpath in "/home/runner/work/GoldenCheetah/GoldenCheetah/src/appdir/lib/liblzma.so.5" to "$ORIGIN"
Log: "libmd.so.0" already at target location
Log: Checking rpath in "/home/runner/work/GoldenCheetah/GoldenCheetah/src/appdir/lib/libmd.so.0"
Log: Changing rpath in "/home/runner/work/GoldenCheetah/GoldenCheetah/src/appdir/lib/libmd.so.0" to "$ORIGIN"
Log: Checking rpath in "/home/runner/work/GoldenCheetah/GoldenCheetah/src/appdir/plugins/imageformats/libqsvg.so"
Log: Changing rpath in "/home/runner/work/GoldenCheetah/GoldenCheetah/src/appdir/plugins/imageformats/libqsvg.so" to "$ORIGIN/../../lib"
Log:  copied: "/home/runner/work/GoldenCheetah/GoldenCheetah/6.8.0/gcc_64/plugins/xcbglintegrations/libqxcb-egl-integration.so"
Log:  to "/home/runner/work/GoldenCheetah/GoldenCheetah/src/appdir/plugins/xcbglintegrations/libqxcb-egl-integration.so"
Log: Deploying the following libraries: QList("/home/runner/work/GoldenCheetah/GoldenCheetah/src/appdir/plugins/xcbglintegrations/libqxcb-egl-integration.so")
Log: "libQt6XcbQpa.so.6" already at target location
Log: Checking rpath in "/home/runner/work/GoldenCheetah/GoldenCheetah/src/appdir/lib/libQt6XcbQpa.so.6"
Log: Changing rpath in "/home/runner/work/GoldenCheetah/GoldenCheetah/src/appdir/lib/libQt6XcbQpa.so.6" to "$ORIGIN"
Log: "libQt6Gui.so.6" already at target location
Log: Checking rpath in "/home/runner/work/GoldenCheetah/GoldenCheetah/src/appdir/lib/libQt6Gui.so.6"
Log: Changing rpath in "/home/runner/work/GoldenCheetah/GoldenCheetah/src/appdir/lib/libQt6Gui.so.6" to "$ORIGIN"
Log: Setting deploymentInfo.qtPath to: "/home/runner/work/GoldenCheetah/GoldenCheetah/src/appdir/lib/"
Log: "libQt6Core.so.6" already at target location
Log: Checking rpath in "/home/runner/work/GoldenCheetah/GoldenCheetah/src/appdir/lib/libQt6Core.so.6"
Log: Changing rpath in "/home/runner/work/GoldenCheetah/GoldenCheetah/src/appdir/lib/libQt6Core.so.6" to "$ORIGIN"
Log: "libxkbcommon.so.0" already at target location
Log: Checking rpath in "/home/runner/work/GoldenCheetah/GoldenCheetah/src/appdir/lib/libxkbcommon.so.0"
Log: Changing rpath in "/home/runner/work/GoldenCheetah/GoldenCheetah/src/appdir/lib/libxkbcommon.so.0" to "$ORIGIN"
Log: "libxkbcommon-x11.so.0" already at target location
Log: Checking rpath in "/home/runner/work/GoldenCheetah/GoldenCheetah/src/appdir/lib/libxkbcommon-x11.so.0"
Log: Changing rpath in "/home/runner/work/GoldenCheetah/GoldenCheetah/src/appdir/lib/libxkbcommon-x11.so.0" to "$ORIGIN"
Log: "libxcb-cursor.so.0" already at target location
Log: Checking rpath in "/home/runner/work/GoldenCheetah/GoldenCheetah/src/appdir/lib/libxcb-cursor.so.0"
Log: Changing rpath in "/home/runner/work/GoldenCheetah/GoldenCheetah/src/appdir/lib/libxcb-cursor.so.0" to "$ORIGIN"
Log: "libxcb-icccm.so.4" already at target location
Log: Checking rpath in "/home/runner/work/GoldenCheetah/GoldenCheetah/src/appdir/lib/libxcb-icccm.so.4"
Log: Changing rpath in "/home/runner/work/GoldenCheetah/GoldenCheetah/src/appdir/lib/libxcb-icccm.so.4" to "$ORIGIN"
Log: "libxcb-image.so.0" already at target location
Log: Checking rpath in "/home/runner/work/GoldenCheetah/GoldenCheetah/src/appdir/lib/libxcb-image.so.0"
Log: Changing rpath in "/home/runner/work/GoldenCheetah/GoldenCheetah/src/appdir/lib/libxcb-image.so.0" to "$ORIGIN"
Log: "libxcb-keysyms.so.1" already at target location
Log: Checking rpath in "/home/runner/work/GoldenCheetah/GoldenCheetah/src/appdir/lib/libxcb-keysyms.so.1"
Log: Changing rpath in "/home/runner/work/GoldenCheetah/GoldenCheetah/src/appdir/lib/libxcb-keysyms.so.1" to "$ORIGIN"
Log: "libxcb-randr.so.0" already at target location
Log: Checking rpath in "/home/runner/work/GoldenCheetah/GoldenCheetah/src/appdir/lib/libxcb-randr.so.0"
Log: Changing rpath in "/home/runner/work/GoldenCheetah/GoldenCheetah/src/appdir/lib/libxcb-randr.so.0" to "$ORIGIN"
Log: "libxcb-render-util.so.0" already at target location
Log: Checking rpath in "/home/runner/work/GoldenCheetah/GoldenCheetah/src/appdir/lib/libxcb-render-util.so.0"
Log: Changing rpath in "/home/runner/work/GoldenCheetah/GoldenCheetah/src/appdir/lib/libxcb-render-util.so.0" to "$ORIGIN"
Log: "libxcb-shm.so.0" already at target location
Log: Checking rpath in "/home/runner/work/GoldenCheetah/GoldenCheetah/src/appdir/lib/libxcb-shm.so.0"
Log: Changing rpath in "/home/runner/work/GoldenCheetah/GoldenCheetah/src/appdir/lib/libxcb-shm.so.0" to "$ORIGIN"
Log: "libxcb-sync.so.1" already at target location
Log: Checking rpath in "/home/runner/work/GoldenCheetah/GoldenCheetah/src/appdir/lib/libxcb-sync.so.1"
Log: Changing rpath in "/home/runner/work/GoldenCheetah/GoldenCheetah/src/appdir/lib/libxcb-sync.so.1" to "$ORIGIN"
Log: "libxcb-xfixes.so.0" already at target location
Log: Checking rpath in "/home/runner/work/GoldenCheetah/GoldenCheetah/src/appdir/lib/libxcb-xfixes.so.0"
Log: Changing rpath in "/home/runner/work/GoldenCheetah/GoldenCheetah/src/appdir/lib/libxcb-xfixes.so.0" to "$ORIGIN"
Log: "libxcb-render.so.0" already at target location
Log: Checking rpath in "/home/runner/work/GoldenCheetah/GoldenCheetah/src/appdir/lib/libxcb-render.so.0"
Log: Changing rpath in "/home/runner/work/GoldenCheetah/GoldenCheetah/src/appdir/lib/libxcb-render.so.0" to "$ORIGIN"
Log: "libxcb-shape.so.0" already at target location
Log: Checking rpath in "/home/runner/work/GoldenCheetah/GoldenCheetah/src/appdir/lib/libxcb-shape.so.0"
Log: Changing rpath in "/home/runner/work/GoldenCheetah/GoldenCheetah/src/appdir/lib/libxcb-shape.so.0" to "$ORIGIN"
Log: "libxcb-xkb.so.1" already at target location
Log: Checking rpath in "/home/runner/work/GoldenCheetah/GoldenCheetah/src/appdir/lib/libxcb-xkb.so.1"
Log: Changing rpath in "/home/runner/work/GoldenCheetah/GoldenCheetah/src/appdir/lib/libxcb-xkb.so.1" to "$ORIGIN"
Log: "libglib-2.0.so.0" already at target location
Log: Checking rpath in "/home/runner/work/GoldenCheetah/GoldenCheetah/src/appdir/lib/libglib-2.0.so.0"
Log: Changing rpath in "/home/runner/work/GoldenCheetah/GoldenCheetah/src/appdir/lib/libglib-2.0.so.0" to "$ORIGIN"
Log: "libgthread-2.0.so.0" already at target location
Log: Checking rpath in "/home/runner/work/GoldenCheetah/GoldenCheetah/src/appdir/lib/libgthread-2.0.so.0"
Log: Changing rpath in "/home/runner/work/GoldenCheetah/GoldenCheetah/src/appdir/lib/libgthread-2.0.so.0" to "$ORIGIN"
Log: "libQt6DBus.so.6" already at target location
Log: Checking rpath in "/home/runner/work/GoldenCheetah/GoldenCheetah/src/appdir/lib/libQt6DBus.so.6"
Log: Changing rpath in "/home/runner/work/GoldenCheetah/GoldenCheetah/src/appdir/lib/libQt6DBus.so.6" to "$ORIGIN"
Log: "libicui18n.so.73" already at target location
Log: Checking rpath in "/home/runner/work/GoldenCheetah/GoldenCheetah/src/appdir/lib/libicui18n.so.73"
Log: Changing rpath in "/home/runner/work/GoldenCheetah/GoldenCheetah/src/appdir/lib/libicui18n.so.73" to "$ORIGIN"
Log: "libicuuc.so.73" already at target location
Log: Checking rpath in "/home/runner/work/GoldenCheetah/GoldenCheetah/src/appdir/lib/libicuuc.so.73"
Log: Changing rpath in "/home/runner/work/GoldenCheetah/GoldenCheetah/src/appdir/lib/libicuuc.so.73" to "$ORIGIN"
Log: "libicudata.so.73" already at target location
Log: Checking rpath in "/home/runner/work/GoldenCheetah/GoldenCheetah/src/appdir/lib/libicudata.so.73"
Log: Changing rpath in "/home/runner/work/GoldenCheetah/GoldenCheetah/src/appdir/lib/libicudata.so.73" to "$ORIGIN"
Log: "libzstd.so.1" already at target location
Log: Checking rpath in "/home/runner/work/GoldenCheetah/GoldenCheetah/src/appdir/lib/libzstd.so.1"
Log: Changing rpath in "/home/runner/work/GoldenCheetah/GoldenCheetah/src/appdir/lib/libzstd.so.1" to "$ORIGIN"
Log: "libxcb-util.so.1" already at target location
Log: Checking rpath in "/home/runner/work/GoldenCheetah/GoldenCheetah/src/appdir/lib/libxcb-util.so.1"
Log: Changing rpath in "/home/runner/work/GoldenCheetah/GoldenCheetah/src/appdir/lib/libxcb-util.so.1" to "$ORIGIN"
Log: "libXau.so.6" already at target location
Log: Checking rpath in "/home/runner/work/GoldenCheetah/GoldenCheetah/src/appdir/lib/libXau.so.6"
Log: Changing rpath in "/home/runner/work/GoldenCheetah/GoldenCheetah/src/appdir/lib/libXau.so.6" to "$ORIGIN"
Log: "libXdmcp.so.6" already at target location
Log: Checking rpath in "/home/runner/work/GoldenCheetah/GoldenCheetah/src/appdir/lib/libXdmcp.so.6"
Log: Changing rpath in "/home/runner/work/GoldenCheetah/GoldenCheetah/src/appdir/lib/libXdmcp.so.6" to "$ORIGIN"
Log: "libpcre2-8.so.0" already at target location
Log: Checking rpath in "/home/runner/work/GoldenCheetah/GoldenCheetah/src/appdir/lib/libpcre2-8.so.0"
Log: Changing rpath in "/home/runner/work/GoldenCheetah/GoldenCheetah/src/appdir/lib/libpcre2-8.so.0" to "$ORIGIN"
Log: "libdbus-1.so.3" already at target location
Log: Checking rpath in "/home/runner/work/GoldenCheetah/GoldenCheetah/src/appdir/lib/libdbus-1.so.3"
Log: Changing rpath in "/home/runner/work/GoldenCheetah/GoldenCheetah/src/appdir/lib/libdbus-1.so.3" to "$ORIGIN"
Log: "libbz2.so.1.0" already at target location
Log: Checking rpath in "/home/runner/work/GoldenCheetah/GoldenCheetah/src/appdir/lib/libbz2.so.1.0"
Log: Changing rpath in "/home/runner/work/GoldenCheetah/GoldenCheetah/src/appdir/lib/libbz2.so.1.0" to "$ORIGIN"
Log: "libpng16.so.16" already at target location
Log: Checking rpath in "/home/runner/work/GoldenCheetah/GoldenCheetah/src/appdir/lib/libpng16.so.16"
Log: Changing rpath in "/home/runner/work/GoldenCheetah/GoldenCheetah/src/appdir/lib/libpng16.so.16" to "$ORIGIN"
Log: "libbrotlidec.so.1" already at target location
Log: Checking rpath in "/home/runner/work/GoldenCheetah/GoldenCheetah/src/appdir/lib/libbrotlidec.so.1"
Log: Changing rpath in "/home/runner/work/GoldenCheetah/GoldenCheetah/src/appdir/lib/libbrotlidec.so.1" to "$ORIGIN"
Log: "libbsd.so.0" already at target location
Log: Checking rpath in "/home/runner/work/GoldenCheetah/GoldenCheetah/src/appdir/lib/libbsd.so.0"
Log: Changing rpath in "/home/runner/work/GoldenCheetah/GoldenCheetah/src/appdir/lib/libbsd.so.0" to "$ORIGIN"
Log: "libsystemd.so.0" already at target location
Log: Checking rpath in "/home/runner/work/GoldenCheetah/GoldenCheetah/src/appdir/lib/libsystemd.so.0"
Log: Changing rpath in "/home/runner/work/GoldenCheetah/GoldenCheetah/src/appdir/lib/libsystemd.so.0" to "$ORIGIN"
Log: "libbrotlicommon.so.1" already at target location
Log: Checking rpath in "/home/runner/work/GoldenCheetah/GoldenCheetah/src/appdir/lib/libbrotlicommon.so.1"
Log: Changing rpath in "/home/runner/work/GoldenCheetah/GoldenCheetah/src/appdir/lib/libbrotlicommon.so.1" to "$ORIGIN"
Log: "libmd.so.0" already at target location
Log: Checking rpath in "/home/runner/work/GoldenCheetah/GoldenCheetah/src/appdir/lib/libmd.so.0"
Log: Changing rpath in "/home/runner/work/GoldenCheetah/GoldenCheetah/src/appdir/lib/libmd.so.0" to "$ORIGIN"
Log: "libcap.so.2" already at target location
Log: Checking rpath in "/home/runner/work/GoldenCheetah/GoldenCheetah/src/appdir/lib/libcap.so.2"
Log: Changing rpath in "/home/runner/work/GoldenCheetah/GoldenCheetah/src/appdir/lib/libcap.so.2" to "$ORIGIN"
Log: "libgcrypt.so.20" already at target location
Log: Checking rpath in "/home/runner/work/GoldenCheetah/GoldenCheetah/src/appdir/lib/libgcrypt.so.20"
Log: Changing rpath in "/home/runner/work/GoldenCheetah/GoldenCheetah/src/appdir/lib/libgcrypt.so.20" to "$ORIGIN"
Log: "liblz4.so.1" already at target location
Log: Checking rpath in "/home/runner/work/GoldenCheetah/GoldenCheetah/src/appdir/lib/liblz4.so.1"
Log: Changing rpath in "/home/runner/work/GoldenCheetah/GoldenCheetah/src/appdir/lib/liblz4.so.1" to "$ORIGIN"
Log: "liblzma.so.5" already at target location
Log: Checking rpath in "/home/runner/work/GoldenCheetah/GoldenCheetah/src/appdir/lib/liblzma.so.5"
Log: Changing rpath in "/home/runner/work/GoldenCheetah/GoldenCheetah/src/appdir/lib/liblzma.so.5" to "$ORIGIN"
Log: Checking rpath in "/home/runner/work/GoldenCheetah/GoldenCheetah/src/appdir/plugins/xcbglintegrations/libqxcb-egl-integration.so"
Log: Changing rpath in "/home/runner/work/GoldenCheetah/GoldenCheetah/src/appdir/plugins/xcbglintegrations/libqxcb-egl-integration.so" to "$ORIGIN/../../lib"
Log:  copied: "/home/runner/work/GoldenCheetah/GoldenCheetah/6.8.0/gcc_64/plugins/xcbglintegrations/libqxcb-glx-integration.so"
Log:  to "/home/runner/work/GoldenCheetah/GoldenCheetah/src/appdir/plugins/xcbglintegrations/libqxcb-glx-integration.so"
Log: Deploying the following libraries: QList("/home/runner/work/GoldenCheetah/GoldenCheetah/src/appdir/plugins/xcbglintegrations/libqxcb-glx-integration.so")
Log: "libQt6XcbQpa.so.6" already at target location
Log: Checking rpath in "/home/runner/work/GoldenCheetah/GoldenCheetah/src/appdir/lib/libQt6XcbQpa.so.6"
Log: Changing rpath in "/home/runner/work/GoldenCheetah/GoldenCheetah/src/appdir/lib/libQt6XcbQpa.so.6" to "$ORIGIN"
Log:  copied: "/lib/x86_64-linux-gnu/libxcb-glx.so.0"
Log:  to "/home/runner/work/GoldenCheetah/GoldenCheetah/src/appdir/lib//libxcb-glx.so.0"
Log: Checking rpath in "/home/runner/work/GoldenCheetah/GoldenCheetah/src/appdir/lib/libxcb-glx.so.0"
Log: Changing rpath in "/home/runner/work/GoldenCheetah/GoldenCheetah/src/appdir/lib/libxcb-glx.so.0" to "$ORIGIN"
Log: "libQt6Gui.so.6" already at target location
Log: Checking rpath in "/home/runner/work/GoldenCheetah/GoldenCheetah/src/appdir/lib/libQt6Gui.so.6"
Log: Changing rpath in "/home/runner/work/GoldenCheetah/GoldenCheetah/src/appdir/lib/libQt6Gui.so.6" to "$ORIGIN"
Log: Setting deploymentInfo.qtPath to: "/home/runner/work/GoldenCheetah/GoldenCheetah/src/appdir/lib/"
Log: "libQt6Core.so.6" already at target location
Log: Checking rpath in "/home/runner/work/GoldenCheetah/GoldenCheetah/src/appdir/lib/libQt6Core.so.6"
Log: Changing rpath in "/home/runner/work/GoldenCheetah/GoldenCheetah/src/appdir/lib/libQt6Core.so.6" to "$ORIGIN"
Log: "libxkbcommon.so.0" already at target location
Log: Checking rpath in "/home/runner/work/GoldenCheetah/GoldenCheetah/src/appdir/lib/libxkbcommon.so.0"
Log: Changing rpath in "/home/runner/work/GoldenCheetah/GoldenCheetah/src/appdir/lib/libxkbcommon.so.0" to "$ORIGIN"
Log: "libxkbcommon-x11.so.0" already at target location
Log: Checking rpath in "/home/runner/work/GoldenCheetah/GoldenCheetah/src/appdir/lib/libxkbcommon-x11.so.0"
Log: Changing rpath in "/home/runner/work/GoldenCheetah/GoldenCheetah/src/appdir/lib/libxkbcommon-x11.so.0" to "$ORIGIN"
Log: "libxcb-cursor.so.0" already at target location
Log: Checking rpath in "/home/runner/work/GoldenCheetah/GoldenCheetah/src/appdir/lib/libxcb-cursor.so.0"
Log: Changing rpath in "/home/runner/work/GoldenCheetah/GoldenCheetah/src/appdir/lib/libxcb-cursor.so.0" to "$ORIGIN"
Log: "libxcb-icccm.so.4" already at target location
Log: Checking rpath in "/home/runner/work/GoldenCheetah/GoldenCheetah/src/appdir/lib/libxcb-icccm.so.4"
Log: Changing rpath in "/home/runner/work/GoldenCheetah/GoldenCheetah/src/appdir/lib/libxcb-icccm.so.4" to "$ORIGIN"
Log: "libxcb-image.so.0" already at target location
Log: Checking rpath in "/home/runner/work/GoldenCheetah/GoldenCheetah/src/appdir/lib/libxcb-image.so.0"
Log: Changing rpath in "/home/runner/work/GoldenCheetah/GoldenCheetah/src/appdir/lib/libxcb-image.so.0" to "$ORIGIN"
Log: "libxcb-keysyms.so.1" already at target location
Log: Checking rpath in "/home/runner/work/GoldenCheetah/GoldenCheetah/src/appdir/lib/libxcb-keysyms.so.1"
Log: Changing rpath in "/home/runner/work/GoldenCheetah/GoldenCheetah/src/appdir/lib/libxcb-keysyms.so.1" to "$ORIGIN"
Log: "libxcb-randr.so.0" already at target location
Log: Checking rpath in "/home/runner/work/GoldenCheetah/GoldenCheetah/src/appdir/lib/libxcb-randr.so.0"
Log: Changing rpath in "/home/runner/work/GoldenCheetah/GoldenCheetah/src/appdir/lib/libxcb-randr.so.0" to "$ORIGIN"
Log: "libxcb-render-util.so.0" already at target location
Log: Checking rpath in "/home/runner/work/GoldenCheetah/GoldenCheetah/src/appdir/lib/libxcb-render-util.so.0"
Log: Changing rpath in "/home/runner/work/GoldenCheetah/GoldenCheetah/src/appdir/lib/libxcb-render-util.so.0" to "$ORIGIN"
Log: "libxcb-shm.so.0" already at target location
Log: Checking rpath in "/home/runner/work/GoldenCheetah/GoldenCheetah/src/appdir/lib/libxcb-shm.so.0"
Log: Changing rpath in "/home/runner/work/GoldenCheetah/GoldenCheetah/src/appdir/lib/libxcb-shm.so.0" to "$ORIGIN"
Log: "libxcb-sync.so.1" already at target location
Log: Checking rpath in "/home/runner/work/GoldenCheetah/GoldenCheetah/src/appdir/lib/libxcb-sync.so.1"
Log: Changing rpath in "/home/runner/work/GoldenCheetah/GoldenCheetah/src/appdir/lib/libxcb-sync.so.1" to "$ORIGIN"
Log: "libxcb-xfixes.so.0" already at target location
Log: Checking rpath in "/home/runner/work/GoldenCheetah/GoldenCheetah/src/appdir/lib/libxcb-xfixes.so.0"
Log: Changing rpath in "/home/runner/work/GoldenCheetah/GoldenCheetah/src/appdir/lib/libxcb-xfixes.so.0" to "$ORIGIN"
Log: "libxcb-render.so.0" already at target location
Log: Checking rpath in "/home/runner/work/GoldenCheetah/GoldenCheetah/src/appdir/lib/libxcb-render.so.0"
Log: Changing rpath in "/home/runner/work/GoldenCheetah/GoldenCheetah/src/appdir/lib/libxcb-render.so.0" to "$ORIGIN"
Log: "libxcb-shape.so.0" already at target location
Log: Checking rpath in "/home/runner/work/GoldenCheetah/GoldenCheetah/src/appdir/lib/libxcb-shape.so.0"
Log: Changing rpath in "/home/runner/work/GoldenCheetah/GoldenCheetah/src/appdir/lib/libxcb-shape.so.0" to "$ORIGIN"
Log: "libxcb-xkb.so.1" already at target location
Log: Checking rpath in "/home/runner/work/GoldenCheetah/GoldenCheetah/src/appdir/lib/libxcb-xkb.so.1"
Log: Changing rpath in "/home/runner/work/GoldenCheetah/GoldenCheetah/src/appdir/lib/libxcb-xkb.so.1" to "$ORIGIN"
Log: "libglib-2.0.so.0" already at target location
Log: Checking rpath in "/home/runner/work/GoldenCheetah/GoldenCheetah/src/appdir/lib/libglib-2.0.so.0"
Log: Changing rpath in "/home/runner/work/GoldenCheetah/GoldenCheetah/src/appdir/lib/libglib-2.0.so.0" to "$ORIGIN"
Log: "libgthread-2.0.so.0" already at target location
Log: Checking rpath in "/home/runner/work/GoldenCheetah/GoldenCheetah/src/appdir/lib/libgthread-2.0.so.0"
Log: Changing rpath in "/home/runner/work/GoldenCheetah/GoldenCheetah/src/appdir/lib/libgthread-2.0.so.0" to "$ORIGIN"
Log: "libQt6DBus.so.6" already at target location
Log: Checking rpath in "/home/runner/work/GoldenCheetah/GoldenCheetah/src/appdir/lib/libQt6DBus.so.6"
Log: Changing rpath in "/home/runner/work/GoldenCheetah/GoldenCheetah/src/appdir/lib/libQt6DBus.so.6" to "$ORIGIN"
Log: "libicui18n.so.73" already at target location
Log: Checking rpath in "/home/runner/work/GoldenCheetah/GoldenCheetah/src/appdir/lib/libicui18n.so.73"
Log: Changing rpath in "/home/runner/work/GoldenCheetah/GoldenCheetah/src/appdir/lib/libicui18n.so.73" to "$ORIGIN"
Log: "libicuuc.so.73" already at target location
Log: Checking rpath in "/home/runner/work/GoldenCheetah/GoldenCheetah/src/appdir/lib/libicuuc.so.73"
Log: Changing rpath in "/home/runner/work/GoldenCheetah/GoldenCheetah/src/appdir/lib/libicuuc.so.73" to "$ORIGIN"
Log: "libicudata.so.73" already at target location
Log: Checking rpath in "/home/runner/work/GoldenCheetah/GoldenCheetah/src/appdir/lib/libicudata.so.73"
Log: Changing rpath in "/home/runner/work/GoldenCheetah/GoldenCheetah/src/appdir/lib/libicudata.so.73" to "$ORIGIN"
Log: "libzstd.so.1" already at target location
Log: Checking rpath in "/home/runner/work/GoldenCheetah/GoldenCheetah/src/appdir/lib/libzstd.so.1"
Log: Changing rpath in "/home/runner/work/GoldenCheetah/GoldenCheetah/src/appdir/lib/libzstd.so.1" to "$ORIGIN"
Log: "libxcb-util.so.1" already at target location
Log: Checking rpath in "/home/runner/work/GoldenCheetah/GoldenCheetah/src/appdir/lib/libxcb-util.so.1"
Log: Changing rpath in "/home/runner/work/GoldenCheetah/GoldenCheetah/src/appdir/lib/libxcb-util.so.1" to "$ORIGIN"
Log: "libXau.so.6" already at target location
Log: Checking rpath in "/home/runner/work/GoldenCheetah/GoldenCheetah/src/appdir/lib/libXau.so.6"
Log: Changing rpath in "/home/runner/work/GoldenCheetah/GoldenCheetah/src/appdir/lib/libXau.so.6" to "$ORIGIN"
Log: "libXdmcp.so.6" already at target location
Log: Checking rpath in "/home/runner/work/GoldenCheetah/GoldenCheetah/src/appdir/lib/libXdmcp.so.6"
Log: Changing rpath in "/home/runner/work/GoldenCheetah/GoldenCheetah/src/appdir/lib/libXdmcp.so.6" to "$ORIGIN"
Log: "libpcre2-8.so.0" already at target location
Log: Checking rpath in "/home/runner/work/GoldenCheetah/GoldenCheetah/src/appdir/lib/libpcre2-8.so.0"
Log: Changing rpath in "/home/runner/work/GoldenCheetah/GoldenCheetah/src/appdir/lib/libpcre2-8.so.0" to "$ORIGIN"
Log: "libdbus-1.so.3" already at target location
Log: Checking rpath in "/home/runner/work/GoldenCheetah/GoldenCheetah/src/appdir/lib/libdbus-1.so.3"
Log: Changing rpath in "/home/runner/work/GoldenCheetah/GoldenCheetah/src/appdir/lib/libdbus-1.so.3" to "$ORIGIN"
Log: "libbz2.so.1.0" already at target location
Log: Checking rpath in "/home/runner/work/GoldenCheetah/GoldenCheetah/src/appdir/lib/libbz2.so.1.0"
Log: Changing rpath in "/home/runner/work/GoldenCheetah/GoldenCheetah/src/appdir/lib/libbz2.so.1.0" to "$ORIGIN"
Log: "libpng16.so.16" already at target location
Log: Checking rpath in "/home/runner/work/GoldenCheetah/GoldenCheetah/src/appdir/lib/libpng16.so.16"
Log: Changing rpath in "/home/runner/work/GoldenCheetah/GoldenCheetah/src/appdir/lib/libpng16.so.16" to "$ORIGIN"
Log: "libbrotlidec.so.1" already at target location
Log: Checking rpath in "/home/runner/work/GoldenCheetah/GoldenCheetah/src/appdir/lib/libbrotlidec.so.1"
Log: Changing rpath in "/home/runner/work/GoldenCheetah/GoldenCheetah/src/appdir/lib/libbrotlidec.so.1" to "$ORIGIN"
Log: "libbsd.so.0" already at target location
Log: Checking rpath in "/home/runner/work/GoldenCheetah/GoldenCheetah/src/appdir/lib/libbsd.so.0"
Log: Changing rpath in "/home/runner/work/GoldenCheetah/GoldenCheetah/src/appdir/lib/libbsd.so.0" to "$ORIGIN"
Log: "libsystemd.so.0" already at target location
Log: Checking rpath in "/home/runner/work/GoldenCheetah/GoldenCheetah/src/appdir/lib/libsystemd.so.0"
Log: Changing rpath in "/home/runner/work/GoldenCheetah/GoldenCheetah/src/appdir/lib/libsystemd.so.0" to "$ORIGIN"
Log: "libbrotlicommon.so.1" already at target location
Log: Checking rpath in "/home/runner/work/GoldenCheetah/GoldenCheetah/src/appdir/lib/libbrotlicommon.so.1"
Log: Changing rpath in "/home/runner/work/GoldenCheetah/GoldenCheetah/src/appdir/lib/libbrotlicommon.so.1" to "$ORIGIN"
Log: "libmd.so.0" already at target location
Log: Checking rpath in "/home/runner/work/GoldenCheetah/GoldenCheetah/src/appdir/lib/libmd.so.0"
Log: Changing rpath in "/home/runner/work/GoldenCheetah/GoldenCheetah/src/appdir/lib/libmd.so.0" to "$ORIGIN"
Log: "libcap.so.2" already at target location
Log: Checking rpath in "/home/runner/work/GoldenCheetah/GoldenCheetah/src/appdir/lib/libcap.so.2"
Log: Changing rpath in "/home/runner/work/GoldenCheetah/GoldenCheetah/src/appdir/lib/libcap.so.2" to "$ORIGIN"
Log: "libgcrypt.so.20" already at target location
Log: Checking rpath in "/home/runner/work/GoldenCheetah/GoldenCheetah/src/appdir/lib/libgcrypt.so.20"
Log: Changing rpath in "/home/runner/work/GoldenCheetah/GoldenCheetah/src/appdir/lib/libgcrypt.so.20" to "$ORIGIN"
Log: "liblz4.so.1" already at target location
Log: Checking rpath in "/home/runner/work/GoldenCheetah/GoldenCheetah/src/appdir/lib/liblz4.so.1"
Log: Changing rpath in "/home/runner/work/GoldenCheetah/GoldenCheetah/src/appdir/lib/liblz4.so.1" to "$ORIGIN"
Log: "liblzma.so.5" already at target location
Log: Checking rpath in "/home/runner/work/GoldenCheetah/GoldenCheetah/src/appdir/lib/liblzma.so.5"
Log: Changing rpath in "/home/runner/work/GoldenCheetah/GoldenCheetah/src/appdir/lib/liblzma.so.5" to "$ORIGIN"
Log: Checking rpath in "/home/runner/work/GoldenCheetah/GoldenCheetah/src/appdir/plugins/xcbglintegrations/libqxcb-glx-integration.so"
Log: Changing rpath in "/home/runner/work/GoldenCheetah/GoldenCheetah/src/appdir/plugins/xcbglintegrations/libqxcb-glx-integration.so" to "$ORIGIN/../../lib"
Log: Deploying the following libraries: QList("/home/runner/work/GoldenCheetah/GoldenCheetah/src/appdir/plugins/iconengines/libqsvgicon.so")
Log: "libQt6Svg.so.6" already at target location
Log: Checking rpath in "/home/runner/work/GoldenCheetah/GoldenCheetah/src/appdir/lib/libQt6Svg.so.6"
Log: Changing rpath in "/home/runner/work/GoldenCheetah/GoldenCheetah/src/appdir/lib/libQt6Svg.so.6" to "$ORIGIN"
Log: "libxkbcommon.so.0" already at target location
Log: Checking rpath in "/home/runner/work/GoldenCheetah/GoldenCheetah/src/appdir/lib/libxkbcommon.so.0"
Log: Changing rpath in "/home/runner/work/GoldenCheetah/GoldenCheetah/src/appdir/lib/libxkbcommon.so.0" to "$ORIGIN"
Log: "libQt6Gui.so.6" already at target location
Log: Checking rpath in "/home/runner/work/GoldenCheetah/GoldenCheetah/src/appdir/lib/libQt6Gui.so.6"
Log: Changing rpath in "/home/runner/work/GoldenCheetah/GoldenCheetah/src/appdir/lib/libQt6Gui.so.6" to "$ORIGIN"
Log: Setting deploymentInfo.qtPath to: "/home/runner/work/GoldenCheetah/GoldenCheetah/src/appdir/lib/"
Log: "libQt6Core.so.6" already at target location
Log: Checking rpath in "/home/runner/work/GoldenCheetah/GoldenCheetah/src/appdir/lib/libQt6Core.so.6"
Log: Changing rpath in "/home/runner/work/GoldenCheetah/GoldenCheetah/src/appdir/lib/libQt6Core.so.6" to "$ORIGIN"
Log: "libglib-2.0.so.0" already at target location
Log: Checking rpath in "/home/runner/work/GoldenCheetah/GoldenCheetah/src/appdir/lib/libglib-2.0.so.0"
Log: Changing rpath in "/home/runner/work/GoldenCheetah/GoldenCheetah/src/appdir/lib/libglib-2.0.so.0" to "$ORIGIN"
Log: "libQt6DBus.so.6" already at target location
Log: Checking rpath in "/home/runner/work/GoldenCheetah/GoldenCheetah/src/appdir/lib/libQt6DBus.so.6"
Log: Changing rpath in "/home/runner/work/GoldenCheetah/GoldenCheetah/src/appdir/lib/libQt6DBus.so.6" to "$ORIGIN"
Log: "libgthread-2.0.so.0" already at target location
Log: Checking rpath in "/home/runner/work/GoldenCheetah/GoldenCheetah/src/appdir/lib/libgthread-2.0.so.0"
Log: Changing rpath in "/home/runner/work/GoldenCheetah/GoldenCheetah/src/appdir/lib/libgthread-2.0.so.0" to "$ORIGIN"
Log: "libicui18n.so.73" already at target location
Log: Checking rpath in "/home/runner/work/GoldenCheetah/GoldenCheetah/src/appdir/lib/libicui18n.so.73"
Log: Changing rpath in "/home/runner/work/GoldenCheetah/GoldenCheetah/src/appdir/lib/libicui18n.so.73" to "$ORIGIN"
Log: "libicuuc.so.73" already at target location
Log: Checking rpath in "/home/runner/work/GoldenCheetah/GoldenCheetah/src/appdir/lib/libicuuc.so.73"
Log: Changing rpath in "/home/runner/work/GoldenCheetah/GoldenCheetah/src/appdir/lib/libicuuc.so.73" to "$ORIGIN"
Log: "libicudata.so.73" already at target location
Log: Checking rpath in "/home/runner/work/GoldenCheetah/GoldenCheetah/src/appdir/lib/libicudata.so.73"
Log: Changing rpath in "/home/runner/work/GoldenCheetah/GoldenCheetah/src/appdir/lib/libicudata.so.73" to "$ORIGIN"
Log: "libzstd.so.1" already at target location
Log: Checking rpath in "/home/runner/work/GoldenCheetah/GoldenCheetah/src/appdir/lib/libzstd.so.1"
Log: Changing rpath in "/home/runner/work/GoldenCheetah/GoldenCheetah/src/appdir/lib/libzstd.so.1" to "$ORIGIN"
Log: "libpcre2-8.so.0" already at target location
Log: Checking rpath in "/home/runner/work/GoldenCheetah/GoldenCheetah/src/appdir/lib/libpcre2-8.so.0"
Log: Changing rpath in "/home/runner/work/GoldenCheetah/GoldenCheetah/src/appdir/lib/libpcre2-8.so.0" to "$ORIGIN"
Log: "libdbus-1.so.3" already at target location
Log: Checking rpath in "/home/runner/work/GoldenCheetah/GoldenCheetah/src/appdir/lib/libdbus-1.so.3"
Log: Changing rpath in "/home/runner/work/GoldenCheetah/GoldenCheetah/src/appdir/lib/libdbus-1.so.3" to "$ORIGIN"
Log: "libbz2.so.1.0" already at target location
Log: Checking rpath in "/home/runner/work/GoldenCheetah/GoldenCheetah/src/appdir/lib/libbz2.so.1.0"
Log: Changing rpath in "/home/runner/work/GoldenCheetah/GoldenCheetah/src/appdir/lib/libbz2.so.1.0" to "$ORIGIN"
Log: "libpng16.so.16" already at target location
Log: Checking rpath in "/home/runner/work/GoldenCheetah/GoldenCheetah/src/appdir/lib/libpng16.so.16"
Log: Changing rpath in "/home/runner/work/GoldenCheetah/GoldenCheetah/src/appdir/lib/libpng16.so.16" to "$ORIGIN"
Log: "libbrotlidec.so.1" already at target location
Log: Checking rpath in "/home/runner/work/GoldenCheetah/GoldenCheetah/src/appdir/lib/libbrotlidec.so.1"
Log: Changing rpath in "/home/runner/work/GoldenCheetah/GoldenCheetah/src/appdir/lib/libbrotlidec.so.1" to "$ORIGIN"
Log: "libXau.so.6" already at target location
Log: Checking rpath in "/home/runner/work/GoldenCheetah/GoldenCheetah/src/appdir/lib/libXau.so.6"
Log: Changing rpath in "/home/runner/work/GoldenCheetah/GoldenCheetah/src/appdir/lib/libXau.so.6" to "$ORIGIN"
Log: "libXdmcp.so.6" already at target location
Log: Checking rpath in "/home/runner/work/GoldenCheetah/GoldenCheetah/src/appdir/lib/libXdmcp.so.6"
Log: Changing rpath in "/home/runner/work/GoldenCheetah/GoldenCheetah/src/appdir/lib/libXdmcp.so.6" to "$ORIGIN"
Log: "libsystemd.so.0" already at target location
Log: Checking rpath in "/home/runner/work/GoldenCheetah/GoldenCheetah/src/appdir/lib/libsystemd.so.0"
Log: Changing rpath in "/home/runner/work/GoldenCheetah/GoldenCheetah/src/appdir/lib/libsystemd.so.0" to "$ORIGIN"
Log: "libbrotlicommon.so.1" already at target location
Log: Checking rpath in "/home/runner/work/GoldenCheetah/GoldenCheetah/src/appdir/lib/libbrotlicommon.so.1"
Log: Changing rpath in "/home/runner/work/GoldenCheetah/GoldenCheetah/src/appdir/lib/libbrotlicommon.so.1" to "$ORIGIN"
Log: "libbsd.so.0" already at target location
Log: Checking rpath in "/home/runner/work/GoldenCheetah/GoldenCheetah/src/appdir/lib/libbsd.so.0"
Log: Changing rpath in "/home/runner/work/GoldenCheetah/GoldenCheetah/src/appdir/lib/libbsd.so.0" to "$ORIGIN"
Log: "libcap.so.2" already at target location
Log: Checking rpath in "/home/runner/work/GoldenCheetah/GoldenCheetah/src/appdir/lib/libcap.so.2"
Log: Changing rpath in "/home/runner/work/GoldenCheetah/GoldenCheetah/src/appdir/lib/libcap.so.2" to "$ORIGIN"
Log: "libgcrypt.so.20" already at target location
Log: Checking rpath in "/home/runner/work/GoldenCheetah/GoldenCheetah/src/appdir/lib/libgcrypt.so.20"
Log: Changing rpath in "/home/runner/work/GoldenCheetah/GoldenCheetah/src/appdir/lib/libgcrypt.so.20" to "$ORIGIN"
Log: "liblz4.so.1" already at target location
Log: Checking rpath in "/home/runner/work/GoldenCheetah/GoldenCheetah/src/appdir/lib/liblz4.so.1"
Log: Changing rpath in "/home/runner/work/GoldenCheetah/GoldenCheetah/src/appdir/lib/liblz4.so.1" to "$ORIGIN"
Log: "liblzma.so.5" already at target location
Log: Checking rpath in "/home/runner/work/GoldenCheetah/GoldenCheetah/src/appdir/lib/liblzma.so.5"
Log: Changing rpath in "/home/runner/work/GoldenCheetah/GoldenCheetah/src/appdir/lib/liblzma.so.5" to "$ORIGIN"
Log: "libmd.so.0" already at target location
Log: Checking rpath in "/home/runner/work/GoldenCheetah/GoldenCheetah/src/appdir/lib/libmd.so.0"
Log: Changing rpath in "/home/runner/work/GoldenCheetah/GoldenCheetah/src/appdir/lib/libmd.so.0" to "$ORIGIN"
Log: Checking rpath in "/home/runner/work/GoldenCheetah/GoldenCheetah/src/appdir/plugins/iconengines/libqsvgicon.so"
Log: Changing rpath in "/home/runner/work/GoldenCheetah/GoldenCheetah/src/appdir/plugins/iconengines/libqsvgicon.so" to "$ORIGIN/../../lib"
Log:  copied: "/home/runner/work/GoldenCheetah/GoldenCheetah/6.8.0/gcc_64/plugins/printsupport/libcupsprintersupport.so"
Log:  to "/home/runner/work/GoldenCheetah/GoldenCheetah/src/appdir/plugins/printsupport/libcupsprintersupport.so"
Log: Deploying the following libraries: QList("/home/runner/work/GoldenCheetah/GoldenCheetah/src/appdir/plugins/printsupport/libcupsprintersupport.so")
Log:  copied: "/lib/x86_64-linux-gnu/libcups.so.2"
Log:  to "/home/runner/work/GoldenCheetah/GoldenCheetah/src/appdir/lib//libcups.so.2"
Log: Checking rpath in "/home/runner/work/GoldenCheetah/GoldenCheetah/src/appdir/lib/libcups.so.2"
Log: Changing rpath in "/home/runner/work/GoldenCheetah/GoldenCheetah/src/appdir/lib/libcups.so.2" to "$ORIGIN"
Log: "libQt6PrintSupport.so.6" already at target location
Log: Checking rpath in "/home/runner/work/GoldenCheetah/GoldenCheetah/src/appdir/lib/libQt6PrintSupport.so.6"
Log: Changing rpath in "/home/runner/work/GoldenCheetah/GoldenCheetah/src/appdir/lib/libQt6PrintSupport.so.6" to "$ORIGIN"
Log: "libxkbcommon.so.0" already at target location
Log: Checking rpath in "/home/runner/work/GoldenCheetah/GoldenCheetah/src/appdir/lib/libxkbcommon.so.0"
Log: Changing rpath in "/home/runner/work/GoldenCheetah/GoldenCheetah/src/appdir/lib/libxkbcommon.so.0" to "$ORIGIN"
Log: "libQt6Widgets.so.6" already at target location
Log: Checking rpath in "/home/runner/work/GoldenCheetah/GoldenCheetah/src/appdir/lib/libQt6Widgets.so.6"
Log: Changing rpath in "/home/runner/work/GoldenCheetah/GoldenCheetah/src/appdir/lib/libQt6Widgets.so.6" to "$ORIGIN"
Log: "libQt6Gui.so.6" already at target location
Log: Checking rpath in "/home/runner/work/GoldenCheetah/GoldenCheetah/src/appdir/lib/libQt6Gui.so.6"
Log: Changing rpath in "/home/runner/work/GoldenCheetah/GoldenCheetah/src/appdir/lib/libQt6Gui.so.6" to "$ORIGIN"
Log: Setting deploymentInfo.qtPath to: "/home/runner/work/GoldenCheetah/GoldenCheetah/src/appdir/lib/"
Log: "libQt6Core.so.6" already at target location
Log: Checking rpath in "/home/runner/work/GoldenCheetah/GoldenCheetah/src/appdir/lib/libQt6Core.so.6"
Log: Changing rpath in "/home/runner/work/GoldenCheetah/GoldenCheetah/src/appdir/lib/libQt6Core.so.6" to "$ORIGIN"
Log: "libgssapi_krb5.so.2" already at target location
Log: Checking rpath in "/home/runner/work/GoldenCheetah/GoldenCheetah/src/appdir/lib/libgssapi_krb5.so.2"
Log: Changing rpath in "/home/runner/work/GoldenCheetah/GoldenCheetah/src/appdir/lib/libgssapi_krb5.so.2" to "$ORIGIN"
Log:  copied: "/lib/x86_64-linux-gnu/libavahi-common.so.3"
Log:  to "/home/runner/work/GoldenCheetah/GoldenCheetah/src/appdir/lib//libavahi-common.so.3"
Log: Checking rpath in "/home/runner/work/GoldenCheetah/GoldenCheetah/src/appdir/lib/libavahi-common.so.3"
Log: Changing rpath in "/home/runner/work/GoldenCheetah/GoldenCheetah/src/appdir/lib/libavahi-common.so.3" to "$ORIGIN"
Log:  copied: "/lib/x86_64-linux-gnu/libavahi-client.so.3"
Log:  to "/home/runner/work/GoldenCheetah/GoldenCheetah/src/appdir/lib//libavahi-client.so.3"
Log: Checking rpath in "/home/runner/work/GoldenCheetah/GoldenCheetah/src/appdir/lib/libavahi-client.so.3"
Log: Changing rpath in "/home/runner/work/GoldenCheetah/GoldenCheetah/src/appdir/lib/libavahi-client.so.3" to "$ORIGIN"
Log:  copied: "/lib/x86_64-linux-gnu/libgnutls.so.30"
Log:  to "/home/runner/work/GoldenCheetah/GoldenCheetah/src/appdir/lib//libgnutls.so.30"
Log: Checking rpath in "/home/runner/work/GoldenCheetah/GoldenCheetah/src/appdir/lib/libgnutls.so.30"
Log: Changing rpath in "/home/runner/work/GoldenCheetah/GoldenCheetah/src/appdir/lib/libgnutls.so.30" to "$ORIGIN"
Log: "libglib-2.0.so.0" already at target location
Log: Checking rpath in "/home/runner/work/GoldenCheetah/GoldenCheetah/src/appdir/lib/libglib-2.0.so.0"
Log: Changing rpath in "/home/runner/work/GoldenCheetah/GoldenCheetah/src/appdir/lib/libglib-2.0.so.0" to "$ORIGIN"
Log: "libQt6DBus.so.6" already at target location
Log: Checking rpath in "/home/runner/work/GoldenCheetah/GoldenCheetah/src/appdir/lib/libQt6DBus.so.6"
Log: Changing rpath in "/home/runner/work/GoldenCheetah/GoldenCheetah/src/appdir/lib/libQt6DBus.so.6" to "$ORIGIN"
Log: "libgthread-2.0.so.0" already at target location
Log: Checking rpath in "/home/runner/work/GoldenCheetah/GoldenCheetah/src/appdir/lib/libgthread-2.0.so.0"
Log: Changing rpath in "/home/runner/work/GoldenCheetah/GoldenCheetah/src/appdir/lib/libgthread-2.0.so.0" to "$ORIGIN"
Log: "libicui18n.so.73" already at target location
Log: Checking rpath in "/home/runner/work/GoldenCheetah/GoldenCheetah/src/appdir/lib/libicui18n.so.73"
Log: Changing rpath in "/home/runner/work/GoldenCheetah/GoldenCheetah/src/appdir/lib/libicui18n.so.73" to "$ORIGIN"
Log: "libicuuc.so.73" already at target location
Log: Checking rpath in "/home/runner/work/GoldenCheetah/GoldenCheetah/src/appdir/lib/libicuuc.so.73"
Log: Changing rpath in "/home/runner/work/GoldenCheetah/GoldenCheetah/src/appdir/lib/libicuuc.so.73" to "$ORIGIN"
Log: "libicudata.so.73" already at target location
Log: Checking rpath in "/home/runner/work/GoldenCheetah/GoldenCheetah/src/appdir/lib/libicudata.so.73"
Log: Changing rpath in "/home/runner/work/GoldenCheetah/GoldenCheetah/src/appdir/lib/libicudata.so.73" to "$ORIGIN"
Log: "libzstd.so.1" already at target location
Log: Checking rpath in "/home/runner/work/GoldenCheetah/GoldenCheetah/src/appdir/lib/libzstd.so.1"
Log: Changing rpath in "/home/runner/work/GoldenCheetah/GoldenCheetah/src/appdir/lib/libzstd.so.1" to "$ORIGIN"
Log: "libkrb5.so.3" already at target location
Log: Checking rpath in "/home/runner/work/GoldenCheetah/GoldenCheetah/src/appdir/lib/libkrb5.so.3"
Log: Changing rpath in "/home/runner/work/GoldenCheetah/GoldenCheetah/src/appdir/lib/libkrb5.so.3" to "$ORIGIN"
Log: "libk5crypto.so.3" already at target location
Log: Checking rpath in "/home/runner/work/GoldenCheetah/GoldenCheetah/src/appdir/lib/libk5crypto.so.3"
Log: Changing rpath in "/home/runner/work/GoldenCheetah/GoldenCheetah/src/appdir/lib/libk5crypto.so.3" to "$ORIGIN"
Log: "libkrb5support.so.0" already at target location
Log: Checking rpath in "/home/runner/work/GoldenCheetah/GoldenCheetah/src/appdir/lib/libkrb5support.so.0"
Log: Changing rpath in "/home/runner/work/GoldenCheetah/GoldenCheetah/src/appdir/lib/libkrb5support.so.0" to "$ORIGIN"
Log: "libdbus-1.so.3" already at target location
Log: Checking rpath in "/home/runner/work/GoldenCheetah/GoldenCheetah/src/appdir/lib/libdbus-1.so.3"
Log: Changing rpath in "/home/runner/work/GoldenCheetah/GoldenCheetah/src/appdir/lib/libdbus-1.so.3" to "$ORIGIN"
Log:  copied: "/lib/x86_64-linux-gnu/libp11-kit.so.0"
Log:  to "/home/runner/work/GoldenCheetah/GoldenCheetah/src/appdir/lib//libp11-kit.so.0"
Log: Checking rpath in "/home/runner/work/GoldenCheetah/GoldenCheetah/src/appdir/lib/libp11-kit.so.0"
Log: Changing rpath in "/home/runner/work/GoldenCheetah/GoldenCheetah/src/appdir/lib/libp11-kit.so.0" to "$ORIGIN"
Log:  copied: "/lib/x86_64-linux-gnu/libidn2.so.0"
Log:  to "/home/runner/work/GoldenCheetah/GoldenCheetah/src/appdir/lib//libidn2.so.0"
Log: Checking rpath in "/home/runner/work/GoldenCheetah/GoldenCheetah/src/appdir/lib/libidn2.so.0"
Log: Changing rpath in "/home/runner/work/GoldenCheetah/GoldenCheetah/src/appdir/lib/libidn2.so.0" to "$ORIGIN"
Log:  copied: "/lib/x86_64-linux-gnu/libunistring.so.5"
Log:  to "/home/runner/work/GoldenCheetah/GoldenCheetah/src/appdir/lib//libunistring.so.5"
Log: Checking rpath in "/home/runner/work/GoldenCheetah/GoldenCheetah/src/appdir/lib/libunistring.so.5"
Log: Changing rpath in "/home/runner/work/GoldenCheetah/GoldenCheetah/src/appdir/lib/libunistring.so.5" to "$ORIGIN"
Log:  copied: "/lib/x86_64-linux-gnu/libtasn1.so.6"
Log:  to "/home/runner/work/GoldenCheetah/GoldenCheetah/src/appdir/lib//libtasn1.so.6"
Log: Checking rpath in "/home/runner/work/GoldenCheetah/GoldenCheetah/src/appdir/lib/libtasn1.so.6"
Log: Changing rpath in "/home/runner/work/GoldenCheetah/GoldenCheetah/src/appdir/lib/libtasn1.so.6" to "$ORIGIN"
Log:  copied: "/lib/x86_64-linux-gnu/libnettle.so.8"
Log:  to "/home/runner/work/GoldenCheetah/GoldenCheetah/src/appdir/lib//libnettle.so.8"
Log: Checking rpath in "/home/runner/work/GoldenCheetah/GoldenCheetah/src/appdir/lib/libnettle.so.8"
Log: Changing rpath in "/home/runner/work/GoldenCheetah/GoldenCheetah/src/appdir/lib/libnettle.so.8" to "$ORIGIN"
Log:  copied: "/lib/x86_64-linux-gnu/libhogweed.so.6"
Log:  to "/home/runner/work/GoldenCheetah/GoldenCheetah/src/appdir/lib//libhogweed.so.6"
Log: Checking rpath in "/home/runner/work/GoldenCheetah/GoldenCheetah/src/appdir/lib/libhogweed.so.6"
Log: Changing rpath in "/home/runner/work/GoldenCheetah/GoldenCheetah/src/appdir/lib/libhogweed.so.6" to "$ORIGIN"
Log: "libpcre2-8.so.0" already at target location
Log: Checking rpath in "/home/runner/work/GoldenCheetah/GoldenCheetah/src/appdir/lib/libpcre2-8.so.0"
Log: Changing rpath in "/home/runner/work/GoldenCheetah/GoldenCheetah/src/appdir/lib/libpcre2-8.so.0" to "$ORIGIN"
Log: "libbz2.so.1.0" already at target location
Log: Checking rpath in "/home/runner/work/GoldenCheetah/GoldenCheetah/src/appdir/lib/libbz2.so.1.0"
Log: Changing rpath in "/home/runner/work/GoldenCheetah/GoldenCheetah/src/appdir/lib/libbz2.so.1.0" to "$ORIGIN"
Log: "libpng16.so.16" already at target location
Log: Checking rpath in "/home/runner/work/GoldenCheetah/GoldenCheetah/src/appdir/lib/libpng16.so.16"
Log: Changing rpath in "/home/runner/work/GoldenCheetah/GoldenCheetah/src/appdir/lib/libpng16.so.16" to "$ORIGIN"
Log: "libbrotlidec.so.1" already at target location
Log: Checking rpath in "/home/runner/work/GoldenCheetah/GoldenCheetah/src/appdir/lib/libbrotlidec.so.1"
Log: Changing rpath in "/home/runner/work/GoldenCheetah/GoldenCheetah/src/appdir/lib/libbrotlidec.so.1" to "$ORIGIN"
Log: "libkeyutils.so.1" already at target location
Log: Checking rpath in "/home/runner/work/GoldenCheetah/GoldenCheetah/src/appdir/lib/libkeyutils.so.1"
Log: Changing rpath in "/home/runner/work/GoldenCheetah/GoldenCheetah/src/appdir/lib/libkeyutils.so.1" to "$ORIGIN"
Log: "libsystemd.so.0" already at target location
Log: Checking rpath in "/home/runner/work/GoldenCheetah/GoldenCheetah/src/appdir/lib/libsystemd.so.0"
Log: Changing rpath in "/home/runner/work/GoldenCheetah/GoldenCheetah/src/appdir/lib/libsystemd.so.0" to "$ORIGIN"
Log:  copied: "/lib/x86_64-linux-gnu/libffi.so.8"
Log:  to "/home/runner/work/GoldenCheetah/GoldenCheetah/src/appdir/lib//libffi.so.8"
Log: Checking rpath in "/home/runner/work/GoldenCheetah/GoldenCheetah/src/appdir/lib/libffi.so.8"
Log: Changing rpath in "/home/runner/work/GoldenCheetah/GoldenCheetah/src/appdir/lib/libffi.so.8" to "$ORIGIN"
Log: "libXau.so.6" already at target location
Log: Checking rpath in "/home/runner/work/GoldenCheetah/GoldenCheetah/src/appdir/lib/libXau.so.6"
Log: Changing rpath in "/home/runner/work/GoldenCheetah/GoldenCheetah/src/appdir/lib/libXau.so.6" to "$ORIGIN"
Log: "libXdmcp.so.6" already at target location
Log: Checking rpath in "/home/runner/work/GoldenCheetah/GoldenCheetah/src/appdir/lib/libXdmcp.so.6"
Log: Changing rpath in "/home/runner/work/GoldenCheetah/GoldenCheetah/src/appdir/lib/libXdmcp.so.6" to "$ORIGIN"
Log: "libbrotlicommon.so.1" already at target location
Log: Checking rpath in "/home/runner/work/GoldenCheetah/GoldenCheetah/src/appdir/lib/libbrotlicommon.so.1"
Log: Changing rpath in "/home/runner/work/GoldenCheetah/GoldenCheetah/src/appdir/lib/libbrotlicommon.so.1" to "$ORIGIN"
Log: "libcap.so.2" already at target location
Log: Checking rpath in "/home/runner/work/GoldenCheetah/GoldenCheetah/src/appdir/lib/libcap.so.2"
Log: Changing rpath in "/home/runner/work/GoldenCheetah/GoldenCheetah/src/appdir/lib/libcap.so.2" to "$ORIGIN"
Log: "libgcrypt.so.20" already at target location
Log: Checking rpath in "/home/runner/work/GoldenCheetah/GoldenCheetah/src/appdir/lib/libgcrypt.so.20"
Log: Changing rpath in "/home/runner/work/GoldenCheetah/GoldenCheetah/src/appdir/lib/libgcrypt.so.20" to "$ORIGIN"
Log: "liblz4.so.1" already at target location
Log: Checking rpath in "/home/runner/work/GoldenCheetah/GoldenCheetah/src/appdir/lib/liblz4.so.1"
Log: Changing rpath in "/home/runner/work/GoldenCheetah/GoldenCheetah/src/appdir/lib/liblz4.so.1" to "$ORIGIN"
Log: "liblzma.so.5" already at target location
Log: Checking rpath in "/home/runner/work/GoldenCheetah/GoldenCheetah/src/appdir/lib/liblzma.so.5"
Log: Changing rpath in "/home/runner/work/GoldenCheetah/GoldenCheetah/src/appdir/lib/liblzma.so.5" to "$ORIGIN"
Log: "libbsd.so.0" already at target location
Log: Checking rpath in "/home/runner/work/GoldenCheetah/GoldenCheetah/src/appdir/lib/libbsd.so.0"
Log: Changing rpath in "/home/runner/work/GoldenCheetah/GoldenCheetah/src/appdir/lib/libbsd.so.0" to "$ORIGIN"
Log: "libmd.so.0" already at target location
Log: Checking rpath in "/home/runner/work/GoldenCheetah/GoldenCheetah/src/appdir/lib/libmd.so.0"
Log: Changing rpath in "/home/runner/work/GoldenCheetah/GoldenCheetah/src/appdir/lib/libmd.so.0" to "$ORIGIN"
Log: Checking rpath in "/home/runner/work/GoldenCheetah/GoldenCheetah/src/appdir/plugins/printsupport/libcupsprintersupport.so"
Log: Changing rpath in "/home/runner/work/GoldenCheetah/GoldenCheetah/src/appdir/plugins/printsupport/libcupsprintersupport.so" to "$ORIGIN/../../lib"
Log:  copied: "/home/runner/work/GoldenCheetah/GoldenCheetah/6.8.0/gcc_64/plugins/networkinformation/libqglib.so"
Log:  to "/home/runner/work/GoldenCheetah/GoldenCheetah/src/appdir/plugins/networkinformation/libqglib.so"
Log: Deploying the following libraries: QList("/home/runner/work/GoldenCheetah/GoldenCheetah/src/appdir/plugins/networkinformation/libqglib.so")
Log:  copied: "/lib/x86_64-linux-gnu/libgobject-2.0.so.0"
Log:  to "/home/runner/work/GoldenCheetah/GoldenCheetah/src/appdir/lib//libgobject-2.0.so.0"
Log: Checking rpath in "/home/runner/work/GoldenCheetah/GoldenCheetah/src/appdir/lib/libgobject-2.0.so.0"
Log: Changing rpath in "/home/runner/work/GoldenCheetah/GoldenCheetah/src/appdir/lib/libgobject-2.0.so.0" to "$ORIGIN"
Log:  copied: "/lib/x86_64-linux-gnu/libgio-2.0.so.0"
Log:  to "/home/runner/work/GoldenCheetah/GoldenCheetah/src/appdir/lib//libgio-2.0.so.0"
Log: Checking rpath in "/home/runner/work/GoldenCheetah/GoldenCheetah/src/appdir/lib/libgio-2.0.so.0"
Log: Changing rpath in "/home/runner/work/GoldenCheetah/GoldenCheetah/src/appdir/lib/libgio-2.0.so.0" to "$ORIGIN"
Log: "libQt6Network.so.6" already at target location
Log: Checking rpath in "/home/runner/work/GoldenCheetah/GoldenCheetah/src/appdir/lib/libQt6Network.so.6"
Log: Changing rpath in "/home/runner/work/GoldenCheetah/GoldenCheetah/src/appdir/lib/libQt6Network.so.6" to "$ORIGIN"
Log: Setting deploymentInfo.qtPath to: "/home/runner/work/GoldenCheetah/GoldenCheetah/src/appdir/lib/"
Log: "libQt6Core.so.6" already at target location
Log: Checking rpath in "/home/runner/work/GoldenCheetah/GoldenCheetah/src/appdir/lib/libQt6Core.so.6"
Log: Changing rpath in "/home/runner/work/GoldenCheetah/GoldenCheetah/src/appdir/lib/libQt6Core.so.6" to "$ORIGIN"
Log: "libglib-2.0.so.0" already at target location
Log: Checking rpath in "/home/runner/work/GoldenCheetah/GoldenCheetah/src/appdir/lib/libglib-2.0.so.0"
Log: Changing rpath in "/home/runner/work/GoldenCheetah/GoldenCheetah/src/appdir/lib/libglib-2.0.so.0" to "$ORIGIN"
Log: "libffi.so.8" already at target location
Log: Checking rpath in "/home/runner/work/GoldenCheetah/GoldenCheetah/src/appdir/lib/libffi.so.8"
Log: Changing rpath in "/home/runner/work/GoldenCheetah/GoldenCheetah/src/appdir/lib/libffi.so.8" to "$ORIGIN"
Log:  copied: "/lib/x86_64-linux-gnu/libgmodule-2.0.so.0"
Log:  to "/home/runner/work/GoldenCheetah/GoldenCheetah/src/appdir/lib//libgmodule-2.0.so.0"
Log: Checking rpath in "/home/runner/work/GoldenCheetah/GoldenCheetah/src/appdir/lib/libgmodule-2.0.so.0"
Log: Changing rpath in "/home/runner/work/GoldenCheetah/GoldenCheetah/src/appdir/lib/libgmodule-2.0.so.0" to "$ORIGIN"
Log:  copied: "/lib/x86_64-linux-gnu/libmount.so.1"
Log:  to "/home/runner/work/GoldenCheetah/GoldenCheetah/src/appdir/lib//libmount.so.1"
Log: Checking rpath in "/home/runner/work/GoldenCheetah/GoldenCheetah/src/appdir/lib/libmount.so.1"
Log: Changing rpath in "/home/runner/work/GoldenCheetah/GoldenCheetah/src/appdir/lib/libmount.so.1" to "$ORIGIN"
Log:  copied: "/lib/x86_64-linux-gnu/libselinux.so.1"
Log:  to "/home/runner/work/GoldenCheetah/GoldenCheetah/src/appdir/lib//libselinux.so.1"
Log: Checking rpath in "/home/runner/work/GoldenCheetah/GoldenCheetah/src/appdir/lib/libselinux.so.1"
Log: Changing rpath in "/home/runner/work/GoldenCheetah/GoldenCheetah/src/appdir/lib/libselinux.so.1" to "$ORIGIN"
Log: "libzstd.so.1" already at target location
Log: Checking rpath in "/home/runner/work/GoldenCheetah/GoldenCheetah/src/appdir/lib/libzstd.so.1"
Log: Changing rpath in "/home/runner/work/GoldenCheetah/GoldenCheetah/src/appdir/lib/libzstd.so.1" to "$ORIGIN"
Log: "libgssapi_krb5.so.2" already at target location
Log: Checking rpath in "/home/runner/work/GoldenCheetah/GoldenCheetah/src/appdir/lib/libgssapi_krb5.so.2"
Log: Changing rpath in "/home/runner/work/GoldenCheetah/GoldenCheetah/src/appdir/lib/libgssapi_krb5.so.2" to "$ORIGIN"
Log: "libicui18n.so.73" already at target location
Log: Checking rpath in "/home/runner/work/GoldenCheetah/GoldenCheetah/src/appdir/lib/libicui18n.so.73"
Log: Changing rpath in "/home/runner/work/GoldenCheetah/GoldenCheetah/src/appdir/lib/libicui18n.so.73" to "$ORIGIN"
Log: "libicuuc.so.73" already at target location
Log: Checking rpath in "/home/runner/work/GoldenCheetah/GoldenCheetah/src/appdir/lib/libicuuc.so.73"
Log: Changing rpath in "/home/runner/work/GoldenCheetah/GoldenCheetah/src/appdir/lib/libicuuc.so.73" to "$ORIGIN"
Log: "libicudata.so.73" already at target location
Log: Checking rpath in "/home/runner/work/GoldenCheetah/GoldenCheetah/src/appdir/lib/libicudata.so.73"
Log: Changing rpath in "/home/runner/work/GoldenCheetah/GoldenCheetah/src/appdir/lib/libicudata.so.73" to "$ORIGIN"
Log: "libgthread-2.0.so.0" already at target location
Log: Checking rpath in "/home/runner/work/GoldenCheetah/GoldenCheetah/src/appdir/lib/libgthread-2.0.so.0"
Log: Changing rpath in "/home/runner/work/GoldenCheetah/GoldenCheetah/src/appdir/lib/libgthread-2.0.so.0" to "$ORIGIN"
Log: "libpcre2-8.so.0" already at target location
Log: Checking rpath in "/home/runner/work/GoldenCheetah/GoldenCheetah/src/appdir/lib/libpcre2-8.so.0"
Log: Changing rpath in "/home/runner/work/GoldenCheetah/GoldenCheetah/src/appdir/lib/libpcre2-8.so.0" to "$ORIGIN"
Log:  copied: "/lib/x86_64-linux-gnu/libblkid.so.1"
Log:  to "/home/runner/work/GoldenCheetah/GoldenCheetah/src/appdir/lib//libblkid.so.1"
Log: Checking rpath in "/home/runner/work/GoldenCheetah/GoldenCheetah/src/appdir/lib/libblkid.so.1"
Log: Changing rpath in "/home/runner/work/GoldenCheetah/GoldenCheetah/src/appdir/lib/libblkid.so.1" to "$ORIGIN"
Log: "libkrb5.so.3" already at target location
Log: Checking rpath in "/home/runner/work/GoldenCheetah/GoldenCheetah/src/appdir/lib/libkrb5.so.3"
Log: Changing rpath in "/home/runner/work/GoldenCheetah/GoldenCheetah/src/appdir/lib/libkrb5.so.3" to "$ORIGIN"
Log: "libk5crypto.so.3" already at target location
Log: Checking rpath in "/home/runner/work/GoldenCheetah/GoldenCheetah/src/appdir/lib/libk5crypto.so.3"
Log: Changing rpath in "/home/runner/work/GoldenCheetah/GoldenCheetah/src/appdir/lib/libk5crypto.so.3" to "$ORIGIN"
Log: "libkrb5support.so.0" already at target location
Log: Checking rpath in "/home/runner/work/GoldenCheetah/GoldenCheetah/src/appdir/lib/libkrb5support.so.0"
Log: Changing rpath in "/home/runner/work/GoldenCheetah/GoldenCheetah/src/appdir/lib/libkrb5support.so.0" to "$ORIGIN"
Log: "libkeyutils.so.1" already at target location
Log: Checking rpath in "/home/runner/work/GoldenCheetah/GoldenCheetah/src/appdir/lib/libkeyutils.so.1"
Log: Changing rpath in "/home/runner/work/GoldenCheetah/GoldenCheetah/src/appdir/lib/libkeyutils.so.1" to "$ORIGIN"
Log: Checking rpath in "/home/runner/work/GoldenCheetah/GoldenCheetah/src/appdir/plugins/networkinformation/libqglib.so"
Log: Changing rpath in "/home/runner/work/GoldenCheetah/GoldenCheetah/src/appdir/plugins/networkinformation/libqglib.so" to "$ORIGIN/../../lib"
Log:  copied: "/home/runner/work/GoldenCheetah/GoldenCheetah/6.8.0/gcc_64/plugins/networkinformation/libqnetworkmanager.so"
Log:  to "/home/runner/work/GoldenCheetah/GoldenCheetah/src/appdir/plugins/networkinformation/libqnetworkmanager.so"
Log: Deploying the following libraries: QList("/home/runner/work/GoldenCheetah/GoldenCheetah/src/appdir/plugins/networkinformation/libqnetworkmanager.so")
Log: "libQt6DBus.so.6" already at target location
Log: Checking rpath in "/home/runner/work/GoldenCheetah/GoldenCheetah/src/appdir/lib/libQt6DBus.so.6"
Log: Changing rpath in "/home/runner/work/GoldenCheetah/GoldenCheetah/src/appdir/lib/libQt6DBus.so.6" to "$ORIGIN"
Log: "libQt6Network.so.6" already at target location
Log: Checking rpath in "/home/runner/work/GoldenCheetah/GoldenCheetah/src/appdir/lib/libQt6Network.so.6"
Log: Changing rpath in "/home/runner/work/GoldenCheetah/GoldenCheetah/src/appdir/lib/libQt6Network.so.6" to "$ORIGIN"
Log: Setting deploymentInfo.qtPath to: "/home/runner/work/GoldenCheetah/GoldenCheetah/src/appdir/lib/"
Log: "libQt6Core.so.6" already at target location
Log: Checking rpath in "/home/runner/work/GoldenCheetah/GoldenCheetah/src/appdir/lib/libQt6Core.so.6"
Log: Changing rpath in "/home/runner/work/GoldenCheetah/GoldenCheetah/src/appdir/lib/libQt6Core.so.6" to "$ORIGIN"
Log: "libdbus-1.so.3" already at target location
Log: Checking rpath in "/home/runner/work/GoldenCheetah/GoldenCheetah/src/appdir/lib/libdbus-1.so.3"
Log: Changing rpath in "/home/runner/work/GoldenCheetah/GoldenCheetah/src/appdir/lib/libdbus-1.so.3" to "$ORIGIN"
Log: "libzstd.so.1" already at target location
Log: Checking rpath in "/home/runner/work/GoldenCheetah/GoldenCheetah/src/appdir/lib/libzstd.so.1"
Log: Changing rpath in "/home/runner/work/GoldenCheetah/GoldenCheetah/src/appdir/lib/libzstd.so.1" to "$ORIGIN"
Log: "libgssapi_krb5.so.2" already at target location
Log: Checking rpath in "/home/runner/work/GoldenCheetah/GoldenCheetah/src/appdir/lib/libgssapi_krb5.so.2"
Log: Changing rpath in "/home/runner/work/GoldenCheetah/GoldenCheetah/src/appdir/lib/libgssapi_krb5.so.2" to "$ORIGIN"
Log: "libicui18n.so.73" already at target location
Log: Checking rpath in "/home/runner/work/GoldenCheetah/GoldenCheetah/src/appdir/lib/libicui18n.so.73"
Log: Changing rpath in "/home/runner/work/GoldenCheetah/GoldenCheetah/src/appdir/lib/libicui18n.so.73" to "$ORIGIN"
Log: "libicuuc.so.73" already at target location
Log: Checking rpath in "/home/runner/work/GoldenCheetah/GoldenCheetah/src/appdir/lib/libicuuc.so.73"
Log: Changing rpath in "/home/runner/work/GoldenCheetah/GoldenCheetah/src/appdir/lib/libicuuc.so.73" to "$ORIGIN"
Log: "libicudata.so.73" already at target location
Log: Checking rpath in "/home/runner/work/GoldenCheetah/GoldenCheetah/src/appdir/lib/libicudata.so.73"
Log: Changing rpath in "/home/runner/work/GoldenCheetah/GoldenCheetah/src/appdir/lib/libicudata.so.73" to "$ORIGIN"
Log: "libglib-2.0.so.0" already at target location
Log: Checking rpath in "/home/runner/work/GoldenCheetah/GoldenCheetah/src/appdir/lib/libglib-2.0.so.0"
Log: Changing rpath in "/home/runner/work/GoldenCheetah/GoldenCheetah/src/appdir/lib/libglib-2.0.so.0" to "$ORIGIN"
Log: "libgthread-2.0.so.0" already at target location
Log: Checking rpath in "/home/runner/work/GoldenCheetah/GoldenCheetah/src/appdir/lib/libgthread-2.0.so.0"
Log: Changing rpath in "/home/runner/work/GoldenCheetah/GoldenCheetah/src/appdir/lib/libgthread-2.0.so.0" to "$ORIGIN"
Log: "libsystemd.so.0" already at target location
Log: Checking rpath in "/home/runner/work/GoldenCheetah/GoldenCheetah/src/appdir/lib/libsystemd.so.0"
Log: Changing rpath in "/home/runner/work/GoldenCheetah/GoldenCheetah/src/appdir/lib/libsystemd.so.0" to "$ORIGIN"
Log: "libkrb5.so.3" already at target location
Log: Checking rpath in "/home/runner/work/GoldenCheetah/GoldenCheetah/src/appdir/lib/libkrb5.so.3"
Log: Changing rpath in "/home/runner/work/GoldenCheetah/GoldenCheetah/src/appdir/lib/libkrb5.so.3" to "$ORIGIN"
Log: "libk5crypto.so.3" already at target location
Log: Checking rpath in "/home/runner/work/GoldenCheetah/GoldenCheetah/src/appdir/lib/libk5crypto.so.3"
Log: Changing rpath in "/home/runner/work/GoldenCheetah/GoldenCheetah/src/appdir/lib/libk5crypto.so.3" to "$ORIGIN"
Log: "libkrb5support.so.0" already at target location
Log: Checking rpath in "/home/runner/work/GoldenCheetah/GoldenCheetah/src/appdir/lib/libkrb5support.so.0"
Log: Changing rpath in "/home/runner/work/GoldenCheetah/GoldenCheetah/src/appdir/lib/libkrb5support.so.0" to "$ORIGIN"
Log: "libpcre2-8.so.0" already at target location
Log: Checking rpath in "/home/runner/work/GoldenCheetah/GoldenCheetah/src/appdir/lib/libpcre2-8.so.0"
Log: Changing rpath in "/home/runner/work/GoldenCheetah/GoldenCheetah/src/appdir/lib/libpcre2-8.so.0" to "$ORIGIN"
Log: "libcap.so.2" already at target location
Log: Checking rpath in "/home/runner/work/GoldenCheetah/GoldenCheetah/src/appdir/lib/libcap.so.2"
Log: Changing rpath in "/home/runner/work/GoldenCheetah/GoldenCheetah/src/appdir/lib/libcap.so.2" to "$ORIGIN"
Log: "libgcrypt.so.20" already at target location
Log: Checking rpath in "/home/runner/work/GoldenCheetah/GoldenCheetah/src/appdir/lib/libgcrypt.so.20"
Log: Changing rpath in "/home/runner/work/GoldenCheetah/GoldenCheetah/src/appdir/lib/libgcrypt.so.20" to "$ORIGIN"
Log: "liblz4.so.1" already at target location
Log: Checking rpath in "/home/runner/work/GoldenCheetah/GoldenCheetah/src/appdir/lib/liblz4.so.1"
Log: Changing rpath in "/home/runner/work/GoldenCheetah/GoldenCheetah/src/appdir/lib/liblz4.so.1" to "$ORIGIN"
Log: "liblzma.so.5" already at target location
Log: Checking rpath in "/home/runner/work/GoldenCheetah/GoldenCheetah/src/appdir/lib/liblzma.so.5"
Log: Changing rpath in "/home/runner/work/GoldenCheetah/GoldenCheetah/src/appdir/lib/liblzma.so.5" to "$ORIGIN"
Log: "libkeyutils.so.1" already at target location
Log: Checking rpath in "/home/runner/work/GoldenCheetah/GoldenCheetah/src/appdir/lib/libkeyutils.so.1"
Log: Changing rpath in "/home/runner/work/GoldenCheetah/GoldenCheetah/src/appdir/lib/libkeyutils.so.1" to "$ORIGIN"
Log: Checking rpath in "/home/runner/work/GoldenCheetah/GoldenCheetah/src/appdir/plugins/networkinformation/libqnetworkmanager.so"
Log: Changing rpath in "/home/runner/work/GoldenCheetah/GoldenCheetah/src/appdir/plugins/networkinformation/libqnetworkmanager.so" to "$ORIGIN/../../lib"
Log:  copied: "/home/runner/work/GoldenCheetah/GoldenCheetah/6.8.0/gcc_64/plugins/tls/libqcertonlybackend.so"
Log:  to "/home/runner/work/GoldenCheetah/GoldenCheetah/src/appdir/plugins/tls/libqcertonlybackend.so"
Log: Deploying the following libraries: QList("/home/runner/work/GoldenCheetah/GoldenCheetah/src/appdir/plugins/tls/libqcertonlybackend.so")
Log: "libQt6Network.so.6" already at target location
Log: Checking rpath in "/home/runner/work/GoldenCheetah/GoldenCheetah/src/appdir/lib/libQt6Network.so.6"
Log: Changing rpath in "/home/runner/work/GoldenCheetah/GoldenCheetah/src/appdir/lib/libQt6Network.so.6" to "$ORIGIN"
Log: Setting deploymentInfo.qtPath to: "/home/runner/work/GoldenCheetah/GoldenCheetah/src/appdir/lib/"
Log: "libQt6Core.so.6" already at target location
Log: Checking rpath in "/home/runner/work/GoldenCheetah/GoldenCheetah/src/appdir/lib/libQt6Core.so.6"
Log: Changing rpath in "/home/runner/work/GoldenCheetah/GoldenCheetah/src/appdir/lib/libQt6Core.so.6" to "$ORIGIN"
Log: "libzstd.so.1" already at target location
Log: Checking rpath in "/home/runner/work/GoldenCheetah/GoldenCheetah/src/appdir/lib/libzstd.so.1"
Log: Changing rpath in "/home/runner/work/GoldenCheetah/GoldenCheetah/src/appdir/lib/libzstd.so.1" to "$ORIGIN"
Log: "libgssapi_krb5.so.2" already at target location
Log: Checking rpath in "/home/runner/work/GoldenCheetah/GoldenCheetah/src/appdir/lib/libgssapi_krb5.so.2"
Log: Changing rpath in "/home/runner/work/GoldenCheetah/GoldenCheetah/src/appdir/lib/libgssapi_krb5.so.2" to "$ORIGIN"
Log: "libicui18n.so.73" already at target location
Log: Checking rpath in "/home/runner/work/GoldenCheetah/GoldenCheetah/src/appdir/lib/libicui18n.so.73"
Log: Changing rpath in "/home/runner/work/GoldenCheetah/GoldenCheetah/src/appdir/lib/libicui18n.so.73" to "$ORIGIN"
Log: "libicuuc.so.73" already at target location
Log: Checking rpath in "/home/runner/work/GoldenCheetah/GoldenCheetah/src/appdir/lib/libicuuc.so.73"
Log: Changing rpath in "/home/runner/work/GoldenCheetah/GoldenCheetah/src/appdir/lib/libicuuc.so.73" to "$ORIGIN"
Log: "libicudata.so.73" already at target location
Log: Checking rpath in "/home/runner/work/GoldenCheetah/GoldenCheetah/src/appdir/lib/libicudata.so.73"
Log: Changing rpath in "/home/runner/work/GoldenCheetah/GoldenCheetah/src/appdir/lib/libicudata.so.73" to "$ORIGIN"
Log: "libglib-2.0.so.0" already at target location
Log: Checking rpath in "/home/runner/work/GoldenCheetah/GoldenCheetah/src/appdir/lib/libglib-2.0.so.0"
Log: Changing rpath in "/home/runner/work/GoldenCheetah/GoldenCheetah/src/appdir/lib/libglib-2.0.so.0" to "$ORIGIN"
Log: "libgthread-2.0.so.0" already at target location
Log: Checking rpath in "/home/runner/work/GoldenCheetah/GoldenCheetah/src/appdir/lib/libgthread-2.0.so.0"
Log: Changing rpath in "/home/runner/work/GoldenCheetah/GoldenCheetah/src/appdir/lib/libgthread-2.0.so.0" to "$ORIGIN"
Log: "libkrb5.so.3" already at target location
Log: Checking rpath in "/home/runner/work/GoldenCheetah/GoldenCheetah/src/appdir/lib/libkrb5.so.3"
Log: Changing rpath in "/home/runner/work/GoldenCheetah/GoldenCheetah/src/appdir/lib/libkrb5.so.3" to "$ORIGIN"
Log: "libk5crypto.so.3" already at target location
Log: Checking rpath in "/home/runner/work/GoldenCheetah/GoldenCheetah/src/appdir/lib/libk5crypto.so.3"
Log: Changing rpath in "/home/runner/work/GoldenCheetah/GoldenCheetah/src/appdir/lib/libk5crypto.so.3" to "$ORIGIN"
Log: "libkrb5support.so.0" already at target location
Log: Checking rpath in "/home/runner/work/GoldenCheetah/GoldenCheetah/src/appdir/lib/libkrb5support.so.0"
Log: Changing rpath in "/home/runner/work/GoldenCheetah/GoldenCheetah/src/appdir/lib/libkrb5support.so.0" to "$ORIGIN"
Log: "libpcre2-8.so.0" already at target location
Log: Checking rpath in "/home/runner/work/GoldenCheetah/GoldenCheetah/src/appdir/lib/libpcre2-8.so.0"
Log: Changing rpath in "/home/runner/work/GoldenCheetah/GoldenCheetah/src/appdir/lib/libpcre2-8.so.0" to "$ORIGIN"
Log: "libkeyutils.so.1" already at target location
Log: Checking rpath in "/home/runner/work/GoldenCheetah/GoldenCheetah/src/appdir/lib/libkeyutils.so.1"
Log: Changing rpath in "/home/runner/work/GoldenCheetah/GoldenCheetah/src/appdir/lib/libkeyutils.so.1" to "$ORIGIN"
Log: Checking rpath in "/home/runner/work/GoldenCheetah/GoldenCheetah/src/appdir/plugins/tls/libqcertonlybackend.so"
Log: Changing rpath in "/home/runner/work/GoldenCheetah/GoldenCheetah/src/appdir/plugins/tls/libqcertonlybackend.so" to "$ORIGIN/../../lib"
Log:  copied: "/home/runner/work/GoldenCheetah/GoldenCheetah/6.8.0/gcc_64/plugins/tls/libqopensslbackend.so"
Log:  to "/home/runner/work/GoldenCheetah/GoldenCheetah/src/appdir/plugins/tls/libqopensslbackend.so"
Log: Deploying the following libraries: QList("/home/runner/work/GoldenCheetah/GoldenCheetah/src/appdir/plugins/tls/libqopensslbackend.so")
Log: "libQt6Network.so.6" already at target location
Log: Checking rpath in "/home/runner/work/GoldenCheetah/GoldenCheetah/src/appdir/lib/libQt6Network.so.6"
Log: Changing rpath in "/home/runner/work/GoldenCheetah/GoldenCheetah/src/appdir/lib/libQt6Network.so.6" to "$ORIGIN"
Log: Setting deploymentInfo.qtPath to: "/home/runner/work/GoldenCheetah/GoldenCheetah/src/appdir/lib/"
Log: "libQt6Core.so.6" already at target location
Log: Checking rpath in "/home/runner/work/GoldenCheetah/GoldenCheetah/src/appdir/lib/libQt6Core.so.6"
Log: Changing rpath in "/home/runner/work/GoldenCheetah/GoldenCheetah/src/appdir/lib/libQt6Core.so.6" to "$ORIGIN"
Log: "libzstd.so.1" already at target location
Log: Checking rpath in "/home/runner/work/GoldenCheetah/GoldenCheetah/src/appdir/lib/libzstd.so.1"
Log: Changing rpath in "/home/runner/work/GoldenCheetah/GoldenCheetah/src/appdir/lib/libzstd.so.1" to "$ORIGIN"
Log: "libgssapi_krb5.so.2" already at target location
Log: Checking rpath in "/home/runner/work/GoldenCheetah/GoldenCheetah/src/appdir/lib/libgssapi_krb5.so.2"
Log: Changing rpath in "/home/runner/work/GoldenCheetah/GoldenCheetah/src/appdir/lib/libgssapi_krb5.so.2" to "$ORIGIN"
Log: "libicui18n.so.73" already at target location
Log: Checking rpath in "/home/runner/work/GoldenCheetah/GoldenCheetah/src/appdir/lib/libicui18n.so.73"
Log: Changing rpath in "/home/runner/work/GoldenCheetah/GoldenCheetah/src/appdir/lib/libicui18n.so.73" to "$ORIGIN"
Log: "libicuuc.so.73" already at target location
Log: Checking rpath in "/home/runner/work/GoldenCheetah/GoldenCheetah/src/appdir/lib/libicuuc.so.73"
Log: Changing rpath in "/home/runner/work/GoldenCheetah/GoldenCheetah/src/appdir/lib/libicuuc.so.73" to "$ORIGIN"
Log: "libicudata.so.73" already at target location
Log: Checking rpath in "/home/runner/work/GoldenCheetah/GoldenCheetah/src/appdir/lib/libicudata.so.73"
Log: Changing rpath in "/home/runner/work/GoldenCheetah/GoldenCheetah/src/appdir/lib/libicudata.so.73" to "$ORIGIN"
Log: "libglib-2.0.so.0" already at target location
Log: Checking rpath in "/home/runner/work/GoldenCheetah/GoldenCheetah/src/appdir/lib/libglib-2.0.so.0"
Log: Changing rpath in "/home/runner/work/GoldenCheetah/GoldenCheetah/src/appdir/lib/libglib-2.0.so.0" to "$ORIGIN"
Log: "libgthread-2.0.so.0" already at target location
Log: Checking rpath in "/home/runner/work/GoldenCheetah/GoldenCheetah/src/appdir/lib/libgthread-2.0.so.0"
Log: Changing rpath in "/home/runner/work/GoldenCheetah/GoldenCheetah/src/appdir/lib/libgthread-2.0.so.0" to "$ORIGIN"
Log: "libkrb5.so.3" already at target location
Log: Checking rpath in "/home/runner/work/GoldenCheetah/GoldenCheetah/src/appdir/lib/libkrb5.so.3"
Log: Changing rpath in "/home/runner/work/GoldenCheetah/GoldenCheetah/src/appdir/lib/libkrb5.so.3" to "$ORIGIN"
Log: "libk5crypto.so.3" already at target location
Log: Checking rpath in "/home/runner/work/GoldenCheetah/GoldenCheetah/src/appdir/lib/libk5crypto.so.3"
Log: Changing rpath in "/home/runner/work/GoldenCheetah/GoldenCheetah/src/appdir/lib/libk5crypto.so.3" to "$ORIGIN"
Log: "libkrb5support.so.0" already at target location
Log: Checking rpath in "/home/runner/work/GoldenCheetah/GoldenCheetah/src/appdir/lib/libkrb5support.so.0"
Log: Changing rpath in "/home/runner/work/GoldenCheetah/GoldenCheetah/src/appdir/lib/libkrb5support.so.0" to "$ORIGIN"
Log: "libpcre2-8.so.0" already at target location
Log: Checking rpath in "/home/runner/work/GoldenCheetah/GoldenCheetah/src/appdir/lib/libpcre2-8.so.0"
Log: Changing rpath in "/home/runner/work/GoldenCheetah/GoldenCheetah/src/appdir/lib/libpcre2-8.so.0" to "$ORIGIN"
Log: "libkeyutils.so.1" already at target location
Log: Checking rpath in "/home/runner/work/GoldenCheetah/GoldenCheetah/src/appdir/lib/libkeyutils.so.1"
Log: Changing rpath in "/home/runner/work/GoldenCheetah/GoldenCheetah/src/appdir/lib/libkeyutils.so.1" to "$ORIGIN"
Log: Checking rpath in "/home/runner/work/GoldenCheetah/GoldenCheetah/src/appdir/plugins/tls/libqopensslbackend.so"
Log: Changing rpath in "/home/runner/work/GoldenCheetah/GoldenCheetah/src/appdir/plugins/tls/libqopensslbackend.so" to "$ORIGIN/../../lib"
Log:  copied: "/home/runner/work/GoldenCheetah/GoldenCheetah/6.8.0/gcc_64/plugins/sqldrivers/libqsqlite.so"
Log:  to "/home/runner/work/GoldenCheetah/GoldenCheetah/src/appdir/plugins/sqldrivers/libqsqlite.so"
Log: Deploying the following libraries: QList("/home/runner/work/GoldenCheetah/GoldenCheetah/src/appdir/plugins/sqldrivers/libqsqlite.so")
Log: "libQt6Sql.so.6" already at target location
Log: Checking rpath in "/home/runner/work/GoldenCheetah/GoldenCheetah/src/appdir/lib/libQt6Sql.so.6"
Log: Changing rpath in "/home/runner/work/GoldenCheetah/GoldenCheetah/src/appdir/lib/libQt6Sql.so.6" to "$ORIGIN"
Log: Setting deploymentInfo.qtPath to: "/home/runner/work/GoldenCheetah/GoldenCheetah/src/appdir/lib/"
Log: "libQt6Core.so.6" already at target location
Log: Checking rpath in "/home/runner/work/GoldenCheetah/GoldenCheetah/src/appdir/lib/libQt6Core.so.6"
Log: Changing rpath in "/home/runner/work/GoldenCheetah/GoldenCheetah/src/appdir/lib/libQt6Core.so.6" to "$ORIGIN"
Log: "libicui18n.so.73" already at target location
Log: Checking rpath in "/home/runner/work/GoldenCheetah/GoldenCheetah/src/appdir/lib/libicui18n.so.73"
Log: Changing rpath in "/home/runner/work/GoldenCheetah/GoldenCheetah/src/appdir/lib/libicui18n.so.73" to "$ORIGIN"
Log: "libicuuc.so.73" already at target location
Log: Checking rpath in "/home/runner/work/GoldenCheetah/GoldenCheetah/src/appdir/lib/libicuuc.so.73"
Log: Changing rpath in "/home/runner/work/GoldenCheetah/GoldenCheetah/src/appdir/lib/libicuuc.so.73" to "$ORIGIN"
Log: "libicudata.so.73" already at target location
Log: Checking rpath in "/home/runner/work/GoldenCheetah/GoldenCheetah/src/appdir/lib/libicudata.so.73"
Log: Changing rpath in "/home/runner/work/GoldenCheetah/GoldenCheetah/src/appdir/lib/libicudata.so.73" to "$ORIGIN"
Log: "libzstd.so.1" already at target location
Log: Checking rpath in "/home/runner/work/GoldenCheetah/GoldenCheetah/src/appdir/lib/libzstd.so.1"
Log: Changing rpath in "/home/runner/work/GoldenCheetah/GoldenCheetah/src/appdir/lib/libzstd.so.1" to "$ORIGIN"
Log: "libglib-2.0.so.0" already at target location
Log: Checking rpath in "/home/runner/work/GoldenCheetah/GoldenCheetah/src/appdir/lib/libglib-2.0.so.0"
Log: Changing rpath in "/home/runner/work/GoldenCheetah/GoldenCheetah/src/appdir/lib/libglib-2.0.so.0" to "$ORIGIN"
Log: "libgthread-2.0.so.0" already at target location
Log: Checking rpath in "/home/runner/work/GoldenCheetah/GoldenCheetah/src/appdir/lib/libgthread-2.0.so.0"
Log: Changing rpath in "/home/runner/work/GoldenCheetah/GoldenCheetah/src/appdir/lib/libgthread-2.0.so.0" to "$ORIGIN"
Log: "libpcre2-8.so.0" already at target location
Log: Checking rpath in "/home/runner/work/GoldenCheetah/GoldenCheetah/src/appdir/lib/libpcre2-8.so.0"
Log: Changing rpath in "/home/runner/work/GoldenCheetah/GoldenCheetah/src/appdir/lib/libpcre2-8.so.0" to "$ORIGIN"
Log: Checking rpath in "/home/runner/work/GoldenCheetah/GoldenCheetah/src/appdir/plugins/sqldrivers/libqsqlite.so"
Log: Changing rpath in "/home/runner/work/GoldenCheetah/GoldenCheetah/src/appdir/plugins/sqldrivers/libqsqlite.so" to "$ORIGIN/../../lib"
Log:  copied: "/home/runner/work/GoldenCheetah/GoldenCheetah/6.8.0/gcc_64/plugins/position/libqtposition_geoclue2.so"
Log:  to "/home/runner/work/GoldenCheetah/GoldenCheetah/src/appdir/plugins/position/libqtposition_geoclue2.so"
Log: Deploying the following libraries: QList("/home/runner/work/GoldenCheetah/GoldenCheetah/src/appdir/plugins/position/libqtposition_geoclue2.so")
Log: "libQt6DBus.so.6" already at target location
Log: Checking rpath in "/home/runner/work/GoldenCheetah/GoldenCheetah/src/appdir/lib/libQt6DBus.so.6"
Log: Changing rpath in "/home/runner/work/GoldenCheetah/GoldenCheetah/src/appdir/lib/libQt6DBus.so.6" to "$ORIGIN"
Log: "libQt6Positioning.so.6" already at target location
Log: Checking rpath in "/home/runner/work/GoldenCheetah/GoldenCheetah/src/appdir/lib/libQt6Positioning.so.6"
Log: Changing rpath in "/home/runner/work/GoldenCheetah/GoldenCheetah/src/appdir/lib/libQt6Positioning.so.6" to "$ORIGIN"
Log: Setting deploymentInfo.qtPath to: "/home/runner/work/GoldenCheetah/GoldenCheetah/src/appdir/lib/"
Log: "libQt6Core.so.6" already at target location
Log: Checking rpath in "/home/runner/work/GoldenCheetah/GoldenCheetah/src/appdir/lib/libQt6Core.so.6"
Log: Changing rpath in "/home/runner/work/GoldenCheetah/GoldenCheetah/src/appdir/lib/libQt6Core.so.6" to "$ORIGIN"
Log: "libdbus-1.so.3" already at target location
Log: Checking rpath in "/home/runner/work/GoldenCheetah/GoldenCheetah/src/appdir/lib/libdbus-1.so.3"
Log: Changing rpath in "/home/runner/work/GoldenCheetah/GoldenCheetah/src/appdir/lib/libdbus-1.so.3" to "$ORIGIN"
Log: "libicui18n.so.73" already at target location
Log: Checking rpath in "/home/runner/work/GoldenCheetah/GoldenCheetah/src/appdir/lib/libicui18n.so.73"
Log: Changing rpath in "/home/runner/work/GoldenCheetah/GoldenCheetah/src/appdir/lib/libicui18n.so.73" to "$ORIGIN"
Log: "libicuuc.so.73" already at target location
Log: Checking rpath in "/home/runner/work/GoldenCheetah/GoldenCheetah/src/appdir/lib/libicuuc.so.73"
Log: Changing rpath in "/home/runner/work/GoldenCheetah/GoldenCheetah/src/appdir/lib/libicuuc.so.73" to "$ORIGIN"
Log: "libicudata.so.73" already at target location
Log: Checking rpath in "/home/runner/work/GoldenCheetah/GoldenCheetah/src/appdir/lib/libicudata.so.73"
Log: Changing rpath in "/home/runner/work/GoldenCheetah/GoldenCheetah/src/appdir/lib/libicudata.so.73" to "$ORIGIN"
Log: "libzstd.so.1" already at target location
Log: Checking rpath in "/home/runner/work/GoldenCheetah/GoldenCheetah/src/appdir/lib/libzstd.so.1"
Log: Changing rpath in "/home/runner/work/GoldenCheetah/GoldenCheetah/src/appdir/lib/libzstd.so.1" to "$ORIGIN"
Log: "libglib-2.0.so.0" already at target location
Log: Checking rpath in "/home/runner/work/GoldenCheetah/GoldenCheetah/src/appdir/lib/libglib-2.0.so.0"
Log: Changing rpath in "/home/runner/work/GoldenCheetah/GoldenCheetah/src/appdir/lib/libglib-2.0.so.0" to "$ORIGIN"
Log: "libgthread-2.0.so.0" already at target location
Log: Checking rpath in "/home/runner/work/GoldenCheetah/GoldenCheetah/src/appdir/lib/libgthread-2.0.so.0"
Log: Changing rpath in "/home/runner/work/GoldenCheetah/GoldenCheetah/src/appdir/lib/libgthread-2.0.so.0" to "$ORIGIN"
Log: "libsystemd.so.0" already at target location
Log: Checking rpath in "/home/runner/work/GoldenCheetah/GoldenCheetah/src/appdir/lib/libsystemd.so.0"
Log: Changing rpath in "/home/runner/work/GoldenCheetah/GoldenCheetah/src/appdir/lib/libsystemd.so.0" to "$ORIGIN"
Log: "libpcre2-8.so.0" already at target location
Log: Checking rpath in "/home/runner/work/GoldenCheetah/GoldenCheetah/src/appdir/lib/libpcre2-8.so.0"
Log: Changing rpath in "/home/runner/work/GoldenCheetah/GoldenCheetah/src/appdir/lib/libpcre2-8.so.0" to "$ORIGIN"
Log: "libcap.so.2" already at target location
Log: Checking rpath in "/home/runner/work/GoldenCheetah/GoldenCheetah/src/appdir/lib/libcap.so.2"
Log: Changing rpath in "/home/runner/work/GoldenCheetah/GoldenCheetah/src/appdir/lib/libcap.so.2" to "$ORIGIN"
Log: "libgcrypt.so.20" already at target location
Log: Checking rpath in "/home/runner/work/GoldenCheetah/GoldenCheetah/src/appdir/lib/libgcrypt.so.20"
Log: Changing rpath in "/home/runner/work/GoldenCheetah/GoldenCheetah/src/appdir/lib/libgcrypt.so.20" to "$ORIGIN"
Log: "liblz4.so.1" already at target location
Log: Checking rpath in "/home/runner/work/GoldenCheetah/GoldenCheetah/src/appdir/lib/liblz4.so.1"
Log: Changing rpath in "/home/runner/work/GoldenCheetah/GoldenCheetah/src/appdir/lib/liblz4.so.1" to "$ORIGIN"
Log: "liblzma.so.5" already at target location
Log: Checking rpath in "/home/runner/work/GoldenCheetah/GoldenCheetah/src/appdir/lib/liblzma.so.5"
Log: Changing rpath in "/home/runner/work/GoldenCheetah/GoldenCheetah/src/appdir/lib/liblzma.so.5" to "$ORIGIN"
Log: Checking rpath in "/home/runner/work/GoldenCheetah/GoldenCheetah/src/appdir/plugins/position/libqtposition_geoclue2.so"
Log: Changing rpath in "/home/runner/work/GoldenCheetah/GoldenCheetah/src/appdir/plugins/position/libqtposition_geoclue2.so" to "$ORIGIN/../../lib"
Log:  copied: "/home/runner/work/GoldenCheetah/GoldenCheetah/6.8.0/gcc_64/plugins/position/libqtposition_nmea.so"
Log:  to "/home/runner/work/GoldenCheetah/GoldenCheetah/src/appdir/plugins/position/libqtposition_nmea.so"
Log: Deploying the following libraries: QList("/home/runner/work/GoldenCheetah/GoldenCheetah/src/appdir/plugins/position/libqtposition_nmea.so")
Log: "libQt6Positioning.so.6" already at target location
Log: Checking rpath in "/home/runner/work/GoldenCheetah/GoldenCheetah/src/appdir/lib/libQt6Positioning.so.6"
Log: Changing rpath in "/home/runner/work/GoldenCheetah/GoldenCheetah/src/appdir/lib/libQt6Positioning.so.6" to "$ORIGIN"
Log: "libQt6Network.so.6" already at target location
Log: Checking rpath in "/home/runner/work/GoldenCheetah/GoldenCheetah/src/appdir/lib/libQt6Network.so.6"
Log: Changing rpath in "/home/runner/work/GoldenCheetah/GoldenCheetah/src/appdir/lib/libQt6Network.so.6" to "$ORIGIN"
Log: "libQt6SerialPort.so.6" already at target location
Log: Checking rpath in "/home/runner/work/GoldenCheetah/GoldenCheetah/src/appdir/lib/libQt6SerialPort.so.6"
Log: Changing rpath in "/home/runner/work/GoldenCheetah/GoldenCheetah/src/appdir/lib/libQt6SerialPort.so.6" to "$ORIGIN"
Log: Setting deploymentInfo.qtPath to: "/home/runner/work/GoldenCheetah/GoldenCheetah/src/appdir/lib/"
Log: "libQt6Core.so.6" already at target location
Log: Checking rpath in "/home/runner/work/GoldenCheetah/GoldenCheetah/src/appdir/lib/libQt6Core.so.6"
Log: Changing rpath in "/home/runner/work/GoldenCheetah/GoldenCheetah/src/appdir/lib/libQt6Core.so.6" to "$ORIGIN"
Log: "libzstd.so.1" already at target location
Log: Checking rpath in "/home/runner/work/GoldenCheetah/GoldenCheetah/src/appdir/lib/libzstd.so.1"
Log: Changing rpath in "/home/runner/work/GoldenCheetah/GoldenCheetah/src/appdir/lib/libzstd.so.1" to "$ORIGIN"
Log: "libgssapi_krb5.so.2" already at target location
Log: Checking rpath in "/home/runner/work/GoldenCheetah/GoldenCheetah/src/appdir/lib/libgssapi_krb5.so.2"
Log: Changing rpath in "/home/runner/work/GoldenCheetah/GoldenCheetah/src/appdir/lib/libgssapi_krb5.so.2" to "$ORIGIN"
Log: "libicui18n.so.73" already at target location
Log: Checking rpath in "/home/runner/work/GoldenCheetah/GoldenCheetah/src/appdir/lib/libicui18n.so.73"
Log: Changing rpath in "/home/runner/work/GoldenCheetah/GoldenCheetah/src/appdir/lib/libicui18n.so.73" to "$ORIGIN"
Log: "libicuuc.so.73" already at target location
Log: Checking rpath in "/home/runner/work/GoldenCheetah/GoldenCheetah/src/appdir/lib/libicuuc.so.73"
Log: Changing rpath in "/home/runner/work/GoldenCheetah/GoldenCheetah/src/appdir/lib/libicuuc.so.73" to "$ORIGIN"
Log: "libicudata.so.73" already at target location
Log: Checking rpath in "/home/runner/work/GoldenCheetah/GoldenCheetah/src/appdir/lib/libicudata.so.73"
Log: Changing rpath in "/home/runner/work/GoldenCheetah/GoldenCheetah/src/appdir/lib/libicudata.so.73" to "$ORIGIN"
Log: "libglib-2.0.so.0" already at target location
Log: Checking rpath in "/home/runner/work/GoldenCheetah/GoldenCheetah/src/appdir/lib/libglib-2.0.so.0"
Log: Changing rpath in "/home/runner/work/GoldenCheetah/GoldenCheetah/src/appdir/lib/libglib-2.0.so.0" to "$ORIGIN"
Log: "libgthread-2.0.so.0" already at target location
Log: Checking rpath in "/home/runner/work/GoldenCheetah/GoldenCheetah/src/appdir/lib/libgthread-2.0.so.0"
Log: Changing rpath in "/home/runner/work/GoldenCheetah/GoldenCheetah/src/appdir/lib/libgthread-2.0.so.0" to "$ORIGIN"
Log: "libkrb5.so.3" already at target location
Log: Checking rpath in "/home/runner/work/GoldenCheetah/GoldenCheetah/src/appdir/lib/libkrb5.so.3"
Log: Changing rpath in "/home/runner/work/GoldenCheetah/GoldenCheetah/src/appdir/lib/libkrb5.so.3" to "$ORIGIN"
Log: "libk5crypto.so.3" already at target location
Log: Checking rpath in "/home/runner/work/GoldenCheetah/GoldenCheetah/src/appdir/lib/libk5crypto.so.3"
Log: Changing rpath in "/home/runner/work/GoldenCheetah/GoldenCheetah/src/appdir/lib/libk5crypto.so.3" to "$ORIGIN"
Log: "libkrb5support.so.0" already at target location
Log: Checking rpath in "/home/runner/work/GoldenCheetah/GoldenCheetah/src/appdir/lib/libkrb5support.so.0"
Log: Changing rpath in "/home/runner/work/GoldenCheetah/GoldenCheetah/src/appdir/lib/libkrb5support.so.0" to "$ORIGIN"
Log: "libpcre2-8.so.0" already at target location
Log: Checking rpath in "/home/runner/work/GoldenCheetah/GoldenCheetah/src/appdir/lib/libpcre2-8.so.0"
Log: Changing rpath in "/home/runner/work/GoldenCheetah/GoldenCheetah/src/appdir/lib/libpcre2-8.so.0" to "$ORIGIN"
Log: "libkeyutils.so.1" already at target location
Log: Checking rpath in "/home/runner/work/GoldenCheetah/GoldenCheetah/src/appdir/lib/libkeyutils.so.1"
Log: Changing rpath in "/home/runner/work/GoldenCheetah/GoldenCheetah/src/appdir/lib/libkeyutils.so.1" to "$ORIGIN"
Log: Checking rpath in "/home/runner/work/GoldenCheetah/GoldenCheetah/src/appdir/plugins/position/libqtposition_nmea.so"
Log: Changing rpath in "/home/runner/work/GoldenCheetah/GoldenCheetah/src/appdir/plugins/position/libqtposition_nmea.so" to "$ORIGIN/../../lib"
Log:  copied: "/home/runner/work/GoldenCheetah/GoldenCheetah/6.8.0/gcc_64/plugins/position/libqtposition_positionpoll.so"
Log:  to "/home/runner/work/GoldenCheetah/GoldenCheetah/src/appdir/plugins/position/libqtposition_positionpoll.so"
Log: Deploying the following libraries: QList("/home/runner/work/GoldenCheetah/GoldenCheetah/src/appdir/plugins/position/libqtposition_positionpoll.so")
Log: "libQt6Positioning.so.6" already at target location
Log: Checking rpath in "/home/runner/work/GoldenCheetah/GoldenCheetah/src/appdir/lib/libQt6Positioning.so.6"
Log: Changing rpath in "/home/runner/work/GoldenCheetah/GoldenCheetah/src/appdir/lib/libQt6Positioning.so.6" to "$ORIGIN"
Log: Setting deploymentInfo.qtPath to: "/home/runner/work/GoldenCheetah/GoldenCheetah/src/appdir/lib/"
Log: "libQt6Core.so.6" already at target location
Log: Checking rpath in "/home/runner/work/GoldenCheetah/GoldenCheetah/src/appdir/lib/libQt6Core.so.6"
Log: Changing rpath in "/home/runner/work/GoldenCheetah/GoldenCheetah/src/appdir/lib/libQt6Core.so.6" to "$ORIGIN"
Log: "libicui18n.so.73" already at target location
Log: Checking rpath in "/home/runner/work/GoldenCheetah/GoldenCheetah/src/appdir/lib/libicui18n.so.73"
Log: Changing rpath in "/home/runner/work/GoldenCheetah/GoldenCheetah/src/appdir/lib/libicui18n.so.73" to "$ORIGIN"
Log: "libicuuc.so.73" already at target location
Log: Checking rpath in "/home/runner/work/GoldenCheetah/GoldenCheetah/src/appdir/lib/libicuuc.so.73"
Log: Changing rpath in "/home/runner/work/GoldenCheetah/GoldenCheetah/src/appdir/lib/libicuuc.so.73" to "$ORIGIN"
Log: "libicudata.so.73" already at target location
Log: Checking rpath in "/home/runner/work/GoldenCheetah/GoldenCheetah/src/appdir/lib/libicudata.so.73"
Log: Changing rpath in "/home/runner/work/GoldenCheetah/GoldenCheetah/src/appdir/lib/libicudata.so.73" to "$ORIGIN"
Log: "libzstd.so.1" already at target location
Log: Checking rpath in "/home/runner/work/GoldenCheetah/GoldenCheetah/src/appdir/lib/libzstd.so.1"
Log: Changing rpath in "/home/runner/work/GoldenCheetah/GoldenCheetah/src/appdir/lib/libzstd.so.1" to "$ORIGIN"
Log: "libglib-2.0.so.0" already at target location
Log: Checking rpath in "/home/runner/work/GoldenCheetah/GoldenCheetah/src/appdir/lib/libglib-2.0.so.0"
Log: Changing rpath in "/home/runner/work/GoldenCheetah/GoldenCheetah/src/appdir/lib/libglib-2.0.so.0" to "$ORIGIN"
Log: "libgthread-2.0.so.0" already at target location
Log: Checking rpath in "/home/runner/work/GoldenCheetah/GoldenCheetah/src/appdir/lib/libgthread-2.0.so.0"
Log: Changing rpath in "/home/runner/work/GoldenCheetah/GoldenCheetah/src/appdir/lib/libgthread-2.0.so.0" to "$ORIGIN"
Log: "libpcre2-8.so.0" already at target location
Log: Checking rpath in "/home/runner/work/GoldenCheetah/GoldenCheetah/src/appdir/lib/libpcre2-8.so.0"
Log: Changing rpath in "/home/runner/work/GoldenCheetah/GoldenCheetah/src/appdir/lib/libpcre2-8.so.0" to "$ORIGIN"
Log: Checking rpath in "/home/runner/work/GoldenCheetah/GoldenCheetah/src/appdir/plugins/position/libqtposition_positionpoll.so"
Log: Changing rpath in "/home/runner/work/GoldenCheetah/GoldenCheetah/src/appdir/plugins/position/libqtposition_positionpoll.so" to "$ORIGIN/../../lib"
Log:  copied: "/home/runner/work/GoldenCheetah/GoldenCheetah/6.8.0/gcc_64/plugins/multimedia/libffmpegmediaplugin.so"
Log:  to "/home/runner/work/GoldenCheetah/GoldenCheetah/src/appdir/plugins/multimedia/libffmpegmediaplugin.so"
Log: Deploying the following libraries: QList("/home/runner/work/GoldenCheetah/GoldenCheetah/src/appdir/plugins/multimedia/libffmpegmediaplugin.so")
Log: "libXrandr.so.2" already at target location
Log: Checking rpath in "/home/runner/work/GoldenCheetah/GoldenCheetah/src/appdir/lib/libXrandr.so.2"
Log: Changing rpath in "/home/runner/work/GoldenCheetah/GoldenCheetah/src/appdir/lib/libXrandr.so.2" to "$ORIGIN"
Log: "libXext.so.6" already at target location
Log: Checking rpath in "/home/runner/work/GoldenCheetah/GoldenCheetah/src/appdir/lib/libXext.so.6"
Log: Changing rpath in "/home/runner/work/GoldenCheetah/GoldenCheetah/src/appdir/lib/libXext.so.6" to "$ORIGIN"
Log: "libQt6Quick.so.6" already at target location
Log: Checking rpath in "/home/runner/work/GoldenCheetah/GoldenCheetah/src/appdir/lib/libQt6Quick.so.6"
Log: Changing rpath in "/home/runner/work/GoldenCheetah/GoldenCheetah/src/appdir/lib/libQt6Quick.so.6" to "$ORIGIN"
Log: "libQt6Multimedia.so.6" already at target location
Log: Checking rpath in "/home/runner/work/GoldenCheetah/GoldenCheetah/src/appdir/lib/libQt6Multimedia.so.6"
Log: Changing rpath in "/home/runner/work/GoldenCheetah/GoldenCheetah/src/appdir/lib/libQt6Multimedia.so.6" to "$ORIGIN"
Log: "libxkbcommon.so.0" already at target location
Log: Checking rpath in "/home/runner/work/GoldenCheetah/GoldenCheetah/src/appdir/lib/libxkbcommon.so.0"
Log: Changing rpath in "/home/runner/work/GoldenCheetah/GoldenCheetah/src/appdir/lib/libxkbcommon.so.0" to "$ORIGIN"
Log: "libQt6OpenGL.so.6" already at target location
Log: Checking rpath in "/home/runner/work/GoldenCheetah/GoldenCheetah/src/appdir/lib/libQt6OpenGL.so.6"
Log: Changing rpath in "/home/runner/work/GoldenCheetah/GoldenCheetah/src/appdir/lib/libQt6OpenGL.so.6" to "$ORIGIN"
Log: "libQt6Gui.so.6" already at target location
Log: Checking rpath in "/home/runner/work/GoldenCheetah/GoldenCheetah/src/appdir/lib/libQt6Gui.so.6"
Log: Changing rpath in "/home/runner/work/GoldenCheetah/GoldenCheetah/src/appdir/lib/libQt6Gui.so.6" to "$ORIGIN"
Log: "libQt6DBus.so.6" already at target location
Log: Checking rpath in "/home/runner/work/GoldenCheetah/GoldenCheetah/src/appdir/lib/libQt6DBus.so.6"
Log: Changing rpath in "/home/runner/work/GoldenCheetah/GoldenCheetah/src/appdir/lib/libQt6DBus.so.6" to "$ORIGIN"
Log: "libQt6QmlMeta.so.6" already at target location
Log: Checking rpath in "/home/runner/work/GoldenCheetah/GoldenCheetah/src/appdir/lib/libQt6QmlMeta.so.6"
Log: Changing rpath in "/home/runner/work/GoldenCheetah/GoldenCheetah/src/appdir/lib/libQt6QmlMeta.so.6" to "$ORIGIN"
Log: "libQt6QmlWorkerScript.so.6" already at target location
Log: Checking rpath in "/home/runner/work/GoldenCheetah/GoldenCheetah/src/appdir/lib/libQt6QmlWorkerScript.so.6"
Log: Changing rpath in "/home/runner/work/GoldenCheetah/GoldenCheetah/src/appdir/lib/libQt6QmlWorkerScript.so.6" to "$ORIGIN"
Log: "libQt6QmlModels.so.6" already at target location
Log: Checking rpath in "/home/runner/work/GoldenCheetah/GoldenCheetah/src/appdir/lib/libQt6QmlModels.so.6"
Log: Changing rpath in "/home/runner/work/GoldenCheetah/GoldenCheetah/src/appdir/lib/libQt6QmlModels.so.6" to "$ORIGIN"
Log: "libQt6Qml.so.6" already at target location
Log: Checking rpath in "/home/runner/work/GoldenCheetah/GoldenCheetah/src/appdir/lib/libQt6Qml.so.6"
Log: Changing rpath in "/home/runner/work/GoldenCheetah/GoldenCheetah/src/appdir/lib/libQt6Qml.so.6" to "$ORIGIN"
Log: "libQt6Network.so.6" already at target location
Log: Checking rpath in "/home/runner/work/GoldenCheetah/GoldenCheetah/src/appdir/lib/libQt6Network.so.6"
Log: Changing rpath in "/home/runner/work/GoldenCheetah/GoldenCheetah/src/appdir/lib/libQt6Network.so.6" to "$ORIGIN"
Log: Setting deploymentInfo.qtPath to: "/home/runner/work/GoldenCheetah/GoldenCheetah/src/appdir/lib/"
Log: "libQt6Core.so.6" already at target location
Log: Checking rpath in "/home/runner/work/GoldenCheetah/GoldenCheetah/src/appdir/lib/libQt6Core.so.6"
Log: Changing rpath in "/home/runner/work/GoldenCheetah/GoldenCheetah/src/appdir/lib/libQt6Core.so.6" to "$ORIGIN"
Log:  copied: "/lib/x86_64-linux-gnu/libbz2.so.1"
Log:  to "/home/runner/work/GoldenCheetah/GoldenCheetah/src/appdir/lib//libbz2.so.1"
Log: Checking rpath in "/home/runner/work/GoldenCheetah/GoldenCheetah/src/appdir/lib/libbz2.so.1"
Log: Changing rpath in "/home/runner/work/GoldenCheetah/GoldenCheetah/src/appdir/lib/libbz2.so.1" to "$ORIGIN"
Log: "libatomic.so.1" already at target location
Log: Checking rpath in "/home/runner/work/GoldenCheetah/GoldenCheetah/src/appdir/lib/libatomic.so.1"
Log: Changing rpath in "/home/runner/work/GoldenCheetah/GoldenCheetah/src/appdir/lib/libatomic.so.1" to "$ORIGIN"
Log: "libXrender.so.1" already at target location
Log: Checking rpath in "/home/runner/work/GoldenCheetah/GoldenCheetah/src/appdir/lib/libXrender.so.1"
Log: Changing rpath in "/home/runner/work/GoldenCheetah/GoldenCheetah/src/appdir/lib/libXrender.so.1" to "$ORIGIN"
Log: "libpulse.so.0" already at target location
Log: Checking rpath in "/home/runner/work/GoldenCheetah/GoldenCheetah/src/appdir/lib/libpulse.so.0"
Log: Changing rpath in "/home/runner/work/GoldenCheetah/GoldenCheetah/src/appdir/lib/libpulse.so.0" to "$ORIGIN"
Log: "libglib-2.0.so.0" already at target location
Log: Checking rpath in "/home/runner/work/GoldenCheetah/GoldenCheetah/src/appdir/lib/libglib-2.0.so.0"
Log: Changing rpath in "/home/runner/work/GoldenCheetah/GoldenCheetah/src/appdir/lib/libglib-2.0.so.0" to "$ORIGIN"
Log: "libgthread-2.0.so.0" already at target location
Log: Checking rpath in "/home/runner/work/GoldenCheetah/GoldenCheetah/src/appdir/lib/libgthread-2.0.so.0"
Log: Changing rpath in "/home/runner/work/GoldenCheetah/GoldenCheetah/src/appdir/lib/libgthread-2.0.so.0" to "$ORIGIN"
Log: "libdbus-1.so.3" already at target location
Log: Checking rpath in "/home/runner/work/GoldenCheetah/GoldenCheetah/src/appdir/lib/libdbus-1.so.3"
Log: Changing rpath in "/home/runner/work/GoldenCheetah/GoldenCheetah/src/appdir/lib/libdbus-1.so.3" to "$ORIGIN"
Log: "libzstd.so.1" already at target location
Log: Checking rpath in "/home/runner/work/GoldenCheetah/GoldenCheetah/src/appdir/lib/libzstd.so.1"
Log: Changing rpath in "/home/runner/work/GoldenCheetah/GoldenCheetah/src/appdir/lib/libzstd.so.1" to "$ORIGIN"
Log: "libgssapi_krb5.so.2" already at target location
Log: Checking rpath in "/home/runner/work/GoldenCheetah/GoldenCheetah/src/appdir/lib/libgssapi_krb5.so.2"
Log: Changing rpath in "/home/runner/work/GoldenCheetah/GoldenCheetah/src/appdir/lib/libgssapi_krb5.so.2" to "$ORIGIN"
Log: "libicui18n.so.73" already at target location
Log: Checking rpath in "/home/runner/work/GoldenCheetah/GoldenCheetah/src/appdir/lib/libicui18n.so.73"
Log: Changing rpath in "/home/runner/work/GoldenCheetah/GoldenCheetah/src/appdir/lib/libicui18n.so.73" to "$ORIGIN"
Log: "libicuuc.so.73" already at target location
Log: Checking rpath in "/home/runner/work/GoldenCheetah/GoldenCheetah/src/appdir/lib/libicuuc.so.73"
Log: Changing rpath in "/home/runner/work/GoldenCheetah/GoldenCheetah/src/appdir/lib/libicuuc.so.73" to "$ORIGIN"
Log: "libicudata.so.73" already at target location
Log: Checking rpath in "/home/runner/work/GoldenCheetah/GoldenCheetah/src/appdir/lib/libicudata.so.73"
Log: Changing rpath in "/home/runner/work/GoldenCheetah/GoldenCheetah/src/appdir/lib/libicudata.so.73" to "$ORIGIN"
Log: "libXau.so.6" already at target location
Log: Checking rpath in "/home/runner/work/GoldenCheetah/GoldenCheetah/src/appdir/lib/libXau.so.6"
Log: Changing rpath in "/home/runner/work/GoldenCheetah/GoldenCheetah/src/appdir/lib/libXau.so.6" to "$ORIGIN"
Log: "libXdmcp.so.6" already at target location
Log: Checking rpath in "/home/runner/work/GoldenCheetah/GoldenCheetah/src/appdir/lib/libXdmcp.so.6"
Log: Changing rpath in "/home/runner/work/GoldenCheetah/GoldenCheetah/src/appdir/lib/libXdmcp.so.6" to "$ORIGIN"
Log: Checking rpath in "/home/runner/work/GoldenCheetah/GoldenCheetah/src/appdir/lib/libpulsecommon-16.1.so"
Log: Changing rpath in "/home/runner/work/GoldenCheetah/GoldenCheetah/src/appdir/lib/libpulsecommon-16.1.so" to "$ORIGIN"
Log: "libpcre2-8.so.0" already at target location
Log: Checking rpath in "/home/runner/work/GoldenCheetah/GoldenCheetah/src/appdir/lib/libpcre2-8.so.0"
Log: Changing rpath in "/home/runner/work/GoldenCheetah/GoldenCheetah/src/appdir/lib/libpcre2-8.so.0" to "$ORIGIN"
Log: "libpng16.so.16" already at target location
Log: Checking rpath in "/home/runner/work/GoldenCheetah/GoldenCheetah/src/appdir/lib/libpng16.so.16"
Log: Changing rpath in "/home/runner/work/GoldenCheetah/GoldenCheetah/src/appdir/lib/libpng16.so.16" to "$ORIGIN"
Log: "libbrotlidec.so.1" already at target location
Log: Checking rpath in "/home/runner/work/GoldenCheetah/GoldenCheetah/src/appdir/lib/libbrotlidec.so.1"
Log: Changing rpath in "/home/runner/work/GoldenCheetah/GoldenCheetah/src/appdir/lib/libbrotlidec.so.1" to "$ORIGIN"
Log: "libsystemd.so.0" already at target location
Log: Checking rpath in "/home/runner/work/GoldenCheetah/GoldenCheetah/src/appdir/lib/libsystemd.so.0"
Log: Changing rpath in "/home/runner/work/GoldenCheetah/GoldenCheetah/src/appdir/lib/libsystemd.so.0" to "$ORIGIN"
Log: "libkrb5.so.3" already at target location
Log: Checking rpath in "/home/runner/work/GoldenCheetah/GoldenCheetah/src/appdir/lib/libkrb5.so.3"
Log: Changing rpath in "/home/runner/work/GoldenCheetah/GoldenCheetah/src/appdir/lib/libkrb5.so.3" to "$ORIGIN"
Log: "libk5crypto.so.3" already at target location
Log: Checking rpath in "/home/runner/work/GoldenCheetah/GoldenCheetah/src/appdir/lib/libk5crypto.so.3"
Log: Changing rpath in "/home/runner/work/GoldenCheetah/GoldenCheetah/src/appdir/lib/libk5crypto.so.3" to "$ORIGIN"
Log: "libkrb5support.so.0" already at target location
Log: Checking rpath in "/home/runner/work/GoldenCheetah/GoldenCheetah/src/appdir/lib/libkrb5support.so.0"
Log: Changing rpath in "/home/runner/work/GoldenCheetah/GoldenCheetah/src/appdir/lib/libkrb5support.so.0" to "$ORIGIN"
Log: "libbsd.so.0" already at target location
Log: Checking rpath in "/home/runner/work/GoldenCheetah/GoldenCheetah/src/appdir/lib/libbsd.so.0"
Log: Changing rpath in "/home/runner/work/GoldenCheetah/GoldenCheetah/src/appdir/lib/libbsd.so.0" to "$ORIGIN"
Log: "libsndfile.so.1" already at target location
Log: Checking rpath in "/home/runner/work/GoldenCheetah/GoldenCheetah/src/appdir/lib/libsndfile.so.1"
Log: Changing rpath in "/home/runner/work/GoldenCheetah/GoldenCheetah/src/appdir/lib/libsndfile.so.1" to "$ORIGIN"
Log: "libasyncns.so.0" already at target location
Log: Checking rpath in "/home/runner/work/GoldenCheetah/GoldenCheetah/src/appdir/lib/libasyncns.so.0"
Log: Changing rpath in "/home/runner/work/GoldenCheetah/GoldenCheetah/src/appdir/lib/libasyncns.so.0" to "$ORIGIN"
Log: "libapparmor.so.1" already at target location
Log: Checking rpath in "/home/runner/work/GoldenCheetah/GoldenCheetah/src/appdir/lib/libapparmor.so.1"
Log: Changing rpath in "/home/runner/work/GoldenCheetah/GoldenCheetah/src/appdir/lib/libapparmor.so.1" to "$ORIGIN"
Log: "libbrotlicommon.so.1" already at target location
Log: Checking rpath in "/home/runner/work/GoldenCheetah/GoldenCheetah/src/appdir/lib/libbrotlicommon.so.1"
Log: Changing rpath in "/home/runner/work/GoldenCheetah/GoldenCheetah/src/appdir/lib/libbrotlicommon.so.1" to "$ORIGIN"
Log: "libcap.so.2" already at target location
Log: Checking rpath in "/home/runner/work/GoldenCheetah/GoldenCheetah/src/appdir/lib/libcap.so.2"
Log: Changing rpath in "/home/runner/work/GoldenCheetah/GoldenCheetah/src/appdir/lib/libcap.so.2" to "$ORIGIN"
Log: "libgcrypt.so.20" already at target location
Log: Checking rpath in "/home/runner/work/GoldenCheetah/GoldenCheetah/src/appdir/lib/libgcrypt.so.20"
Log: Changing rpath in "/home/runner/work/GoldenCheetah/GoldenCheetah/src/appdir/lib/libgcrypt.so.20" to "$ORIGIN"
Log: "liblz4.so.1" already at target location
Log: Checking rpath in "/home/runner/work/GoldenCheetah/GoldenCheetah/src/appdir/lib/liblz4.so.1"
Log: Changing rpath in "/home/runner/work/GoldenCheetah/GoldenCheetah/src/appdir/lib/liblz4.so.1" to "$ORIGIN"
Log: "liblzma.so.5" already at target location
Log: Checking rpath in "/home/runner/work/GoldenCheetah/GoldenCheetah/src/appdir/lib/liblzma.so.5"
Log: Changing rpath in "/home/runner/work/GoldenCheetah/GoldenCheetah/src/appdir/lib/liblzma.so.5" to "$ORIGIN"
Log: "libkeyutils.so.1" already at target location
Log: Checking rpath in "/home/runner/work/GoldenCheetah/GoldenCheetah/src/appdir/lib/libkeyutils.so.1"
Log: Changing rpath in "/home/runner/work/GoldenCheetah/GoldenCheetah/src/appdir/lib/libkeyutils.so.1" to "$ORIGIN"
Log: "libmd.so.0" already at target location
Log: Checking rpath in "/home/runner/work/GoldenCheetah/GoldenCheetah/src/appdir/lib/libmd.so.0"
Log: Changing rpath in "/home/runner/work/GoldenCheetah/GoldenCheetah/src/appdir/lib/libmd.so.0" to "$ORIGIN"
Log: "libFLAC.so.12" already at target location
Log: Checking rpath in "/home/runner/work/GoldenCheetah/GoldenCheetah/src/appdir/lib/libFLAC.so.12"
Log: Changing rpath in "/home/runner/work/GoldenCheetah/GoldenCheetah/src/appdir/lib/libFLAC.so.12" to "$ORIGIN"
Log: "libvorbis.so.0" already at target location
Log: Checking rpath in "/home/runner/work/GoldenCheetah/GoldenCheetah/src/appdir/lib/libvorbis.so.0"
Log: Changing rpath in "/home/runner/work/GoldenCheetah/GoldenCheetah/src/appdir/lib/libvorbis.so.0" to "$ORIGIN"
Log: "libvorbisenc.so.2" already at target location
Log: Checking rpath in "/home/runner/work/GoldenCheetah/GoldenCheetah/src/appdir/lib/libvorbisenc.so.2"
Log: Changing rpath in "/home/runner/work/GoldenCheetah/GoldenCheetah/src/appdir/lib/libvorbisenc.so.2" to "$ORIGIN"
Log: "libopus.so.0" already at target location
Log: Checking rpath in "/home/runner/work/GoldenCheetah/GoldenCheetah/src/appdir/lib/libopus.so.0"
Log: Changing rpath in "/home/runner/work/GoldenCheetah/GoldenCheetah/src/appdir/lib/libopus.so.0" to "$ORIGIN"
Log: "libogg.so.0" already at target location
Log: Checking rpath in "/home/runner/work/GoldenCheetah/GoldenCheetah/src/appdir/lib/libogg.so.0"
Log: Changing rpath in "/home/runner/work/GoldenCheetah/GoldenCheetah/src/appdir/lib/libogg.so.0" to "$ORIGIN"
Log: "libmpg123.so.0" already at target location
Log: Checking rpath in "/home/runner/work/GoldenCheetah/GoldenCheetah/src/appdir/lib/libmpg123.so.0"
Log: Changing rpath in "/home/runner/work/GoldenCheetah/GoldenCheetah/src/appdir/lib/libmpg123.so.0" to "$ORIGIN"
Log: "libmp3lame.so.0" already at target location
Log: Checking rpath in "/home/runner/work/GoldenCheetah/GoldenCheetah/src/appdir/lib/libmp3lame.so.0"
Log: Changing rpath in "/home/runner/work/GoldenCheetah/GoldenCheetah/src/appdir/lib/libmp3lame.so.0" to "$ORIGIN"
Log: "libbz2.so.1.0" already at target location
Log: Checking rpath in "/home/runner/work/GoldenCheetah/GoldenCheetah/src/appdir/lib/libbz2.so.1.0"
Log: Changing rpath in "/home/runner/work/GoldenCheetah/GoldenCheetah/src/appdir/lib/libbz2.so.1.0" to "$ORIGIN"
Log: Checking rpath in "/home/runner/work/GoldenCheetah/GoldenCheetah/src/appdir/plugins/multimedia/libffmpegmediaplugin.so"
Log: Changing rpath in "/home/runner/work/GoldenCheetah/GoldenCheetah/src/appdir/plugins/multimedia/libffmpegmediaplugin.so" to "$ORIGIN/../../lib"
Log:  copied: "/home/runner/work/GoldenCheetah/GoldenCheetah/6.8.0/gcc_64/plugins/multimedia/libgstreamermediaplugin.so"
Log:  to "/home/runner/work/GoldenCheetah/GoldenCheetah/src/appdir/plugins/multimedia/libgstreamermediaplugin.so"
Log: Deploying the following libraries: QList("/home/runner/work/GoldenCheetah/GoldenCheetah/src/appdir/plugins/multimedia/libgstreamermediaplugin.so")
Log: "libxkbcommon.so.0" already at target location
Log: Checking rpath in "/home/runner/work/GoldenCheetah/GoldenCheetah/src/appdir/lib/libxkbcommon.so.0"
Log: Changing rpath in "/home/runner/work/GoldenCheetah/GoldenCheetah/src/appdir/lib/libxkbcommon.so.0" to "$ORIGIN"
Log: "libQt6Multimedia.so.6" already at target location
Log: Checking rpath in "/home/runner/work/GoldenCheetah/GoldenCheetah/src/appdir/lib/libQt6Multimedia.so.6"
Log: Changing rpath in "/home/runner/work/GoldenCheetah/GoldenCheetah/src/appdir/lib/libQt6Multimedia.so.6" to "$ORIGIN"
Log: "libQt6Gui.so.6" already at target location
Log: Checking rpath in "/home/runner/work/GoldenCheetah/GoldenCheetah/src/appdir/lib/libQt6Gui.so.6"
Log: Changing rpath in "/home/runner/work/GoldenCheetah/GoldenCheetah/src/appdir/lib/libQt6Gui.so.6" to "$ORIGIN"
Log: "libQt6Network.so.6" already at target location
Log: Checking rpath in "/home/runner/work/GoldenCheetah/GoldenCheetah/src/appdir/lib/libQt6Network.so.6"
Log: Changing rpath in "/home/runner/work/GoldenCheetah/GoldenCheetah/src/appdir/lib/libQt6Network.so.6" to "$ORIGIN"
Log: Setting deploymentInfo.qtPath to: "/home/runner/work/GoldenCheetah/GoldenCheetah/src/appdir/lib/"
Log: "libQt6Core.so.6" already at target location
Log: Checking rpath in "/home/runner/work/GoldenCheetah/GoldenCheetah/src/appdir/lib/libQt6Core.so.6"
Log: Changing rpath in "/home/runner/work/GoldenCheetah/GoldenCheetah/src/appdir/lib/libQt6Core.so.6" to "$ORIGIN"
Log:  copied: "/lib/x86_64-linux-gnu/libgstpbutils-1.0.so.0"
Log:  to "/home/runner/work/GoldenCheetah/GoldenCheetah/src/appdir/lib//libgstpbutils-1.0.so.0"
Log: Checking rpath in "/home/runner/work/GoldenCheetah/GoldenCheetah/src/appdir/lib/libgstpbutils-1.0.so.0"
Log: Changing rpath in "/home/runner/work/GoldenCheetah/GoldenCheetah/src/appdir/lib/libgstpbutils-1.0.so.0" to "$ORIGIN"
Log:  copied: "/lib/x86_64-linux-gnu/libgstaudio-1.0.so.0"
Log:  to "/home/runner/work/GoldenCheetah/GoldenCheetah/src/appdir/lib//libgstaudio-1.0.so.0"
Log: Checking rpath in "/home/runner/work/GoldenCheetah/GoldenCheetah/src/appdir/lib/libgstaudio-1.0.so.0"
Log: Changing rpath in "/home/runner/work/GoldenCheetah/GoldenCheetah/src/appdir/lib/libgstaudio-1.0.so.0" to "$ORIGIN"
Log:  copied: "/lib/x86_64-linux-gnu/libgstallocators-1.0.so.0"
Log:  to "/home/runner/work/GoldenCheetah/GoldenCheetah/src/appdir/lib//libgstallocators-1.0.so.0"
Log: Checking rpath in "/home/runner/work/GoldenCheetah/GoldenCheetah/src/appdir/lib/libgstallocators-1.0.so.0"
Log: Changing rpath in "/home/runner/work/GoldenCheetah/GoldenCheetah/src/appdir/lib/libgstallocators-1.0.so.0" to "$ORIGIN"
Log:  copied: "/lib/x86_64-linux-gnu/libgstapp-1.0.so.0"
Log:  to "/home/runner/work/GoldenCheetah/GoldenCheetah/src/appdir/lib//libgstapp-1.0.so.0"
Log: Checking rpath in "/home/runner/work/GoldenCheetah/GoldenCheetah/src/appdir/lib/libgstapp-1.0.so.0"
Log: Changing rpath in "/home/runner/work/GoldenCheetah/GoldenCheetah/src/appdir/lib/libgstapp-1.0.so.0" to "$ORIGIN"
Log:  copied: "/lib/x86_64-linux-gnu/libgstgl-1.0.so.0"
Log:  to "/home/runner/work/GoldenCheetah/GoldenCheetah/src/appdir/lib//libgstgl-1.0.so.0"
Log: Checking rpath in "/home/runner/work/GoldenCheetah/GoldenCheetah/src/appdir/lib/libgstgl-1.0.so.0"
Log: Changing rpath in "/home/runner/work/GoldenCheetah/GoldenCheetah/src/appdir/lib/libgstgl-1.0.so.0" to "$ORIGIN"
Log:  copied: "/lib/x86_64-linux-gnu/libgstvideo-1.0.so.0"
Log:  to "/home/runner/work/GoldenCheetah/GoldenCheetah/src/appdir/lib//libgstvideo-1.0.so.0"
Log: Checking rpath in "/home/runner/work/GoldenCheetah/GoldenCheetah/src/appdir/lib/libgstvideo-1.0.so.0"
Log: Changing rpath in "/home/runner/work/GoldenCheetah/GoldenCheetah/src/appdir/lib/libgstvideo-1.0.so.0" to "$ORIGIN"
Log:  copied: "/lib/x86_64-linux-gnu/libgstbase-1.0.so.0"
Log:  to "/home/runner/work/GoldenCheetah/GoldenCheetah/src/appdir/lib//libgstbase-1.0.so.0"
Log: Checking rpath in "/home/runner/work/GoldenCheetah/GoldenCheetah/src/appdir/lib/libgstbase-1.0.so.0"
Log: Changing rpath in "/home/runner/work/GoldenCheetah/GoldenCheetah/src/appdir/lib/libgstbase-1.0.so.0" to "$ORIGIN"
Log:  copied: "/lib/x86_64-linux-gnu/libgstreamer-1.0.so.0"
Log:  to "/home/runner/work/GoldenCheetah/GoldenCheetah/src/appdir/lib//libgstreamer-1.0.so.0"
Log: Checking rpath in "/home/runner/work/GoldenCheetah/GoldenCheetah/src/appdir/lib/libgstreamer-1.0.so.0"
Log: Changing rpath in "/home/runner/work/GoldenCheetah/GoldenCheetah/src/appdir/lib/libgstreamer-1.0.so.0" to "$ORIGIN"
Log: "libgobject-2.0.so.0" already at target location
Log: Checking rpath in "/home/runner/work/GoldenCheetah/GoldenCheetah/src/appdir/lib/libgobject-2.0.so.0"
Log: Changing rpath in "/home/runner/work/GoldenCheetah/GoldenCheetah/src/appdir/lib/libgobject-2.0.so.0" to "$ORIGIN"
Log: "libglib-2.0.so.0" already at target location
Log: Checking rpath in "/home/runner/work/GoldenCheetah/GoldenCheetah/src/appdir/lib/libglib-2.0.so.0"
Log: Changing rpath in "/home/runner/work/GoldenCheetah/GoldenCheetah/src/appdir/lib/libglib-2.0.so.0" to "$ORIGIN"
Log: "libpulse.so.0" already at target location
Log: Checking rpath in "/home/runner/work/GoldenCheetah/GoldenCheetah/src/appdir/lib/libpulse.so.0"
Log: Changing rpath in "/home/runner/work/GoldenCheetah/GoldenCheetah/src/appdir/lib/libpulse.so.0" to "$ORIGIN"
Log: "libQt6DBus.so.6" already at target location
Log: Checking rpath in "/home/runner/work/GoldenCheetah/GoldenCheetah/src/appdir/lib/libQt6DBus.so.6"
Log: Changing rpath in "/home/runner/work/GoldenCheetah/GoldenCheetah/src/appdir/lib/libQt6DBus.so.6" to "$ORIGIN"
Log: "libgthread-2.0.so.0" already at target location
Log: Checking rpath in "/home/runner/work/GoldenCheetah/GoldenCheetah/src/appdir/lib/libgthread-2.0.so.0"
Log: Changing rpath in "/home/runner/work/GoldenCheetah/GoldenCheetah/src/appdir/lib/libgthread-2.0.so.0" to "$ORIGIN"
Log: "libzstd.so.1" already at target location
Log: Checking rpath in "/home/runner/work/GoldenCheetah/GoldenCheetah/src/appdir/lib/libzstd.so.1"
Log: Changing rpath in "/home/runner/work/GoldenCheetah/GoldenCheetah/src/appdir/lib/libzstd.so.1" to "$ORIGIN"
Log: "libgssapi_krb5.so.2" already at target location
Log: Checking rpath in "/home/runner/work/GoldenCheetah/GoldenCheetah/src/appdir/lib/libgssapi_krb5.so.2"
Log: Changing rpath in "/home/runner/work/GoldenCheetah/GoldenCheetah/src/appdir/lib/libgssapi_krb5.so.2" to "$ORIGIN"
Log: "libicui18n.so.73" already at target location
Log: Checking rpath in "/home/runner/work/GoldenCheetah/GoldenCheetah/src/appdir/lib/libicui18n.so.73"
Log: Changing rpath in "/home/runner/work/GoldenCheetah/GoldenCheetah/src/appdir/lib/libicui18n.so.73" to "$ORIGIN"
Log: "libicuuc.so.73" already at target location
Log: Checking rpath in "/home/runner/work/GoldenCheetah/GoldenCheetah/src/appdir/lib/libicuuc.so.73"
Log: Changing rpath in "/home/runner/work/GoldenCheetah/GoldenCheetah/src/appdir/lib/libicuuc.so.73" to "$ORIGIN"
Log: "libicudata.so.73" already at target location
Log: Checking rpath in "/home/runner/work/GoldenCheetah/GoldenCheetah/src/appdir/lib/libicudata.so.73"
Log: Changing rpath in "/home/runner/work/GoldenCheetah/GoldenCheetah/src/appdir/lib/libicudata.so.73" to "$ORIGIN"
Log:  copied: "/lib/x86_64-linux-gnu/libgsttag-1.0.so.0"
Log:  to "/home/runner/work/GoldenCheetah/GoldenCheetah/src/appdir/lib//libgsttag-1.0.so.0"
Log: Checking rpath in "/home/runner/work/GoldenCheetah/GoldenCheetah/src/appdir/lib/libgsttag-1.0.so.0"
Log: Changing rpath in "/home/runner/work/GoldenCheetah/GoldenCheetah/src/appdir/lib/libgsttag-1.0.so.0" to "$ORIGIN"
Log:  copied: "/lib/x86_64-linux-gnu/liborc-0.4.so.0"
Log:  to "/home/runner/work/GoldenCheetah/GoldenCheetah/src/appdir/lib//liborc-0.4.so.0"
Log: Checking rpath in "/home/runner/work/GoldenCheetah/GoldenCheetah/src/appdir/lib/liborc-0.4.so.0"
Log: Changing rpath in "/home/runner/work/GoldenCheetah/GoldenCheetah/src/appdir/lib/liborc-0.4.so.0" to "$ORIGIN"
Log: "libgmodule-2.0.so.0" already at target location
Log: Checking rpath in "/home/runner/work/GoldenCheetah/GoldenCheetah/src/appdir/lib/libgmodule-2.0.so.0"
Log: Changing rpath in "/home/runner/work/GoldenCheetah/GoldenCheetah/src/appdir/lib/libgmodule-2.0.so.0" to "$ORIGIN"
Log:  copied: "/lib/x86_64-linux-gnu/libwayland-cursor.so.0"
Log:  to "/home/runner/work/GoldenCheetah/GoldenCheetah/src/appdir/lib//libwayland-cursor.so.0"
Log: Checking rpath in "/home/runner/work/GoldenCheetah/GoldenCheetah/src/appdir/lib/libwayland-cursor.so.0"
Log: Changing rpath in "/home/runner/work/GoldenCheetah/GoldenCheetah/src/appdir/lib/libwayland-cursor.so.0" to "$ORIGIN"
Log:  copied: "/lib/x86_64-linux-gnu/libwayland-egl.so.1"
Log:  to "/home/runner/work/GoldenCheetah/GoldenCheetah/src/appdir/lib//libwayland-egl.so.1"
Log: Checking rpath in "/home/runner/work/GoldenCheetah/GoldenCheetah/src/appdir/lib/libwayland-egl.so.1"
Log: Changing rpath in "/home/runner/work/GoldenCheetah/GoldenCheetah/src/appdir/lib/libwayland-egl.so.1" to "$ORIGIN"
Log:  copied: "/lib/x86_64-linux-gnu/libgudev-1.0.so.0"
Log:  to "/home/runner/work/GoldenCheetah/GoldenCheetah/src/appdir/lib//libgudev-1.0.so.0"
Log: Checking rpath in "/home/runner/work/GoldenCheetah/GoldenCheetah/src/appdir/lib/libgudev-1.0.so.0"
Log: Changing rpath in "/home/runner/work/GoldenCheetah/GoldenCheetah/src/appdir/lib/libgudev-1.0.so.0" to "$ORIGIN"
Log:  copied: "/lib/x86_64-linux-gnu/libunwind.so.8"
Log:  to "/home/runner/work/GoldenCheetah/GoldenCheetah/src/appdir/lib//libunwind.so.8"
Log: Checking rpath in "/home/runner/work/GoldenCheetah/GoldenCheetah/src/appdir/lib/libunwind.so.8"
Log: Changing rpath in "/home/runner/work/GoldenCheetah/GoldenCheetah/src/appdir/lib/libunwind.so.8" to "$ORIGIN"
Log:  copied: "/lib/x86_64-linux-gnu/libdw.so.1"
Log:  to "/home/runner/work/GoldenCheetah/GoldenCheetah/src/appdir/lib//libdw.so.1"
Log: Checking rpath in "/home/runner/work/GoldenCheetah/GoldenCheetah/src/appdir/lib/libdw.so.1"
Log: Changing rpath in "/home/runner/work/GoldenCheetah/GoldenCheetah/src/appdir/lib/libdw.so.1" to "$ORIGIN"
Log: "libffi.so.8" already at target location
Log: Checking rpath in "/home/runner/work/GoldenCheetah/GoldenCheetah/src/appdir/lib/libffi.so.8"
Log: Changing rpath in "/home/runner/work/GoldenCheetah/GoldenCheetah/src/appdir/lib/libffi.so.8" to "$ORIGIN"
Log: "libpcre2-8.so.0" already at target location
Log: Checking rpath in "/home/runner/work/GoldenCheetah/GoldenCheetah/src/appdir/lib/libpcre2-8.so.0"
Log: Changing rpath in "/home/runner/work/GoldenCheetah/GoldenCheetah/src/appdir/lib/libpcre2-8.so.0" to "$ORIGIN"
Log: Checking rpath in "/home/runner/work/GoldenCheetah/GoldenCheetah/src/appdir/lib/libpulsecommon-16.1.so"
Log: Changing rpath in "/home/runner/work/GoldenCheetah/GoldenCheetah/src/appdir/lib/libpulsecommon-16.1.so" to "$ORIGIN"
Log: "libdbus-1.so.3" already at target location
Log: Checking rpath in "/home/runner/work/GoldenCheetah/GoldenCheetah/src/appdir/lib/libdbus-1.so.3"
Log: Changing rpath in "/home/runner/work/GoldenCheetah/GoldenCheetah/src/appdir/lib/libdbus-1.so.3" to "$ORIGIN"
Log: "libbz2.so.1.0" already at target location
Log: Checking rpath in "/home/runner/work/GoldenCheetah/GoldenCheetah/src/appdir/lib/libbz2.so.1.0"
Log: Changing rpath in "/home/runner/work/GoldenCheetah/GoldenCheetah/src/appdir/lib/libbz2.so.1.0" to "$ORIGIN"
Log: "libpng16.so.16" already at target location
Log: Checking rpath in "/home/runner/work/GoldenCheetah/GoldenCheetah/src/appdir/lib/libpng16.so.16"
Log: Changing rpath in "/home/runner/work/GoldenCheetah/GoldenCheetah/src/appdir/lib/libpng16.so.16" to "$ORIGIN"
Log: "libbrotlidec.so.1" already at target location
Log: Checking rpath in "/home/runner/work/GoldenCheetah/GoldenCheetah/src/appdir/lib/libbrotlidec.so.1"
Log: Changing rpath in "/home/runner/work/GoldenCheetah/GoldenCheetah/src/appdir/lib/libbrotlidec.so.1" to "$ORIGIN"
Log: "libkrb5.so.3" already at target location
Log: Checking rpath in "/home/runner/work/GoldenCheetah/GoldenCheetah/src/appdir/lib/libkrb5.so.3"
Log: Changing rpath in "/home/runner/work/GoldenCheetah/GoldenCheetah/src/appdir/lib/libkrb5.so.3" to "$ORIGIN"
Log: "libk5crypto.so.3" already at target location
Log: Checking rpath in "/home/runner/work/GoldenCheetah/GoldenCheetah/src/appdir/lib/libk5crypto.so.3"
Log: Changing rpath in "/home/runner/work/GoldenCheetah/GoldenCheetah/src/appdir/lib/libk5crypto.so.3" to "$ORIGIN"
Log: "libkrb5support.so.0" already at target location
Log: Checking rpath in "/home/runner/work/GoldenCheetah/GoldenCheetah/src/appdir/lib/libkrb5support.so.0"
Log: Changing rpath in "/home/runner/work/GoldenCheetah/GoldenCheetah/src/appdir/lib/libkrb5support.so.0" to "$ORIGIN"
Log: "libXau.so.6" already at target location
Log: Checking rpath in "/home/runner/work/GoldenCheetah/GoldenCheetah/src/appdir/lib/libXau.so.6"
Log: Changing rpath in "/home/runner/work/GoldenCheetah/GoldenCheetah/src/appdir/lib/libXau.so.6" to "$ORIGIN"
Log: "libXdmcp.so.6" already at target location
Log: Checking rpath in "/home/runner/work/GoldenCheetah/GoldenCheetah/src/appdir/lib/libXdmcp.so.6"
Log: Changing rpath in "/home/runner/work/GoldenCheetah/GoldenCheetah/src/appdir/lib/libXdmcp.so.6" to "$ORIGIN"
Log: "libudev.so.1" already at target location
Log: Checking rpath in "/home/runner/work/GoldenCheetah/GoldenCheetah/src/appdir/lib/libudev.so.1"
Log: Changing rpath in "/home/runner/work/GoldenCheetah/GoldenCheetah/src/appdir/lib/libudev.so.1" to "$ORIGIN"
Log: "liblzma.so.5" already at target location
Log: Checking rpath in "/home/runner/work/GoldenCheetah/GoldenCheetah/src/appdir/lib/liblzma.so.5"
Log: Changing rpath in "/home/runner/work/GoldenCheetah/GoldenCheetah/src/appdir/lib/liblzma.so.5" to "$ORIGIN"
Log:  copied: "/lib/x86_64-linux-gnu/libelf.so.1"
Log:  to "/home/runner/work/GoldenCheetah/GoldenCheetah/src/appdir/lib//libelf.so.1"
Log: Checking rpath in "/home/runner/work/GoldenCheetah/GoldenCheetah/src/appdir/lib/libelf.so.1"
Log: Changing rpath in "/home/runner/work/GoldenCheetah/GoldenCheetah/src/appdir/lib/libelf.so.1" to "$ORIGIN"
Log: "libsndfile.so.1" already at target location
Log: Checking rpath in "/home/runner/work/GoldenCheetah/GoldenCheetah/src/appdir/lib/libsndfile.so.1"
Log: Changing rpath in "/home/runner/work/GoldenCheetah/GoldenCheetah/src/appdir/lib/libsndfile.so.1" to "$ORIGIN"
Log: "libsystemd.so.0" already at target location
Log: Checking rpath in "/home/runner/work/GoldenCheetah/GoldenCheetah/src/appdir/lib/libsystemd.so.0"
Log: Changing rpath in "/home/runner/work/GoldenCheetah/GoldenCheetah/src/appdir/lib/libsystemd.so.0" to "$ORIGIN"
Log: "libasyncns.so.0" already at target location
Log: Checking rpath in "/home/runner/work/GoldenCheetah/GoldenCheetah/src/appdir/lib/libasyncns.so.0"
Log: Changing rpath in "/home/runner/work/GoldenCheetah/GoldenCheetah/src/appdir/lib/libasyncns.so.0" to "$ORIGIN"
Log: "libapparmor.so.1" already at target location
Log: Checking rpath in "/home/runner/work/GoldenCheetah/GoldenCheetah/src/appdir/lib/libapparmor.so.1"
Log: Changing rpath in "/home/runner/work/GoldenCheetah/GoldenCheetah/src/appdir/lib/libapparmor.so.1" to "$ORIGIN"
Log: "libbrotlicommon.so.1" already at target location
Log: Checking rpath in "/home/runner/work/GoldenCheetah/GoldenCheetah/src/appdir/lib/libbrotlicommon.so.1"
Log: Changing rpath in "/home/runner/work/GoldenCheetah/GoldenCheetah/src/appdir/lib/libbrotlicommon.so.1" to "$ORIGIN"
Log: "libkeyutils.so.1" already at target location
Log: Checking rpath in "/home/runner/work/GoldenCheetah/GoldenCheetah/src/appdir/lib/libkeyutils.so.1"
Log: Changing rpath in "/home/runner/work/GoldenCheetah/GoldenCheetah/src/appdir/lib/libkeyutils.so.1" to "$ORIGIN"
Log: "libbsd.so.0" already at target location
Log: Checking rpath in "/home/runner/work/GoldenCheetah/GoldenCheetah/src/appdir/lib/libbsd.so.0"
Log: Changing rpath in "/home/runner/work/GoldenCheetah/GoldenCheetah/src/appdir/lib/libbsd.so.0" to "$ORIGIN"
Log: "libcap.so.2" already at target location
Log: Checking rpath in "/home/runner/work/GoldenCheetah/GoldenCheetah/src/appdir/lib/libcap.so.2"
Log: Changing rpath in "/home/runner/work/GoldenCheetah/GoldenCheetah/src/appdir/lib/libcap.so.2" to "$ORIGIN"
Log: "libFLAC.so.12" already at target location
Log: Checking rpath in "/home/runner/work/GoldenCheetah/GoldenCheetah/src/appdir/lib/libFLAC.so.12"
Log: Changing rpath in "/home/runner/work/GoldenCheetah/GoldenCheetah/src/appdir/lib/libFLAC.so.12" to "$ORIGIN"
Log: "libvorbis.so.0" already at target location
Log: Checking rpath in "/home/runner/work/GoldenCheetah/GoldenCheetah/src/appdir/lib/libvorbis.so.0"
Log: Changing rpath in "/home/runner/work/GoldenCheetah/GoldenCheetah/src/appdir/lib/libvorbis.so.0" to "$ORIGIN"
Log: "libvorbisenc.so.2" already at target location
Log: Checking rpath in "/home/runner/work/GoldenCheetah/GoldenCheetah/src/appdir/lib/libvorbisenc.so.2"
Log: Changing rpath in "/home/runner/work/GoldenCheetah/GoldenCheetah/src/appdir/lib/libvorbisenc.so.2" to "$ORIGIN"
Log: "libopus.so.0" already at target location
Log: Checking rpath in "/home/runner/work/GoldenCheetah/GoldenCheetah/src/appdir/lib/libopus.so.0"
Log: Changing rpath in "/home/runner/work/GoldenCheetah/GoldenCheetah/src/appdir/lib/libopus.so.0" to "$ORIGIN"
Log: "libogg.so.0" already at target location
Log: Checking rpath in "/home/runner/work/GoldenCheetah/GoldenCheetah/src/appdir/lib/libogg.so.0"
Log: Changing rpath in "/home/runner/work/GoldenCheetah/GoldenCheetah/src/appdir/lib/libogg.so.0" to "$ORIGIN"
Log: "libmpg123.so.0" already at target location
Log: Checking rpath in "/home/runner/work/GoldenCheetah/GoldenCheetah/src/appdir/lib/libmpg123.so.0"
Log: Changing rpath in "/home/runner/work/GoldenCheetah/GoldenCheetah/src/appdir/lib/libmpg123.so.0" to "$ORIGIN"
Log: "libmp3lame.so.0" already at target location
Log: Checking rpath in "/home/runner/work/GoldenCheetah/GoldenCheetah/src/appdir/lib/libmp3lame.so.0"
Log: Changing rpath in "/home/runner/work/GoldenCheetah/GoldenCheetah/src/appdir/lib/libmp3lame.so.0" to "$ORIGIN"
Log: "libgcrypt.so.20" already at target location
Log: Checking rpath in "/home/runner/work/GoldenCheetah/GoldenCheetah/src/appdir/lib/libgcrypt.so.20"
Log: Changing rpath in "/home/runner/work/GoldenCheetah/GoldenCheetah/src/appdir/lib/libgcrypt.so.20" to "$ORIGIN"
Log: "liblz4.so.1" already at target location
Log: Checking rpath in "/home/runner/work/GoldenCheetah/GoldenCheetah/src/appdir/lib/liblz4.so.1"
Log: Changing rpath in "/home/runner/work/GoldenCheetah/GoldenCheetah/src/appdir/lib/liblz4.so.1" to "$ORIGIN"
Log: "libmd.so.0" already at target location
Log: Checking rpath in "/home/runner/work/GoldenCheetah/GoldenCheetah/src/appdir/lib/libmd.so.0"
Log: Changing rpath in "/home/runner/work/GoldenCheetah/GoldenCheetah/src/appdir/lib/libmd.so.0" to "$ORIGIN"
Log: Checking rpath in "/home/runner/work/GoldenCheetah/GoldenCheetah/src/appdir/plugins/multimedia/libgstreamermediaplugin.so"
Log: Changing rpath in "/home/runner/work/GoldenCheetah/GoldenCheetah/src/appdir/plugins/multimedia/libgstreamermediaplugin.so" to "$ORIGIN/../../lib"
Log:  copied: "/home/runner/work/GoldenCheetah/GoldenCheetah/6.8.0/gcc_64/plugins/qmltooling/libqmldbg_debugger.so"
Log:  to "/home/runner/work/GoldenCheetah/GoldenCheetah/src/appdir/plugins/qmltooling/libqmldbg_debugger.so"
Log: Deploying the following libraries: QList("/home/runner/work/GoldenCheetah/GoldenCheetah/src/appdir/plugins/qmltooling/libqmldbg_debugger.so")
Log: "libQt6Qml.so.6" already at target location
Log: Checking rpath in "/home/runner/work/GoldenCheetah/GoldenCheetah/src/appdir/lib/libQt6Qml.so.6"
Log: Changing rpath in "/home/runner/work/GoldenCheetah/GoldenCheetah/src/appdir/lib/libQt6Qml.so.6" to "$ORIGIN"
Log: "libQt6Network.so.6" already at target location
Log: Checking rpath in "/home/runner/work/GoldenCheetah/GoldenCheetah/src/appdir/lib/libQt6Network.so.6"
Log: Changing rpath in "/home/runner/work/GoldenCheetah/GoldenCheetah/src/appdir/lib/libQt6Network.so.6" to "$ORIGIN"
Log: Setting deploymentInfo.qtPath to: "/home/runner/work/GoldenCheetah/GoldenCheetah/src/appdir/lib/"
Log: "libQt6Core.so.6" already at target location
Log: Checking rpath in "/home/runner/work/GoldenCheetah/GoldenCheetah/src/appdir/lib/libQt6Core.so.6"
Log: Changing rpath in "/home/runner/work/GoldenCheetah/GoldenCheetah/src/appdir/lib/libQt6Core.so.6" to "$ORIGIN"
Log: "libzstd.so.1" already at target location
Log: Checking rpath in "/home/runner/work/GoldenCheetah/GoldenCheetah/src/appdir/lib/libzstd.so.1"
Log: Changing rpath in "/home/runner/work/GoldenCheetah/GoldenCheetah/src/appdir/lib/libzstd.so.1" to "$ORIGIN"
Log: "libgssapi_krb5.so.2" already at target location
Log: Checking rpath in "/home/runner/work/GoldenCheetah/GoldenCheetah/src/appdir/lib/libgssapi_krb5.so.2"
Log: Changing rpath in "/home/runner/work/GoldenCheetah/GoldenCheetah/src/appdir/lib/libgssapi_krb5.so.2" to "$ORIGIN"
Log: "libicui18n.so.73" already at target location
Log: Checking rpath in "/home/runner/work/GoldenCheetah/GoldenCheetah/src/appdir/lib/libicui18n.so.73"
Log: Changing rpath in "/home/runner/work/GoldenCheetah/GoldenCheetah/src/appdir/lib/libicui18n.so.73" to "$ORIGIN"
Log: "libicuuc.so.73" already at target location
Log: Checking rpath in "/home/runner/work/GoldenCheetah/GoldenCheetah/src/appdir/lib/libicuuc.so.73"
Log: Changing rpath in "/home/runner/work/GoldenCheetah/GoldenCheetah/src/appdir/lib/libicuuc.so.73" to "$ORIGIN"
Log: "libicudata.so.73" already at target location
Log: Checking rpath in "/home/runner/work/GoldenCheetah/GoldenCheetah/src/appdir/lib/libicudata.so.73"
Log: Changing rpath in "/home/runner/work/GoldenCheetah/GoldenCheetah/src/appdir/lib/libicudata.so.73" to "$ORIGIN"
Log: "libglib-2.0.so.0" already at target location
Log: Checking rpath in "/home/runner/work/GoldenCheetah/GoldenCheetah/src/appdir/lib/libglib-2.0.so.0"
Log: Changing rpath in "/home/runner/work/GoldenCheetah/GoldenCheetah/src/appdir/lib/libglib-2.0.so.0" to "$ORIGIN"
Log: "libgthread-2.0.so.0" already at target location
Log: Checking rpath in "/home/runner/work/GoldenCheetah/GoldenCheetah/src/appdir/lib/libgthread-2.0.so.0"
Log: Changing rpath in "/home/runner/work/GoldenCheetah/GoldenCheetah/src/appdir/lib/libgthread-2.0.so.0" to "$ORIGIN"
Log: "libkrb5.so.3" already at target location
Log: Checking rpath in "/home/runner/work/GoldenCheetah/GoldenCheetah/src/appdir/lib/libkrb5.so.3"
Log: Changing rpath in "/home/runner/work/GoldenCheetah/GoldenCheetah/src/appdir/lib/libkrb5.so.3" to "$ORIGIN"
Log: "libk5crypto.so.3" already at target location
Log: Checking rpath in "/home/runner/work/GoldenCheetah/GoldenCheetah/src/appdir/lib/libk5crypto.so.3"
Log: Changing rpath in "/home/runner/work/GoldenCheetah/GoldenCheetah/src/appdir/lib/libk5crypto.so.3" to "$ORIGIN"
Log: "libkrb5support.so.0" already at target location
Log: Checking rpath in "/home/runner/work/GoldenCheetah/GoldenCheetah/src/appdir/lib/libkrb5support.so.0"
Log: Changing rpath in "/home/runner/work/GoldenCheetah/GoldenCheetah/src/appdir/lib/libkrb5support.so.0" to "$ORIGIN"
Log: "libpcre2-8.so.0" already at target location
Log: Checking rpath in "/home/runner/work/GoldenCheetah/GoldenCheetah/src/appdir/lib/libpcre2-8.so.0"
Log: Changing rpath in "/home/runner/work/GoldenCheetah/GoldenCheetah/src/appdir/lib/libpcre2-8.so.0" to "$ORIGIN"
Log: "libkeyutils.so.1" already at target location
Log: Checking rpath in "/home/runner/work/GoldenCheetah/GoldenCheetah/src/appdir/lib/libkeyutils.so.1"
Log: Changing rpath in "/home/runner/work/GoldenCheetah/GoldenCheetah/src/appdir/lib/libkeyutils.so.1" to "$ORIGIN"
Log: Checking rpath in "/home/runner/work/GoldenCheetah/GoldenCheetah/src/appdir/plugins/qmltooling/libqmldbg_debugger.so"
Log: Changing rpath in "/home/runner/work/GoldenCheetah/GoldenCheetah/src/appdir/plugins/qmltooling/libqmldbg_debugger.so" to "$ORIGIN/../../lib"
Log:  copied: "/home/runner/work/GoldenCheetah/GoldenCheetah/6.8.0/gcc_64/plugins/qmltooling/libqmldbg_inspector.so"
Log:  to "/home/runner/work/GoldenCheetah/GoldenCheetah/src/appdir/plugins/qmltooling/libqmldbg_inspector.so"
Log: Deploying the following libraries: QList("/home/runner/work/GoldenCheetah/GoldenCheetah/src/appdir/plugins/qmltooling/libqmldbg_inspector.so")
Log: "libxkbcommon.so.0" already at target location
Log: Checking rpath in "/home/runner/work/GoldenCheetah/GoldenCheetah/src/appdir/lib/libxkbcommon.so.0"
Log: Changing rpath in "/home/runner/work/GoldenCheetah/GoldenCheetah/src/appdir/lib/libxkbcommon.so.0" to "$ORIGIN"
Log: "libQt6Quick.so.6" already at target location
Log: Checking rpath in "/home/runner/work/GoldenCheetah/GoldenCheetah/src/appdir/lib/libQt6Quick.so.6"
Log: Changing rpath in "/home/runner/work/GoldenCheetah/GoldenCheetah/src/appdir/lib/libQt6Quick.so.6" to "$ORIGIN"
Log: "libQt6QmlMeta.so.6" already at target location
Log: Checking rpath in "/home/runner/work/GoldenCheetah/GoldenCheetah/src/appdir/lib/libQt6QmlMeta.so.6"
Log: Changing rpath in "/home/runner/work/GoldenCheetah/GoldenCheetah/src/appdir/lib/libQt6QmlMeta.so.6" to "$ORIGIN"
Log: "libQt6QmlModels.so.6" already at target location
Log: Checking rpath in "/home/runner/work/GoldenCheetah/GoldenCheetah/src/appdir/lib/libQt6QmlModels.so.6"
Log: Changing rpath in "/home/runner/work/GoldenCheetah/GoldenCheetah/src/appdir/lib/libQt6QmlModels.so.6" to "$ORIGIN"
Log: "libQt6QmlWorkerScript.so.6" already at target location
Log: Checking rpath in "/home/runner/work/GoldenCheetah/GoldenCheetah/src/appdir/lib/libQt6QmlWorkerScript.so.6"
Log: Changing rpath in "/home/runner/work/GoldenCheetah/GoldenCheetah/src/appdir/lib/libQt6QmlWorkerScript.so.6" to "$ORIGIN"
Log: "libQt6Qml.so.6" already at target location
Log: Checking rpath in "/home/runner/work/GoldenCheetah/GoldenCheetah/src/appdir/lib/libQt6Qml.so.6"
Log: Changing rpath in "/home/runner/work/GoldenCheetah/GoldenCheetah/src/appdir/lib/libQt6Qml.so.6" to "$ORIGIN"
Log: "libQt6Network.so.6" already at target location
Log: Checking rpath in "/home/runner/work/GoldenCheetah/GoldenCheetah/src/appdir/lib/libQt6Network.so.6"
Log: Changing rpath in "/home/runner/work/GoldenCheetah/GoldenCheetah/src/appdir/lib/libQt6Network.so.6" to "$ORIGIN"
Log: "libQt6OpenGL.so.6" already at target location
Log: Checking rpath in "/home/runner/work/GoldenCheetah/GoldenCheetah/src/appdir/lib/libQt6OpenGL.so.6"
Log: Changing rpath in "/home/runner/work/GoldenCheetah/GoldenCheetah/src/appdir/lib/libQt6OpenGL.so.6" to "$ORIGIN"
Log: "libQt6Gui.so.6" already at target location
Log: Checking rpath in "/home/runner/work/GoldenCheetah/GoldenCheetah/src/appdir/lib/libQt6Gui.so.6"
Log: Changing rpath in "/home/runner/work/GoldenCheetah/GoldenCheetah/src/appdir/lib/libQt6Gui.so.6" to "$ORIGIN"
Log: Setting deploymentInfo.qtPath to: "/home/runner/work/GoldenCheetah/GoldenCheetah/src/appdir/lib/"
Log: "libQt6Core.so.6" already at target location
Log: Checking rpath in "/home/runner/work/GoldenCheetah/GoldenCheetah/src/appdir/lib/libQt6Core.so.6"
Log: Changing rpath in "/home/runner/work/GoldenCheetah/GoldenCheetah/src/appdir/lib/libQt6Core.so.6" to "$ORIGIN"
Log: "libzstd.so.1" already at target location
Log: Checking rpath in "/home/runner/work/GoldenCheetah/GoldenCheetah/src/appdir/lib/libzstd.so.1"
Log: Changing rpath in "/home/runner/work/GoldenCheetah/GoldenCheetah/src/appdir/lib/libzstd.so.1" to "$ORIGIN"
Log: "libgssapi_krb5.so.2" already at target location
Log: Checking rpath in "/home/runner/work/GoldenCheetah/GoldenCheetah/src/appdir/lib/libgssapi_krb5.so.2"
Log: Changing rpath in "/home/runner/work/GoldenCheetah/GoldenCheetah/src/appdir/lib/libgssapi_krb5.so.2" to "$ORIGIN"
Log: "libglib-2.0.so.0" already at target location
Log: Checking rpath in "/home/runner/work/GoldenCheetah/GoldenCheetah/src/appdir/lib/libglib-2.0.so.0"
Log: Changing rpath in "/home/runner/work/GoldenCheetah/GoldenCheetah/src/appdir/lib/libglib-2.0.so.0" to "$ORIGIN"
Log: "libQt6DBus.so.6" already at target location
Log: Checking rpath in "/home/runner/work/GoldenCheetah/GoldenCheetah/src/appdir/lib/libQt6DBus.so.6"
Log: Changing rpath in "/home/runner/work/GoldenCheetah/GoldenCheetah/src/appdir/lib/libQt6DBus.so.6" to "$ORIGIN"
Log: "libgthread-2.0.so.0" already at target location
Log: Checking rpath in "/home/runner/work/GoldenCheetah/GoldenCheetah/src/appdir/lib/libgthread-2.0.so.0"
Log: Changing rpath in "/home/runner/work/GoldenCheetah/GoldenCheetah/src/appdir/lib/libgthread-2.0.so.0" to "$ORIGIN"
Log: "libicui18n.so.73" already at target location
Log: Checking rpath in "/home/runner/work/GoldenCheetah/GoldenCheetah/src/appdir/lib/libicui18n.so.73"
Log: Changing rpath in "/home/runner/work/GoldenCheetah/GoldenCheetah/src/appdir/lib/libicui18n.so.73" to "$ORIGIN"
Log: "libicuuc.so.73" already at target location
Log: Checking rpath in "/home/runner/work/GoldenCheetah/GoldenCheetah/src/appdir/lib/libicuuc.so.73"
Log: Changing rpath in "/home/runner/work/GoldenCheetah/GoldenCheetah/src/appdir/lib/libicuuc.so.73" to "$ORIGIN"
Log: "libicudata.so.73" already at target location
Log: Checking rpath in "/home/runner/work/GoldenCheetah/GoldenCheetah/src/appdir/lib/libicudata.so.73"
Log: Changing rpath in "/home/runner/work/GoldenCheetah/GoldenCheetah/src/appdir/lib/libicudata.so.73" to "$ORIGIN"
Log: "libkrb5.so.3" already at target location
Log: Checking rpath in "/home/runner/work/GoldenCheetah/GoldenCheetah/src/appdir/lib/libkrb5.so.3"
Log: Changing rpath in "/home/runner/work/GoldenCheetah/GoldenCheetah/src/appdir/lib/libkrb5.so.3" to "$ORIGIN"
Log: "libk5crypto.so.3" already at target location
Log: Checking rpath in "/home/runner/work/GoldenCheetah/GoldenCheetah/src/appdir/lib/libk5crypto.so.3"
Log: Changing rpath in "/home/runner/work/GoldenCheetah/GoldenCheetah/src/appdir/lib/libk5crypto.so.3" to "$ORIGIN"
Log: "libkrb5support.so.0" already at target location
Log: Checking rpath in "/home/runner/work/GoldenCheetah/GoldenCheetah/src/appdir/lib/libkrb5support.so.0"
Log: Changing rpath in "/home/runner/work/GoldenCheetah/GoldenCheetah/src/appdir/lib/libkrb5support.so.0" to "$ORIGIN"
Log: "libpcre2-8.so.0" already at target location
Log: Checking rpath in "/home/runner/work/GoldenCheetah/GoldenCheetah/src/appdir/lib/libpcre2-8.so.0"
Log: Changing rpath in "/home/runner/work/GoldenCheetah/GoldenCheetah/src/appdir/lib/libpcre2-8.so.0" to "$ORIGIN"
Log: "libdbus-1.so.3" already at target location
Log: Checking rpath in "/home/runner/work/GoldenCheetah/GoldenCheetah/src/appdir/lib/libdbus-1.so.3"
Log: Changing rpath in "/home/runner/work/GoldenCheetah/GoldenCheetah/src/appdir/lib/libdbus-1.so.3" to "$ORIGIN"
Log: "libbz2.so.1.0" already at target location
Log: Checking rpath in "/home/runner/work/GoldenCheetah/GoldenCheetah/src/appdir/lib/libbz2.so.1.0"
Log: Changing rpath in "/home/runner/work/GoldenCheetah/GoldenCheetah/src/appdir/lib/libbz2.so.1.0" to "$ORIGIN"
Log: "libpng16.so.16" already at target location
Log: Checking rpath in "/home/runner/work/GoldenCheetah/GoldenCheetah/src/appdir/lib/libpng16.so.16"
Log: Changing rpath in "/home/runner/work/GoldenCheetah/GoldenCheetah/src/appdir/lib/libpng16.so.16" to "$ORIGIN"
Log: "libbrotlidec.so.1" already at target location
Log: Checking rpath in "/home/runner/work/GoldenCheetah/GoldenCheetah/src/appdir/lib/libbrotlidec.so.1"
Log: Changing rpath in "/home/runner/work/GoldenCheetah/GoldenCheetah/src/appdir/lib/libbrotlidec.so.1" to "$ORIGIN"
Log: "libkeyutils.so.1" already at target location
Log: Checking rpath in "/home/runner/work/GoldenCheetah/GoldenCheetah/src/appdir/lib/libkeyutils.so.1"
Log: Changing rpath in "/home/runner/work/GoldenCheetah/GoldenCheetah/src/appdir/lib/libkeyutils.so.1" to "$ORIGIN"
Log: "libXau.so.6" already at target location
Log: Checking rpath in "/home/runner/work/GoldenCheetah/GoldenCheetah/src/appdir/lib/libXau.so.6"
Log: Changing rpath in "/home/runner/work/GoldenCheetah/GoldenCheetah/src/appdir/lib/libXau.so.6" to "$ORIGIN"
Log: "libXdmcp.so.6" already at target location
Log: Checking rpath in "/home/runner/work/GoldenCheetah/GoldenCheetah/src/appdir/lib/libXdmcp.so.6"
Log: Changing rpath in "/home/runner/work/GoldenCheetah/GoldenCheetah/src/appdir/lib/libXdmcp.so.6" to "$ORIGIN"
Log: "libsystemd.so.0" already at target location
Log: Checking rpath in "/home/runner/work/GoldenCheetah/GoldenCheetah/src/appdir/lib/libsystemd.so.0"
Log: Changing rpath in "/home/runner/work/GoldenCheetah/GoldenCheetah/src/appdir/lib/libsystemd.so.0" to "$ORIGIN"
Log: "libbrotlicommon.so.1" already at target location
Log: Checking rpath in "/home/runner/work/GoldenCheetah/GoldenCheetah/src/appdir/lib/libbrotlicommon.so.1"
Log: Changing rpath in "/home/runner/work/GoldenCheetah/GoldenCheetah/src/appdir/lib/libbrotlicommon.so.1" to "$ORIGIN"
Log: "libbsd.so.0" already at target location
Log: Checking rpath in "/home/runner/work/GoldenCheetah/GoldenCheetah/src/appdir/lib/libbsd.so.0"
Log: Changing rpath in "/home/runner/work/GoldenCheetah/GoldenCheetah/src/appdir/lib/libbsd.so.0" to "$ORIGIN"
Log: "libcap.so.2" already at target location
Log: Checking rpath in "/home/runner/work/GoldenCheetah/GoldenCheetah/src/appdir/lib/libcap.so.2"
Log: Changing rpath in "/home/runner/work/GoldenCheetah/GoldenCheetah/src/appdir/lib/libcap.so.2" to "$ORIGIN"
Log: "libgcrypt.so.20" already at target location
Log: Checking rpath in "/home/runner/work/GoldenCheetah/GoldenCheetah/src/appdir/lib/libgcrypt.so.20"
Log: Changing rpath in "/home/runner/work/GoldenCheetah/GoldenCheetah/src/appdir/lib/libgcrypt.so.20" to "$ORIGIN"
Log: "liblz4.so.1" already at target location
Log: Checking rpath in "/home/runner/work/GoldenCheetah/GoldenCheetah/src/appdir/lib/liblz4.so.1"
Log: Changing rpath in "/home/runner/work/GoldenCheetah/GoldenCheetah/src/appdir/lib/liblz4.so.1" to "$ORIGIN"
Log: "liblzma.so.5" already at target location
Log: Checking rpath in "/home/runner/work/GoldenCheetah/GoldenCheetah/src/appdir/lib/liblzma.so.5"
Log: Changing rpath in "/home/runner/work/GoldenCheetah/GoldenCheetah/src/appdir/lib/liblzma.so.5" to "$ORIGIN"
Log: "libmd.so.0" already at target location
Log: Checking rpath in "/home/runner/work/GoldenCheetah/GoldenCheetah/src/appdir/lib/libmd.so.0"
Log: Changing rpath in "/home/runner/work/GoldenCheetah/GoldenCheetah/src/appdir/lib/libmd.so.0" to "$ORIGIN"
Log: Checking rpath in "/home/runner/work/GoldenCheetah/GoldenCheetah/src/appdir/plugins/qmltooling/libqmldbg_inspector.so"
Log: Changing rpath in "/home/runner/work/GoldenCheetah/GoldenCheetah/src/appdir/plugins/qmltooling/libqmldbg_inspector.so" to "$ORIGIN/../../lib"
Log:  copied: "/home/runner/work/GoldenCheetah/GoldenCheetah/6.8.0/gcc_64/plugins/qmltooling/libqmldbg_local.so"
Log:  to "/home/runner/work/GoldenCheetah/GoldenCheetah/src/appdir/plugins/qmltooling/libqmldbg_local.so"
Log: Deploying the following libraries: QList("/home/runner/work/GoldenCheetah/GoldenCheetah/src/appdir/plugins/qmltooling/libqmldbg_local.so")
Log: "libQt6Qml.so.6" already at target location
Log: Checking rpath in "/home/runner/work/GoldenCheetah/GoldenCheetah/src/appdir/lib/libQt6Qml.so.6"
Log: Changing rpath in "/home/runner/work/GoldenCheetah/GoldenCheetah/src/appdir/lib/libQt6Qml.so.6" to "$ORIGIN"
Log: "libQt6Network.so.6" already at target location
Log: Checking rpath in "/home/runner/work/GoldenCheetah/GoldenCheetah/src/appdir/lib/libQt6Network.so.6"
Log: Changing rpath in "/home/runner/work/GoldenCheetah/GoldenCheetah/src/appdir/lib/libQt6Network.so.6" to "$ORIGIN"
Log: Setting deploymentInfo.qtPath to: "/home/runner/work/GoldenCheetah/GoldenCheetah/src/appdir/lib/"
Log: "libQt6Core.so.6" already at target location
Log: Checking rpath in "/home/runner/work/GoldenCheetah/GoldenCheetah/src/appdir/lib/libQt6Core.so.6"
Log: Changing rpath in "/home/runner/work/GoldenCheetah/GoldenCheetah/src/appdir/lib/libQt6Core.so.6" to "$ORIGIN"
Log: "libzstd.so.1" already at target location
Log: Checking rpath in "/home/runner/work/GoldenCheetah/GoldenCheetah/src/appdir/lib/libzstd.so.1"
Log: Changing rpath in "/home/runner/work/GoldenCheetah/GoldenCheetah/src/appdir/lib/libzstd.so.1" to "$ORIGIN"
Log: "libgssapi_krb5.so.2" already at target location
Log: Checking rpath in "/home/runner/work/GoldenCheetah/GoldenCheetah/src/appdir/lib/libgssapi_krb5.so.2"
Log: Changing rpath in "/home/runner/work/GoldenCheetah/GoldenCheetah/src/appdir/lib/libgssapi_krb5.so.2" to "$ORIGIN"
Log: "libicui18n.so.73" already at target location
Log: Checking rpath in "/home/runner/work/GoldenCheetah/GoldenCheetah/src/appdir/lib/libicui18n.so.73"
Log: Changing rpath in "/home/runner/work/GoldenCheetah/GoldenCheetah/src/appdir/lib/libicui18n.so.73" to "$ORIGIN"
Log: "libicuuc.so.73" already at target location
Log: Checking rpath in "/home/runner/work/GoldenCheetah/GoldenCheetah/src/appdir/lib/libicuuc.so.73"
Log: Changing rpath in "/home/runner/work/GoldenCheetah/GoldenCheetah/src/appdir/lib/libicuuc.so.73" to "$ORIGIN"
Log: "libicudata.so.73" already at target location
Log: Checking rpath in "/home/runner/work/GoldenCheetah/GoldenCheetah/src/appdir/lib/libicudata.so.73"
Log: Changing rpath in "/home/runner/work/GoldenCheetah/GoldenCheetah/src/appdir/lib/libicudata.so.73" to "$ORIGIN"
Log: "libglib-2.0.so.0" already at target location
Log: Checking rpath in "/home/runner/work/GoldenCheetah/GoldenCheetah/src/appdir/lib/libglib-2.0.so.0"
Log: Changing rpath in "/home/runner/work/GoldenCheetah/GoldenCheetah/src/appdir/lib/libglib-2.0.so.0" to "$ORIGIN"
Log: "libgthread-2.0.so.0" already at target location
Log: Checking rpath in "/home/runner/work/GoldenCheetah/GoldenCheetah/src/appdir/lib/libgthread-2.0.so.0"
Log: Changing rpath in "/home/runner/work/GoldenCheetah/GoldenCheetah/src/appdir/lib/libgthread-2.0.so.0" to "$ORIGIN"
Log: "libkrb5.so.3" already at target location
Log: Checking rpath in "/home/runner/work/GoldenCheetah/GoldenCheetah/src/appdir/lib/libkrb5.so.3"
Log: Changing rpath in "/home/runner/work/GoldenCheetah/GoldenCheetah/src/appdir/lib/libkrb5.so.3" to "$ORIGIN"
Log: "libk5crypto.so.3" already at target location
Log: Checking rpath in "/home/runner/work/GoldenCheetah/GoldenCheetah/src/appdir/lib/libk5crypto.so.3"
Log: Changing rpath in "/home/runner/work/GoldenCheetah/GoldenCheetah/src/appdir/lib/libk5crypto.so.3" to "$ORIGIN"
Log: "libkrb5support.so.0" already at target location
Log: Checking rpath in "/home/runner/work/GoldenCheetah/GoldenCheetah/src/appdir/lib/libkrb5support.so.0"
Log: Changing rpath in "/home/runner/work/GoldenCheetah/GoldenCheetah/src/appdir/lib/libkrb5support.so.0" to "$ORIGIN"
Log: "libpcre2-8.so.0" already at target location
Log: Checking rpath in "/home/runner/work/GoldenCheetah/GoldenCheetah/src/appdir/lib/libpcre2-8.so.0"
Log: Changing rpath in "/home/runner/work/GoldenCheetah/GoldenCheetah/src/appdir/lib/libpcre2-8.so.0" to "$ORIGIN"
Log: "libkeyutils.so.1" already at target location
Log: Checking rpath in "/home/runner/work/GoldenCheetah/GoldenCheetah/src/appdir/lib/libkeyutils.so.1"
Log: Changing rpath in "/home/runner/work/GoldenCheetah/GoldenCheetah/src/appdir/lib/libkeyutils.so.1" to "$ORIGIN"
Log: Checking rpath in "/home/runner/work/GoldenCheetah/GoldenCheetah/src/appdir/plugins/qmltooling/libqmldbg_local.so"
Log: Changing rpath in "/home/runner/work/GoldenCheetah/GoldenCheetah/src/appdir/plugins/qmltooling/libqmldbg_local.so" to "$ORIGIN/../../lib"
Log:  copied: "/home/runner/work/GoldenCheetah/GoldenCheetah/6.8.0/gcc_64/plugins/qmltooling/libqmldbg_messages.so"
Log:  to "/home/runner/work/GoldenCheetah/GoldenCheetah/src/appdir/plugins/qmltooling/libqmldbg_messages.so"
Log: Deploying the following libraries: QList("/home/runner/work/GoldenCheetah/GoldenCheetah/src/appdir/plugins/qmltooling/libqmldbg_messages.so")
Log: "libQt6Qml.so.6" already at target location
Log: Checking rpath in "/home/runner/work/GoldenCheetah/GoldenCheetah/src/appdir/lib/libQt6Qml.so.6"
Log: Changing rpath in "/home/runner/work/GoldenCheetah/GoldenCheetah/src/appdir/lib/libQt6Qml.so.6" to "$ORIGIN"
Log: "libQt6Network.so.6" already at target location
Log: Checking rpath in "/home/runner/work/GoldenCheetah/GoldenCheetah/src/appdir/lib/libQt6Network.so.6"
Log: Changing rpath in "/home/runner/work/GoldenCheetah/GoldenCheetah/src/appdir/lib/libQt6Network.so.6" to "$ORIGIN"
Log: Setting deploymentInfo.qtPath to: "/home/runner/work/GoldenCheetah/GoldenCheetah/src/appdir/lib/"
Log: "libQt6Core.so.6" already at target location
Log: Checking rpath in "/home/runner/work/GoldenCheetah/GoldenCheetah/src/appdir/lib/libQt6Core.so.6"
Log: Changing rpath in "/home/runner/work/GoldenCheetah/GoldenCheetah/src/appdir/lib/libQt6Core.so.6" to "$ORIGIN"
Log: "libzstd.so.1" already at target location
Log: Checking rpath in "/home/runner/work/GoldenCheetah/GoldenCheetah/src/appdir/lib/libzstd.so.1"
Log: Changing rpath in "/home/runner/work/GoldenCheetah/GoldenCheetah/src/appdir/lib/libzstd.so.1" to "$ORIGIN"
Log: "libgssapi_krb5.so.2" already at target location
Log: Checking rpath in "/home/runner/work/GoldenCheetah/GoldenCheetah/src/appdir/lib/libgssapi_krb5.so.2"
Log: Changing rpath in "/home/runner/work/GoldenCheetah/GoldenCheetah/src/appdir/lib/libgssapi_krb5.so.2" to "$ORIGIN"
Log: "libicui18n.so.73" already at target location
Log: Checking rpath in "/home/runner/work/GoldenCheetah/GoldenCheetah/src/appdir/lib/libicui18n.so.73"
Log: Changing rpath in "/home/runner/work/GoldenCheetah/GoldenCheetah/src/appdir/lib/libicui18n.so.73" to "$ORIGIN"
Log: "libicuuc.so.73" already at target location
Log: Checking rpath in "/home/runner/work/GoldenCheetah/GoldenCheetah/src/appdir/lib/libicuuc.so.73"
Log: Changing rpath in "/home/runner/work/GoldenCheetah/GoldenCheetah/src/appdir/lib/libicuuc.so.73" to "$ORIGIN"
Log: "libicudata.so.73" already at target location
Log: Checking rpath in "/home/runner/work/GoldenCheetah/GoldenCheetah/src/appdir/lib/libicudata.so.73"
Log: Changing rpath in "/home/runner/work/GoldenCheetah/GoldenCheetah/src/appdir/lib/libicudata.so.73" to "$ORIGIN"
Log: "libglib-2.0.so.0" already at target location
Log: Checking rpath in "/home/runner/work/GoldenCheetah/GoldenCheetah/src/appdir/lib/libglib-2.0.so.0"
Log: Changing rpath in "/home/runner/work/GoldenCheetah/GoldenCheetah/src/appdir/lib/libglib-2.0.so.0" to "$ORIGIN"
Log: "libgthread-2.0.so.0" already at target location
Log: Checking rpath in "/home/runner/work/GoldenCheetah/GoldenCheetah/src/appdir/lib/libgthread-2.0.so.0"
Log: Changing rpath in "/home/runner/work/GoldenCheetah/GoldenCheetah/src/appdir/lib/libgthread-2.0.so.0" to "$ORIGIN"
Log: "libkrb5.so.3" already at target location
Log: Checking rpath in "/home/runner/work/GoldenCheetah/GoldenCheetah/src/appdir/lib/libkrb5.so.3"
Log: Changing rpath in "/home/runner/work/GoldenCheetah/GoldenCheetah/src/appdir/lib/libkrb5.so.3" to "$ORIGIN"
Log: "libk5crypto.so.3" already at target location
Log: Checking rpath in "/home/runner/work/GoldenCheetah/GoldenCheetah/src/appdir/lib/libk5crypto.so.3"
Log: Changing rpath in "/home/runner/work/GoldenCheetah/GoldenCheetah/src/appdir/lib/libk5crypto.so.3" to "$ORIGIN"
Log: "libkrb5support.so.0" already at target location
Log: Checking rpath in "/home/runner/work/GoldenCheetah/GoldenCheetah/src/appdir/lib/libkrb5support.so.0"
Log: Changing rpath in "/home/runner/work/GoldenCheetah/GoldenCheetah/src/appdir/lib/libkrb5support.so.0" to "$ORIGIN"
Log: "libpcre2-8.so.0" already at target location
Log: Checking rpath in "/home/runner/work/GoldenCheetah/GoldenCheetah/src/appdir/lib/libpcre2-8.so.0"
Log: Changing rpath in "/home/runner/work/GoldenCheetah/GoldenCheetah/src/appdir/lib/libpcre2-8.so.0" to "$ORIGIN"
Log: "libkeyutils.so.1" already at target location
Log: Checking rpath in "/home/runner/work/GoldenCheetah/GoldenCheetah/src/appdir/lib/libkeyutils.so.1"
Log: Changing rpath in "/home/runner/work/GoldenCheetah/GoldenCheetah/src/appdir/lib/libkeyutils.so.1" to "$ORIGIN"
Log: Checking rpath in "/home/runner/work/GoldenCheetah/GoldenCheetah/src/appdir/plugins/qmltooling/libqmldbg_messages.so"
Log: Changing rpath in "/home/runner/work/GoldenCheetah/GoldenCheetah/src/appdir/plugins/qmltooling/libqmldbg_messages.so" to "$ORIGIN/../../lib"
Log:  copied: "/home/runner/work/GoldenCheetah/GoldenCheetah/6.8.0/gcc_64/plugins/qmltooling/libqmldbg_native.so"
Log:  to "/home/runner/work/GoldenCheetah/GoldenCheetah/src/appdir/plugins/qmltooling/libqmldbg_native.so"
Log: Deploying the following libraries: QList("/home/runner/work/GoldenCheetah/GoldenCheetah/src/appdir/plugins/qmltooling/libqmldbg_native.so")
Log: "libQt6Qml.so.6" already at target location
Log: Checking rpath in "/home/runner/work/GoldenCheetah/GoldenCheetah/src/appdir/lib/libQt6Qml.so.6"
Log: Changing rpath in "/home/runner/work/GoldenCheetah/GoldenCheetah/src/appdir/lib/libQt6Qml.so.6" to "$ORIGIN"
Log: "libQt6Network.so.6" already at target location
Log: Checking rpath in "/home/runner/work/GoldenCheetah/GoldenCheetah/src/appdir/lib/libQt6Network.so.6"
Log: Changing rpath in "/home/runner/work/GoldenCheetah/GoldenCheetah/src/appdir/lib/libQt6Network.so.6" to "$ORIGIN"
Log: Setting deploymentInfo.qtPath to: "/home/runner/work/GoldenCheetah/GoldenCheetah/src/appdir/lib/"
Log: "libQt6Core.so.6" already at target location
Log: Checking rpath in "/home/runner/work/GoldenCheetah/GoldenCheetah/src/appdir/lib/libQt6Core.so.6"
Log: Changing rpath in "/home/runner/work/GoldenCheetah/GoldenCheetah/src/appdir/lib/libQt6Core.so.6" to "$ORIGIN"
Log: "libzstd.so.1" already at target location
Log: Checking rpath in "/home/runner/work/GoldenCheetah/GoldenCheetah/src/appdir/lib/libzstd.so.1"
Log: Changing rpath in "/home/runner/work/GoldenCheetah/GoldenCheetah/src/appdir/lib/libzstd.so.1" to "$ORIGIN"
Log: "libgssapi_krb5.so.2" already at target location
Log: Checking rpath in "/home/runner/work/GoldenCheetah/GoldenCheetah/src/appdir/lib/libgssapi_krb5.so.2"
Log: Changing rpath in "/home/runner/work/GoldenCheetah/GoldenCheetah/src/appdir/lib/libgssapi_krb5.so.2" to "$ORIGIN"
Log: "libicui18n.so.73" already at target location
Log: Checking rpath in "/home/runner/work/GoldenCheetah/GoldenCheetah/src/appdir/lib/libicui18n.so.73"
Log: Changing rpath in "/home/runner/work/GoldenCheetah/GoldenCheetah/src/appdir/lib/libicui18n.so.73" to "$ORIGIN"
Log: "libicuuc.so.73" already at target location
Log: Checking rpath in "/home/runner/work/GoldenCheetah/GoldenCheetah/src/appdir/lib/libicuuc.so.73"
Log: Changing rpath in "/home/runner/work/GoldenCheetah/GoldenCheetah/src/appdir/lib/libicuuc.so.73" to "$ORIGIN"
Log: "libicudata.so.73" already at target location
Log: Checking rpath in "/home/runner/work/GoldenCheetah/GoldenCheetah/src/appdir/lib/libicudata.so.73"
Log: Changing rpath in "/home/runner/work/GoldenCheetah/GoldenCheetah/src/appdir/lib/libicudata.so.73" to "$ORIGIN"
Log: "libglib-2.0.so.0" already at target location
Log: Checking rpath in "/home/runner/work/GoldenCheetah/GoldenCheetah/src/appdir/lib/libglib-2.0.so.0"
Log: Changing rpath in "/home/runner/work/GoldenCheetah/GoldenCheetah/src/appdir/lib/libglib-2.0.so.0" to "$ORIGIN"
Log: "libgthread-2.0.so.0" already at target location
Log: Checking rpath in "/home/runner/work/GoldenCheetah/GoldenCheetah/src/appdir/lib/libgthread-2.0.so.0"
Log: Changing rpath in "/home/runner/work/GoldenCheetah/GoldenCheetah/src/appdir/lib/libgthread-2.0.so.0" to "$ORIGIN"
Log: "libkrb5.so.3" already at target location
Log: Checking rpath in "/home/runner/work/GoldenCheetah/GoldenCheetah/src/appdir/lib/libkrb5.so.3"
Log: Changing rpath in "/home/runner/work/GoldenCheetah/GoldenCheetah/src/appdir/lib/libkrb5.so.3" to "$ORIGIN"
Log: "libk5crypto.so.3" already at target location
Log: Checking rpath in "/home/runner/work/GoldenCheetah/GoldenCheetah/src/appdir/lib/libk5crypto.so.3"
Log: Changing rpath in "/home/runner/work/GoldenCheetah/GoldenCheetah/src/appdir/lib/libk5crypto.so.3" to "$ORIGIN"
Log: "libkrb5support.so.0" already at target location
Log: Checking rpath in "/home/runner/work/GoldenCheetah/GoldenCheetah/src/appdir/lib/libkrb5support.so.0"
Log: Changing rpath in "/home/runner/work/GoldenCheetah/GoldenCheetah/src/appdir/lib/libkrb5support.so.0" to "$ORIGIN"
Log: "libpcre2-8.so.0" already at target location
Log: Checking rpath in "/home/runner/work/GoldenCheetah/GoldenCheetah/src/appdir/lib/libpcre2-8.so.0"
Log: Changing rpath in "/home/runner/work/GoldenCheetah/GoldenCheetah/src/appdir/lib/libpcre2-8.so.0" to "$ORIGIN"
Log: "libkeyutils.so.1" already at target location
Log: Checking rpath in "/home/runner/work/GoldenCheetah/GoldenCheetah/src/appdir/lib/libkeyutils.so.1"
Log: Changing rpath in "/home/runner/work/GoldenCheetah/GoldenCheetah/src/appdir/lib/libkeyutils.so.1" to "$ORIGIN"
Log: Checking rpath in "/home/runner/work/GoldenCheetah/GoldenCheetah/src/appdir/plugins/qmltooling/libqmldbg_native.so"
Log: Changing rpath in "/home/runner/work/GoldenCheetah/GoldenCheetah/src/appdir/plugins/qmltooling/libqmldbg_native.so" to "$ORIGIN/../../lib"
Log:  copied: "/home/runner/work/GoldenCheetah/GoldenCheetah/6.8.0/gcc_64/plugins/qmltooling/libqmldbg_nativedebugger.so"
Log:  to "/home/runner/work/GoldenCheetah/GoldenCheetah/src/appdir/plugins/qmltooling/libqmldbg_nativedebugger.so"
Log: Deploying the following libraries: QList("/home/runner/work/GoldenCheetah/GoldenCheetah/src/appdir/plugins/qmltooling/libqmldbg_nativedebugger.so")
Log: "libQt6Qml.so.6" already at target location
Log: Checking rpath in "/home/runner/work/GoldenCheetah/GoldenCheetah/src/appdir/lib/libQt6Qml.so.6"
Log: Changing rpath in "/home/runner/work/GoldenCheetah/GoldenCheetah/src/appdir/lib/libQt6Qml.so.6" to "$ORIGIN"
Log: "libQt6Network.so.6" already at target location
Log: Checking rpath in "/home/runner/work/GoldenCheetah/GoldenCheetah/src/appdir/lib/libQt6Network.so.6"
Log: Changing rpath in "/home/runner/work/GoldenCheetah/GoldenCheetah/src/appdir/lib/libQt6Network.so.6" to "$ORIGIN"
Log: Setting deploymentInfo.qtPath to: "/home/runner/work/GoldenCheetah/GoldenCheetah/src/appdir/lib/"
Log: "libQt6Core.so.6" already at target location
Log: Checking rpath in "/home/runner/work/GoldenCheetah/GoldenCheetah/src/appdir/lib/libQt6Core.so.6"
Log: Changing rpath in "/home/runner/work/GoldenCheetah/GoldenCheetah/src/appdir/lib/libQt6Core.so.6" to "$ORIGIN"
Log: "libzstd.so.1" already at target location
Log: Checking rpath in "/home/runner/work/GoldenCheetah/GoldenCheetah/src/appdir/lib/libzstd.so.1"
Log: Changing rpath in "/home/runner/work/GoldenCheetah/GoldenCheetah/src/appdir/lib/libzstd.so.1" to "$ORIGIN"
Log: "libgssapi_krb5.so.2" already at target location
Log: Checking rpath in "/home/runner/work/GoldenCheetah/GoldenCheetah/src/appdir/lib/libgssapi_krb5.so.2"
Log: Changing rpath in "/home/runner/work/GoldenCheetah/GoldenCheetah/src/appdir/lib/libgssapi_krb5.so.2" to "$ORIGIN"
Log: "libicui18n.so.73" already at target location
Log: Checking rpath in "/home/runner/work/GoldenCheetah/GoldenCheetah/src/appdir/lib/libicui18n.so.73"
Log: Changing rpath in "/home/runner/work/GoldenCheetah/GoldenCheetah/src/appdir/lib/libicui18n.so.73" to "$ORIGIN"
Log: "libicuuc.so.73" already at target location
Log: Checking rpath in "/home/runner/work/GoldenCheetah/GoldenCheetah/src/appdir/lib/libicuuc.so.73"
Log: Changing rpath in "/home/runner/work/GoldenCheetah/GoldenCheetah/src/appdir/lib/libicuuc.so.73" to "$ORIGIN"
Log: "libicudata.so.73" already at target location
Log: Checking rpath in "/home/runner/work/GoldenCheetah/GoldenCheetah/src/appdir/lib/libicudata.so.73"
Log: Changing rpath in "/home/runner/work/GoldenCheetah/GoldenCheetah/src/appdir/lib/libicudata.so.73" to "$ORIGIN"
Log: "libglib-2.0.so.0" already at target location
Log: Checking rpath in "/home/runner/work/GoldenCheetah/GoldenCheetah/src/appdir/lib/libglib-2.0.so.0"
Log: Changing rpath in "/home/runner/work/GoldenCheetah/GoldenCheetah/src/appdir/lib/libglib-2.0.so.0" to "$ORIGIN"
Log: "libgthread-2.0.so.0" already at target location
Log: Checking rpath in "/home/runner/work/GoldenCheetah/GoldenCheetah/src/appdir/lib/libgthread-2.0.so.0"
Log: Changing rpath in "/home/runner/work/GoldenCheetah/GoldenCheetah/src/appdir/lib/libgthread-2.0.so.0" to "$ORIGIN"
Log: "libkrb5.so.3" already at target location
Log: Checking rpath in "/home/runner/work/GoldenCheetah/GoldenCheetah/src/appdir/lib/libkrb5.so.3"
Log: Changing rpath in "/home/runner/work/GoldenCheetah/GoldenCheetah/src/appdir/lib/libkrb5.so.3" to "$ORIGIN"
Log: "libk5crypto.so.3" already at target location
Log: Checking rpath in "/home/runner/work/GoldenCheetah/GoldenCheetah/src/appdir/lib/libk5crypto.so.3"
Log: Changing rpath in "/home/runner/work/GoldenCheetah/GoldenCheetah/src/appdir/lib/libk5crypto.so.3" to "$ORIGIN"
Log: "libkrb5support.so.0" already at target location
Log: Checking rpath in "/home/runner/work/GoldenCheetah/GoldenCheetah/src/appdir/lib/libkrb5support.so.0"
Log: Changing rpath in "/home/runner/work/GoldenCheetah/GoldenCheetah/src/appdir/lib/libkrb5support.so.0" to "$ORIGIN"
Log: "libpcre2-8.so.0" already at target location
Log: Checking rpath in "/home/runner/work/GoldenCheetah/GoldenCheetah/src/appdir/lib/libpcre2-8.so.0"
Log: Changing rpath in "/home/runner/work/GoldenCheetah/GoldenCheetah/src/appdir/lib/libpcre2-8.so.0" to "$ORIGIN"
Log: "libkeyutils.so.1" already at target location
Log: Checking rpath in "/home/runner/work/GoldenCheetah/GoldenCheetah/src/appdir/lib/libkeyutils.so.1"
Log: Changing rpath in "/home/runner/work/GoldenCheetah/GoldenCheetah/src/appdir/lib/libkeyutils.so.1" to "$ORIGIN"
Log: Checking rpath in "/home/runner/work/GoldenCheetah/GoldenCheetah/src/appdir/plugins/qmltooling/libqmldbg_nativedebugger.so"
Log: Changing rpath in "/home/runner/work/GoldenCheetah/GoldenCheetah/src/appdir/plugins/qmltooling/libqmldbg_nativedebugger.so" to "$ORIGIN/../../lib"
Log:  copied: "/home/runner/work/GoldenCheetah/GoldenCheetah/6.8.0/gcc_64/plugins/qmltooling/libqmldbg_preview.so"
Log:  to "/home/runner/work/GoldenCheetah/GoldenCheetah/src/appdir/plugins/qmltooling/libqmldbg_preview.so"
Log: Deploying the following libraries: QList("/home/runner/work/GoldenCheetah/GoldenCheetah/src/appdir/plugins/qmltooling/libqmldbg_preview.so")
Log: "libxkbcommon.so.0" already at target location
Log: Checking rpath in "/home/runner/work/GoldenCheetah/GoldenCheetah/src/appdir/lib/libxkbcommon.so.0"
Log: Changing rpath in "/home/runner/work/GoldenCheetah/GoldenCheetah/src/appdir/lib/libxkbcommon.so.0" to "$ORIGIN"
Log: "libQt6Quick.so.6" already at target location
Log: Checking rpath in "/home/runner/work/GoldenCheetah/GoldenCheetah/src/appdir/lib/libQt6Quick.so.6"
Log: Changing rpath in "/home/runner/work/GoldenCheetah/GoldenCheetah/src/appdir/lib/libQt6Quick.so.6" to "$ORIGIN"
Log: "libQt6QmlMeta.so.6" already at target location
Log: Checking rpath in "/home/runner/work/GoldenCheetah/GoldenCheetah/src/appdir/lib/libQt6QmlMeta.so.6"
Log: Changing rpath in "/home/runner/work/GoldenCheetah/GoldenCheetah/src/appdir/lib/libQt6QmlMeta.so.6" to "$ORIGIN"
Log: "libQt6QmlModels.so.6" already at target location
Log: Checking rpath in "/home/runner/work/GoldenCheetah/GoldenCheetah/src/appdir/lib/libQt6QmlModels.so.6"
Log: Changing rpath in "/home/runner/work/GoldenCheetah/GoldenCheetah/src/appdir/lib/libQt6QmlModels.so.6" to "$ORIGIN"
Log: "libQt6QmlWorkerScript.so.6" already at target location
Log: Checking rpath in "/home/runner/work/GoldenCheetah/GoldenCheetah/src/appdir/lib/libQt6QmlWorkerScript.so.6"
Log: Changing rpath in "/home/runner/work/GoldenCheetah/GoldenCheetah/src/appdir/lib/libQt6QmlWorkerScript.so.6" to "$ORIGIN"
Log: "libQt6Qml.so.6" already at target location
Log: Checking rpath in "/home/runner/work/GoldenCheetah/GoldenCheetah/src/appdir/lib/libQt6Qml.so.6"
Log: Changing rpath in "/home/runner/work/GoldenCheetah/GoldenCheetah/src/appdir/lib/libQt6Qml.so.6" to "$ORIGIN"
Log: "libQt6Network.so.6" already at target location
Log: Checking rpath in "/home/runner/work/GoldenCheetah/GoldenCheetah/src/appdir/lib/libQt6Network.so.6"
Log: Changing rpath in "/home/runner/work/GoldenCheetah/GoldenCheetah/src/appdir/lib/libQt6Network.so.6" to "$ORIGIN"
Log: "libQt6OpenGL.so.6" already at target location
Log: Checking rpath in "/home/runner/work/GoldenCheetah/GoldenCheetah/src/appdir/lib/libQt6OpenGL.so.6"
Log: Changing rpath in "/home/runner/work/GoldenCheetah/GoldenCheetah/src/appdir/lib/libQt6OpenGL.so.6" to "$ORIGIN"
Log: "libQt6Gui.so.6" already at target location
Log: Checking rpath in "/home/runner/work/GoldenCheetah/GoldenCheetah/src/appdir/lib/libQt6Gui.so.6"
Log: Changing rpath in "/home/runner/work/GoldenCheetah/GoldenCheetah/src/appdir/lib/libQt6Gui.so.6" to "$ORIGIN"
Log: Setting deploymentInfo.qtPath to: "/home/runner/work/GoldenCheetah/GoldenCheetah/src/appdir/lib/"
Log: "libQt6Core.so.6" already at target location
Log: Checking rpath in "/home/runner/work/GoldenCheetah/GoldenCheetah/src/appdir/lib/libQt6Core.so.6"
Log: Changing rpath in "/home/runner/work/GoldenCheetah/GoldenCheetah/src/appdir/lib/libQt6Core.so.6" to "$ORIGIN"
Log: "libzstd.so.1" already at target location
Log: Checking rpath in "/home/runner/work/GoldenCheetah/GoldenCheetah/src/appdir/lib/libzstd.so.1"
Log: Changing rpath in "/home/runner/work/GoldenCheetah/GoldenCheetah/src/appdir/lib/libzstd.so.1" to "$ORIGIN"
Log: "libgssapi_krb5.so.2" already at target location
Log: Checking rpath in "/home/runner/work/GoldenCheetah/GoldenCheetah/src/appdir/lib/libgssapi_krb5.so.2"
Log: Changing rpath in "/home/runner/work/GoldenCheetah/GoldenCheetah/src/appdir/lib/libgssapi_krb5.so.2" to "$ORIGIN"
Log: "libglib-2.0.so.0" already at target location
Log: Checking rpath in "/home/runner/work/GoldenCheetah/GoldenCheetah/src/appdir/lib/libglib-2.0.so.0"
Log: Changing rpath in "/home/runner/work/GoldenCheetah/GoldenCheetah/src/appdir/lib/libglib-2.0.so.0" to "$ORIGIN"
Log: "libQt6DBus.so.6" already at target location
Log: Checking rpath in "/home/runner/work/GoldenCheetah/GoldenCheetah/src/appdir/lib/libQt6DBus.so.6"
Log: Changing rpath in "/home/runner/work/GoldenCheetah/GoldenCheetah/src/appdir/lib/libQt6DBus.so.6" to "$ORIGIN"
Log: "libgthread-2.0.so.0" already at target location
Log: Checking rpath in "/home/runner/work/GoldenCheetah/GoldenCheetah/src/appdir/lib/libgthread-2.0.so.0"
Log: Changing rpath in "/home/runner/work/GoldenCheetah/GoldenCheetah/src/appdir/lib/libgthread-2.0.so.0" to "$ORIGIN"
Log: "libicui18n.so.73" already at target location
Log: Checking rpath in "/home/runner/work/GoldenCheetah/GoldenCheetah/src/appdir/lib/libicui18n.so.73"
Log: Changing rpath in "/home/runner/work/GoldenCheetah/GoldenCheetah/src/appdir/lib/libicui18n.so.73" to "$ORIGIN"
Log: "libicuuc.so.73" already at target location
Log: Checking rpath in "/home/runner/work/GoldenCheetah/GoldenCheetah/src/appdir/lib/libicuuc.so.73"
Log: Changing rpath in "/home/runner/work/GoldenCheetah/GoldenCheetah/src/appdir/lib/libicuuc.so.73" to "$ORIGIN"
Log: "libicudata.so.73" already at target location
Log: Checking rpath in "/home/runner/work/GoldenCheetah/GoldenCheetah/src/appdir/lib/libicudata.so.73"
Log: Changing rpath in "/home/runner/work/GoldenCheetah/GoldenCheetah/src/appdir/lib/libicudata.so.73" to "$ORIGIN"
Log: "libkrb5.so.3" already at target location
Log: Checking rpath in "/home/runner/work/GoldenCheetah/GoldenCheetah/src/appdir/lib/libkrb5.so.3"
Log: Changing rpath in "/home/runner/work/GoldenCheetah/GoldenCheetah/src/appdir/lib/libkrb5.so.3" to "$ORIGIN"
Log: "libk5crypto.so.3" already at target location
Log: Checking rpath in "/home/runner/work/GoldenCheetah/GoldenCheetah/src/appdir/lib/libk5crypto.so.3"
Log: Changing rpath in "/home/runner/work/GoldenCheetah/GoldenCheetah/src/appdir/lib/libk5crypto.so.3" to "$ORIGIN"
Log: "libkrb5support.so.0" already at target location
Log: Checking rpath in "/home/runner/work/GoldenCheetah/GoldenCheetah/src/appdir/lib/libkrb5support.so.0"
Log: Changing rpath in "/home/runner/work/GoldenCheetah/GoldenCheetah/src/appdir/lib/libkrb5support.so.0" to "$ORIGIN"
Log: "libpcre2-8.so.0" already at target location
Log: Checking rpath in "/home/runner/work/GoldenCheetah/GoldenCheetah/src/appdir/lib/libpcre2-8.so.0"
Log: Changing rpath in "/home/runner/work/GoldenCheetah/GoldenCheetah/src/appdir/lib/libpcre2-8.so.0" to "$ORIGIN"
Log: "libdbus-1.so.3" already at target location
Log: Checking rpath in "/home/runner/work/GoldenCheetah/GoldenCheetah/src/appdir/lib/libdbus-1.so.3"
Log: Changing rpath in "/home/runner/work/GoldenCheetah/GoldenCheetah/src/appdir/lib/libdbus-1.so.3" to "$ORIGIN"
Log: "libbz2.so.1.0" already at target location
Log: Checking rpath in "/home/runner/work/GoldenCheetah/GoldenCheetah/src/appdir/lib/libbz2.so.1.0"
Log: Changing rpath in "/home/runner/work/GoldenCheetah/GoldenCheetah/src/appdir/lib/libbz2.so.1.0" to "$ORIGIN"
Log: "libpng16.so.16" already at target location
Log: Checking rpath in "/home/runner/work/GoldenCheetah/GoldenCheetah/src/appdir/lib/libpng16.so.16"
Log: Changing rpath in "/home/runner/work/GoldenCheetah/GoldenCheetah/src/appdir/lib/libpng16.so.16" to "$ORIGIN"
Log: "libbrotlidec.so.1" already at target location
Log: Checking rpath in "/home/runner/work/GoldenCheetah/GoldenCheetah/src/appdir/lib/libbrotlidec.so.1"
Log: Changing rpath in "/home/runner/work/GoldenCheetah/GoldenCheetah/src/appdir/lib/libbrotlidec.so.1" to "$ORIGIN"
Log: "libkeyutils.so.1" already at target location
Log: Checking rpath in "/home/runner/work/GoldenCheetah/GoldenCheetah/src/appdir/lib/libkeyutils.so.1"
Log: Changing rpath in "/home/runner/work/GoldenCheetah/GoldenCheetah/src/appdir/lib/libkeyutils.so.1" to "$ORIGIN"
Log: "libXau.so.6" already at target location
Log: Checking rpath in "/home/runner/work/GoldenCheetah/GoldenCheetah/src/appdir/lib/libXau.so.6"
Log: Changing rpath in "/home/runner/work/GoldenCheetah/GoldenCheetah/src/appdir/lib/libXau.so.6" to "$ORIGIN"
Log: "libXdmcp.so.6" already at target location
Log: Checking rpath in "/home/runner/work/GoldenCheetah/GoldenCheetah/src/appdir/lib/libXdmcp.so.6"
Log: Changing rpath in "/home/runner/work/GoldenCheetah/GoldenCheetah/src/appdir/lib/libXdmcp.so.6" to "$ORIGIN"
Log: "libsystemd.so.0" already at target location
Log: Checking rpath in "/home/runner/work/GoldenCheetah/GoldenCheetah/src/appdir/lib/libsystemd.so.0"
Log: Changing rpath in "/home/runner/work/GoldenCheetah/GoldenCheetah/src/appdir/lib/libsystemd.so.0" to "$ORIGIN"
Log: "libbrotlicommon.so.1" already at target location
Log: Checking rpath in "/home/runner/work/GoldenCheetah/GoldenCheetah/src/appdir/lib/libbrotlicommon.so.1"
Log: Changing rpath in "/home/runner/work/GoldenCheetah/GoldenCheetah/src/appdir/lib/libbrotlicommon.so.1" to "$ORIGIN"
Log: "libbsd.so.0" already at target location
Log: Checking rpath in "/home/runner/work/GoldenCheetah/GoldenCheetah/src/appdir/lib/libbsd.so.0"
Log: Changing rpath in "/home/runner/work/GoldenCheetah/GoldenCheetah/src/appdir/lib/libbsd.so.0" to "$ORIGIN"
Log: "libcap.so.2" already at target location
Log: Checking rpath in "/home/runner/work/GoldenCheetah/GoldenCheetah/src/appdir/lib/libcap.so.2"
Log: Changing rpath in "/home/runner/work/GoldenCheetah/GoldenCheetah/src/appdir/lib/libcap.so.2" to "$ORIGIN"
Log: "libgcrypt.so.20" already at target location
Log: Checking rpath in "/home/runner/work/GoldenCheetah/GoldenCheetah/src/appdir/lib/libgcrypt.so.20"
Log: Changing rpath in "/home/runner/work/GoldenCheetah/GoldenCheetah/src/appdir/lib/libgcrypt.so.20" to "$ORIGIN"
Log: "liblz4.so.1" already at target location
Log: Checking rpath in "/home/runner/work/GoldenCheetah/GoldenCheetah/src/appdir/lib/liblz4.so.1"
Log: Changing rpath in "/home/runner/work/GoldenCheetah/GoldenCheetah/src/appdir/lib/liblz4.so.1" to "$ORIGIN"
Log: "liblzma.so.5" already at target location
Log: Checking rpath in "/home/runner/work/GoldenCheetah/GoldenCheetah/src/appdir/lib/liblzma.so.5"
Log: Changing rpath in "/home/runner/work/GoldenCheetah/GoldenCheetah/src/appdir/lib/liblzma.so.5" to "$ORIGIN"
Log: "libmd.so.0" already at target location
Log: Checking rpath in "/home/runner/work/GoldenCheetah/GoldenCheetah/src/appdir/lib/libmd.so.0"
Log: Changing rpath in "/home/runner/work/GoldenCheetah/GoldenCheetah/src/appdir/lib/libmd.so.0" to "$ORIGIN"
Log: Checking rpath in "/home/runner/work/GoldenCheetah/GoldenCheetah/src/appdir/plugins/qmltooling/libqmldbg_preview.so"
Log: Changing rpath in "/home/runner/work/GoldenCheetah/GoldenCheetah/src/appdir/plugins/qmltooling/libqmldbg_preview.so" to "$ORIGIN/../../lib"
Log:  copied: "/home/runner/work/GoldenCheetah/GoldenCheetah/6.8.0/gcc_64/plugins/qmltooling/libqmldbg_profiler.so"
Log:  to "/home/runner/work/GoldenCheetah/GoldenCheetah/src/appdir/plugins/qmltooling/libqmldbg_profiler.so"
Log: Deploying the following libraries: QList("/home/runner/work/GoldenCheetah/GoldenCheetah/src/appdir/plugins/qmltooling/libqmldbg_profiler.so")
Log: "libQt6Qml.so.6" already at target location
Log: Checking rpath in "/home/runner/work/GoldenCheetah/GoldenCheetah/src/appdir/lib/libQt6Qml.so.6"
Log: Changing rpath in "/home/runner/work/GoldenCheetah/GoldenCheetah/src/appdir/lib/libQt6Qml.so.6" to "$ORIGIN"
Log: "libQt6Network.so.6" already at target location
Log: Checking rpath in "/home/runner/work/GoldenCheetah/GoldenCheetah/src/appdir/lib/libQt6Network.so.6"
Log: Changing rpath in "/home/runner/work/GoldenCheetah/GoldenCheetah/src/appdir/lib/libQt6Network.so.6" to "$ORIGIN"
Log: Setting deploymentInfo.qtPath to: "/home/runner/work/GoldenCheetah/GoldenCheetah/src/appdir/lib/"
Log: "libQt6Core.so.6" already at target location
Log: Checking rpath in "/home/runner/work/GoldenCheetah/GoldenCheetah/src/appdir/lib/libQt6Core.so.6"
Log: Changing rpath in "/home/runner/work/GoldenCheetah/GoldenCheetah/src/appdir/lib/libQt6Core.so.6" to "$ORIGIN"
Log: "libzstd.so.1" already at target location
Log: Checking rpath in "/home/runner/work/GoldenCheetah/GoldenCheetah/src/appdir/lib/libzstd.so.1"
Log: Changing rpath in "/home/runner/work/GoldenCheetah/GoldenCheetah/src/appdir/lib/libzstd.so.1" to "$ORIGIN"
Log: "libgssapi_krb5.so.2" already at target location
Log: Checking rpath in "/home/runner/work/GoldenCheetah/GoldenCheetah/src/appdir/lib/libgssapi_krb5.so.2"
Log: Changing rpath in "/home/runner/work/GoldenCheetah/GoldenCheetah/src/appdir/lib/libgssapi_krb5.so.2" to "$ORIGIN"
Log: "libicui18n.so.73" already at target location
Log: Checking rpath in "/home/runner/work/GoldenCheetah/GoldenCheetah/src/appdir/lib/libicui18n.so.73"
Log: Changing rpath in "/home/runner/work/GoldenCheetah/GoldenCheetah/src/appdir/lib/libicui18n.so.73" to "$ORIGIN"
Log: "libicuuc.so.73" already at target location
Log: Checking rpath in "/home/runner/work/GoldenCheetah/GoldenCheetah/src/appdir/lib/libicuuc.so.73"
Log: Changing rpath in "/home/runner/work/GoldenCheetah/GoldenCheetah/src/appdir/lib/libicuuc.so.73" to "$ORIGIN"
Log: "libicudata.so.73" already at target location
Log: Checking rpath in "/home/runner/work/GoldenCheetah/GoldenCheetah/src/appdir/lib/libicudata.so.73"
Log: Changing rpath in "/home/runner/work/GoldenCheetah/GoldenCheetah/src/appdir/lib/libicudata.so.73" to "$ORIGIN"
Log: "libglib-2.0.so.0" already at target location
Log: Checking rpath in "/home/runner/work/GoldenCheetah/GoldenCheetah/src/appdir/lib/libglib-2.0.so.0"
Log: Changing rpath in "/home/runner/work/GoldenCheetah/GoldenCheetah/src/appdir/lib/libglib-2.0.so.0" to "$ORIGIN"
Log: "libgthread-2.0.so.0" already at target location
Log: Checking rpath in "/home/runner/work/GoldenCheetah/GoldenCheetah/src/appdir/lib/libgthread-2.0.so.0"
Log: Changing rpath in "/home/runner/work/GoldenCheetah/GoldenCheetah/src/appdir/lib/libgthread-2.0.so.0" to "$ORIGIN"
Log: "libkrb5.so.3" already at target location
Log: Checking rpath in "/home/runner/work/GoldenCheetah/GoldenCheetah/src/appdir/lib/libkrb5.so.3"
Log: Changing rpath in "/home/runner/work/GoldenCheetah/GoldenCheetah/src/appdir/lib/libkrb5.so.3" to "$ORIGIN"
Log: "libk5crypto.so.3" already at target location
Log: Checking rpath in "/home/runner/work/GoldenCheetah/GoldenCheetah/src/appdir/lib/libk5crypto.so.3"
Log: Changing rpath in "/home/runner/work/GoldenCheetah/GoldenCheetah/src/appdir/lib/libk5crypto.so.3" to "$ORIGIN"
Log: "libkrb5support.so.0" already at target location
Log: Checking rpath in "/home/runner/work/GoldenCheetah/GoldenCheetah/src/appdir/lib/libkrb5support.so.0"
Log: Changing rpath in "/home/runner/work/GoldenCheetah/GoldenCheetah/src/appdir/lib/libkrb5support.so.0" to "$ORIGIN"
Log: "libpcre2-8.so.0" already at target location
Log: Checking rpath in "/home/runner/work/GoldenCheetah/GoldenCheetah/src/appdir/lib/libpcre2-8.so.0"
Log: Changing rpath in "/home/runner/work/GoldenCheetah/GoldenCheetah/src/appdir/lib/libpcre2-8.so.0" to "$ORIGIN"
Log: "libkeyutils.so.1" already at target location
Log: Checking rpath in "/home/runner/work/GoldenCheetah/GoldenCheetah/src/appdir/lib/libkeyutils.so.1"
Log: Changing rpath in "/home/runner/work/GoldenCheetah/GoldenCheetah/src/appdir/lib/libkeyutils.so.1" to "$ORIGIN"
Log: Checking rpath in "/home/runner/work/GoldenCheetah/GoldenCheetah/src/appdir/plugins/qmltooling/libqmldbg_profiler.so"
Log: Changing rpath in "/home/runner/work/GoldenCheetah/GoldenCheetah/src/appdir/plugins/qmltooling/libqmldbg_profiler.so" to "$ORIGIN/../../lib"
Log:  copied: "/home/runner/work/GoldenCheetah/GoldenCheetah/6.8.0/gcc_64/plugins/qmltooling/libqmldbg_quickprofiler.so"
Log:  to "/home/runner/work/GoldenCheetah/GoldenCheetah/src/appdir/plugins/qmltooling/libqmldbg_quickprofiler.so"
Log: Deploying the following libraries: QList("/home/runner/work/GoldenCheetah/GoldenCheetah/src/appdir/plugins/qmltooling/libqmldbg_quickprofiler.so")
Log: "libxkbcommon.so.0" already at target location
Log: Checking rpath in "/home/runner/work/GoldenCheetah/GoldenCheetah/src/appdir/lib/libxkbcommon.so.0"
Log: Changing rpath in "/home/runner/work/GoldenCheetah/GoldenCheetah/src/appdir/lib/libxkbcommon.so.0" to "$ORIGIN"
Log: "libQt6Quick.so.6" already at target location
Log: Checking rpath in "/home/runner/work/GoldenCheetah/GoldenCheetah/src/appdir/lib/libQt6Quick.so.6"
Log: Changing rpath in "/home/runner/work/GoldenCheetah/GoldenCheetah/src/appdir/lib/libQt6Quick.so.6" to "$ORIGIN"
Log: "libQt6QmlMeta.so.6" already at target location
Log: Checking rpath in "/home/runner/work/GoldenCheetah/GoldenCheetah/src/appdir/lib/libQt6QmlMeta.so.6"
Log: Changing rpath in "/home/runner/work/GoldenCheetah/GoldenCheetah/src/appdir/lib/libQt6QmlMeta.so.6" to "$ORIGIN"
Log: "libQt6QmlModels.so.6" already at target location
Log: Checking rpath in "/home/runner/work/GoldenCheetah/GoldenCheetah/src/appdir/lib/libQt6QmlModels.so.6"
Log: Changing rpath in "/home/runner/work/GoldenCheetah/GoldenCheetah/src/appdir/lib/libQt6QmlModels.so.6" to "$ORIGIN"
Log: "libQt6QmlWorkerScript.so.6" already at target location
Log: Checking rpath in "/home/runner/work/GoldenCheetah/GoldenCheetah/src/appdir/lib/libQt6QmlWorkerScript.so.6"
Log: Changing rpath in "/home/runner/work/GoldenCheetah/GoldenCheetah/src/appdir/lib/libQt6QmlWorkerScript.so.6" to "$ORIGIN"
Log: "libQt6Qml.so.6" already at target location
Log: Checking rpath in "/home/runner/work/GoldenCheetah/GoldenCheetah/src/appdir/lib/libQt6Qml.so.6"
Log: Changing rpath in "/home/runner/work/GoldenCheetah/GoldenCheetah/src/appdir/lib/libQt6Qml.so.6" to "$ORIGIN"
Log: "libQt6Network.so.6" already at target location
Log: Checking rpath in "/home/runner/work/GoldenCheetah/GoldenCheetah/src/appdir/lib/libQt6Network.so.6"
Log: Changing rpath in "/home/runner/work/GoldenCheetah/GoldenCheetah/src/appdir/lib/libQt6Network.so.6" to "$ORIGIN"
Log: "libQt6OpenGL.so.6" already at target location
Log: Checking rpath in "/home/runner/work/GoldenCheetah/GoldenCheetah/src/appdir/lib/libQt6OpenGL.so.6"
Log: Changing rpath in "/home/runner/work/GoldenCheetah/GoldenCheetah/src/appdir/lib/libQt6OpenGL.so.6" to "$ORIGIN"
Log: "libQt6Gui.so.6" already at target location
Log: Checking rpath in "/home/runner/work/GoldenCheetah/GoldenCheetah/src/appdir/lib/libQt6Gui.so.6"
Log: Changing rpath in "/home/runner/work/GoldenCheetah/GoldenCheetah/src/appdir/lib/libQt6Gui.so.6" to "$ORIGIN"
Log: Setting deploymentInfo.qtPath to: "/home/runner/work/GoldenCheetah/GoldenCheetah/src/appdir/lib/"
Log: "libQt6Core.so.6" already at target location
Log: Checking rpath in "/home/runner/work/GoldenCheetah/GoldenCheetah/src/appdir/lib/libQt6Core.so.6"
Log: Changing rpath in "/home/runner/work/GoldenCheetah/GoldenCheetah/src/appdir/lib/libQt6Core.so.6" to "$ORIGIN"
Log: "libzstd.so.1" already at target location
Log: Checking rpath in "/home/runner/work/GoldenCheetah/GoldenCheetah/src/appdir/lib/libzstd.so.1"
Log: Changing rpath in "/home/runner/work/GoldenCheetah/GoldenCheetah/src/appdir/lib/libzstd.so.1" to "$ORIGIN"
Log: "libgssapi_krb5.so.2" already at target location
Log: Checking rpath in "/home/runner/work/GoldenCheetah/GoldenCheetah/src/appdir/lib/libgssapi_krb5.so.2"
Log: Changing rpath in "/home/runner/work/GoldenCheetah/GoldenCheetah/src/appdir/lib/libgssapi_krb5.so.2" to "$ORIGIN"
Log: "libglib-2.0.so.0" already at target location
Log: Checking rpath in "/home/runner/work/GoldenCheetah/GoldenCheetah/src/appdir/lib/libglib-2.0.so.0"
Log: Changing rpath in "/home/runner/work/GoldenCheetah/GoldenCheetah/src/appdir/lib/libglib-2.0.so.0" to "$ORIGIN"
Log: "libQt6DBus.so.6" already at target location
Log: Checking rpath in "/home/runner/work/GoldenCheetah/GoldenCheetah/src/appdir/lib/libQt6DBus.so.6"
Log: Changing rpath in "/home/runner/work/GoldenCheetah/GoldenCheetah/src/appdir/lib/libQt6DBus.so.6" to "$ORIGIN"
Log: "libgthread-2.0.so.0" already at target location
Log: Checking rpath in "/home/runner/work/GoldenCheetah/GoldenCheetah/src/appdir/lib/libgthread-2.0.so.0"
Log: Changing rpath in "/home/runner/work/GoldenCheetah/GoldenCheetah/src/appdir/lib/libgthread-2.0.so.0" to "$ORIGIN"
Log: "libicui18n.so.73" already at target location
Log: Checking rpath in "/home/runner/work/GoldenCheetah/GoldenCheetah/src/appdir/lib/libicui18n.so.73"
Log: Changing rpath in "/home/runner/work/GoldenCheetah/GoldenCheetah/src/appdir/lib/libicui18n.so.73" to "$ORIGIN"
Log: "libicuuc.so.73" already at target location
Log: Checking rpath in "/home/runner/work/GoldenCheetah/GoldenCheetah/src/appdir/lib/libicuuc.so.73"
Log: Changing rpath in "/home/runner/work/GoldenCheetah/GoldenCheetah/src/appdir/lib/libicuuc.so.73" to "$ORIGIN"
Log: "libicudata.so.73" already at target location
Log: Checking rpath in "/home/runner/work/GoldenCheetah/GoldenCheetah/src/appdir/lib/libicudata.so.73"
Log: Changing rpath in "/home/runner/work/GoldenCheetah/GoldenCheetah/src/appdir/lib/libicudata.so.73" to "$ORIGIN"
Log: "libkrb5.so.3" already at target location
Log: Checking rpath in "/home/runner/work/GoldenCheetah/GoldenCheetah/src/appdir/lib/libkrb5.so.3"
Log: Changing rpath in "/home/runner/work/GoldenCheetah/GoldenCheetah/src/appdir/lib/libkrb5.so.3" to "$ORIGIN"
Log: "libk5crypto.so.3" already at target location
Log: Checking rpath in "/home/runner/work/GoldenCheetah/GoldenCheetah/src/appdir/lib/libk5crypto.so.3"
Log: Changing rpath in "/home/runner/work/GoldenCheetah/GoldenCheetah/src/appdir/lib/libk5crypto.so.3" to "$ORIGIN"
Log: "libkrb5support.so.0" already at target location
Log: Checking rpath in "/home/runner/work/GoldenCheetah/GoldenCheetah/src/appdir/lib/libkrb5support.so.0"
Log: Changing rpath in "/home/runner/work/GoldenCheetah/GoldenCheetah/src/appdir/lib/libkrb5support.so.0" to "$ORIGIN"
Log: "libpcre2-8.so.0" already at target location
Log: Checking rpath in "/home/runner/work/GoldenCheetah/GoldenCheetah/src/appdir/lib/libpcre2-8.so.0"
Log: Changing rpath in "/home/runner/work/GoldenCheetah/GoldenCheetah/src/appdir/lib/libpcre2-8.so.0" to "$ORIGIN"
Log: "libdbus-1.so.3" already at target location
Log: Checking rpath in "/home/runner/work/GoldenCheetah/GoldenCheetah/src/appdir/lib/libdbus-1.so.3"
Log: Changing rpath in "/home/runner/work/GoldenCheetah/GoldenCheetah/src/appdir/lib/libdbus-1.so.3" to "$ORIGIN"
Log: "libbz2.so.1.0" already at target location
Log: Checking rpath in "/home/runner/work/GoldenCheetah/GoldenCheetah/src/appdir/lib/libbz2.so.1.0"
Log: Changing rpath in "/home/runner/work/GoldenCheetah/GoldenCheetah/src/appdir/lib/libbz2.so.1.0" to "$ORIGIN"
Log: "libpng16.so.16" already at target location
Log: Checking rpath in "/home/runner/work/GoldenCheetah/GoldenCheetah/src/appdir/lib/libpng16.so.16"
Log: Changing rpath in "/home/runner/work/GoldenCheetah/GoldenCheetah/src/appdir/lib/libpng16.so.16" to "$ORIGIN"
Log: "libbrotlidec.so.1" already at target location
Log: Checking rpath in "/home/runner/work/GoldenCheetah/GoldenCheetah/src/appdir/lib/libbrotlidec.so.1"
Log: Changing rpath in "/home/runner/work/GoldenCheetah/GoldenCheetah/src/appdir/lib/libbrotlidec.so.1" to "$ORIGIN"
Log: "libkeyutils.so.1" already at target location
Log: Checking rpath in "/home/runner/work/GoldenCheetah/GoldenCheetah/src/appdir/lib/libkeyutils.so.1"
Log: Changing rpath in "/home/runner/work/GoldenCheetah/GoldenCheetah/src/appdir/lib/libkeyutils.so.1" to "$ORIGIN"
Log: "libXau.so.6" already at target location
Log: Checking rpath in "/home/runner/work/GoldenCheetah/GoldenCheetah/src/appdir/lib/libXau.so.6"
Log: Changing rpath in "/home/runner/work/GoldenCheetah/GoldenCheetah/src/appdir/lib/libXau.so.6" to "$ORIGIN"
Log: "libXdmcp.so.6" already at target location
Log: Checking rpath in "/home/runner/work/GoldenCheetah/GoldenCheetah/src/appdir/lib/libXdmcp.so.6"
Log: Changing rpath in "/home/runner/work/GoldenCheetah/GoldenCheetah/src/appdir/lib/libXdmcp.so.6" to "$ORIGIN"
Log: "libsystemd.so.0" already at target location
Log: Checking rpath in "/home/runner/work/GoldenCheetah/GoldenCheetah/src/appdir/lib/libsystemd.so.0"
Log: Changing rpath in "/home/runner/work/GoldenCheetah/GoldenCheetah/src/appdir/lib/libsystemd.so.0" to "$ORIGIN"
Log: "libbrotlicommon.so.1" already at target location
Log: Checking rpath in "/home/runner/work/GoldenCheetah/GoldenCheetah/src/appdir/lib/libbrotlicommon.so.1"
Log: Changing rpath in "/home/runner/work/GoldenCheetah/GoldenCheetah/src/appdir/lib/libbrotlicommon.so.1" to "$ORIGIN"
Log: "libbsd.so.0" already at target location
Log: Checking rpath in "/home/runner/work/GoldenCheetah/GoldenCheetah/src/appdir/lib/libbsd.so.0"
Log: Changing rpath in "/home/runner/work/GoldenCheetah/GoldenCheetah/src/appdir/lib/libbsd.so.0" to "$ORIGIN"
Log: "libcap.so.2" already at target location
Log: Checking rpath in "/home/runner/work/GoldenCheetah/GoldenCheetah/src/appdir/lib/libcap.so.2"
Log: Changing rpath in "/home/runner/work/GoldenCheetah/GoldenCheetah/src/appdir/lib/libcap.so.2" to "$ORIGIN"
Log: "libgcrypt.so.20" already at target location
Log: Checking rpath in "/home/runner/work/GoldenCheetah/GoldenCheetah/src/appdir/lib/libgcrypt.so.20"
Log: Changing rpath in "/home/runner/work/GoldenCheetah/GoldenCheetah/src/appdir/lib/libgcrypt.so.20" to "$ORIGIN"
Log: "liblz4.so.1" already at target location
Log: Checking rpath in "/home/runner/work/GoldenCheetah/GoldenCheetah/src/appdir/lib/liblz4.so.1"
Log: Changing rpath in "/home/runner/work/GoldenCheetah/GoldenCheetah/src/appdir/lib/liblz4.so.1" to "$ORIGIN"
Log: "liblzma.so.5" already at target location
Log: Checking rpath in "/home/runner/work/GoldenCheetah/GoldenCheetah/src/appdir/lib/liblzma.so.5"
Log: Changing rpath in "/home/runner/work/GoldenCheetah/GoldenCheetah/src/appdir/lib/liblzma.so.5" to "$ORIGIN"
Log: "libmd.so.0" already at target location
Log: Checking rpath in "/home/runner/work/GoldenCheetah/GoldenCheetah/src/appdir/lib/libmd.so.0"
Log: Changing rpath in "/home/runner/work/GoldenCheetah/GoldenCheetah/src/appdir/lib/libmd.so.0" to "$ORIGIN"
Log: Checking rpath in "/home/runner/work/GoldenCheetah/GoldenCheetah/src/appdir/plugins/qmltooling/libqmldbg_quickprofiler.so"
Log: Changing rpath in "/home/runner/work/GoldenCheetah/GoldenCheetah/src/appdir/plugins/qmltooling/libqmldbg_quickprofiler.so" to "$ORIGIN/../../lib"
Log:  copied: "/home/runner/work/GoldenCheetah/GoldenCheetah/6.8.0/gcc_64/plugins/qmltooling/libqmldbg_server.so"
Log:  to "/home/runner/work/GoldenCheetah/GoldenCheetah/src/appdir/plugins/qmltooling/libqmldbg_server.so"
Log: Deploying the following libraries: QList("/home/runner/work/GoldenCheetah/GoldenCheetah/src/appdir/plugins/qmltooling/libqmldbg_server.so")
Log: "libQt6Qml.so.6" already at target location
Log: Checking rpath in "/home/runner/work/GoldenCheetah/GoldenCheetah/src/appdir/lib/libQt6Qml.so.6"
Log: Changing rpath in "/home/runner/work/GoldenCheetah/GoldenCheetah/src/appdir/lib/libQt6Qml.so.6" to "$ORIGIN"
Log: "libQt6Network.so.6" already at target location
Log: Checking rpath in "/home/runner/work/GoldenCheetah/GoldenCheetah/src/appdir/lib/libQt6Network.so.6"
Log: Changing rpath in "/home/runner/work/GoldenCheetah/GoldenCheetah/src/appdir/lib/libQt6Network.so.6" to "$ORIGIN"
Log: Setting deploymentInfo.qtPath to: "/home/runner/work/GoldenCheetah/GoldenCheetah/src/appdir/lib/"
Log: "libQt6Core.so.6" already at target location
Log: Checking rpath in "/home/runner/work/GoldenCheetah/GoldenCheetah/src/appdir/lib/libQt6Core.so.6"
Log: Changing rpath in "/home/runner/work/GoldenCheetah/GoldenCheetah/src/appdir/lib/libQt6Core.so.6" to "$ORIGIN"
Log: "libzstd.so.1" already at target location
Log: Checking rpath in "/home/runner/work/GoldenCheetah/GoldenCheetah/src/appdir/lib/libzstd.so.1"
Log: Changing rpath in "/home/runner/work/GoldenCheetah/GoldenCheetah/src/appdir/lib/libzstd.so.1" to "$ORIGIN"
Log: "libgssapi_krb5.so.2" already at target location
Log: Checking rpath in "/home/runner/work/GoldenCheetah/GoldenCheetah/src/appdir/lib/libgssapi_krb5.so.2"
Log: Changing rpath in "/home/runner/work/GoldenCheetah/GoldenCheetah/src/appdir/lib/libgssapi_krb5.so.2" to "$ORIGIN"
Log: "libicui18n.so.73" already at target location
Log: Checking rpath in "/home/runner/work/GoldenCheetah/GoldenCheetah/src/appdir/lib/libicui18n.so.73"
Log: Changing rpath in "/home/runner/work/GoldenCheetah/GoldenCheetah/src/appdir/lib/libicui18n.so.73" to "$ORIGIN"
Log: "libicuuc.so.73" already at target location
Log: Checking rpath in "/home/runner/work/GoldenCheetah/GoldenCheetah/src/appdir/lib/libicuuc.so.73"
Log: Changing rpath in "/home/runner/work/GoldenCheetah/GoldenCheetah/src/appdir/lib/libicuuc.so.73" to "$ORIGIN"
Log: "libicudata.so.73" already at target location
Log: Checking rpath in "/home/runner/work/GoldenCheetah/GoldenCheetah/src/appdir/lib/libicudata.so.73"
Log: Changing rpath in "/home/runner/work/GoldenCheetah/GoldenCheetah/src/appdir/lib/libicudata.so.73" to "$ORIGIN"
Log: "libglib-2.0.so.0" already at target location
Log: Checking rpath in "/home/runner/work/GoldenCheetah/GoldenCheetah/src/appdir/lib/libglib-2.0.so.0"
Log: Changing rpath in "/home/runner/work/GoldenCheetah/GoldenCheetah/src/appdir/lib/libglib-2.0.so.0" to "$ORIGIN"
Log: "libgthread-2.0.so.0" already at target location
Log: Checking rpath in "/home/runner/work/GoldenCheetah/GoldenCheetah/src/appdir/lib/libgthread-2.0.so.0"
Log: Changing rpath in "/home/runner/work/GoldenCheetah/GoldenCheetah/src/appdir/lib/libgthread-2.0.so.0" to "$ORIGIN"
Log: "libkrb5.so.3" already at target location
Log: Checking rpath in "/home/runner/work/GoldenCheetah/GoldenCheetah/src/appdir/lib/libkrb5.so.3"
Log: Changing rpath in "/home/runner/work/GoldenCheetah/GoldenCheetah/src/appdir/lib/libkrb5.so.3" to "$ORIGIN"
Log: "libk5crypto.so.3" already at target location
Log: Checking rpath in "/home/runner/work/GoldenCheetah/GoldenCheetah/src/appdir/lib/libk5crypto.so.3"
Log: Changing rpath in "/home/runner/work/GoldenCheetah/GoldenCheetah/src/appdir/lib/libk5crypto.so.3" to "$ORIGIN"
Log: "libkrb5support.so.0" already at target location
Log: Checking rpath in "/home/runner/work/GoldenCheetah/GoldenCheetah/src/appdir/lib/libkrb5support.so.0"
Log: Changing rpath in "/home/runner/work/GoldenCheetah/GoldenCheetah/src/appdir/lib/libkrb5support.so.0" to "$ORIGIN"
Log: "libpcre2-8.so.0" already at target location
Log: Checking rpath in "/home/runner/work/GoldenCheetah/GoldenCheetah/src/appdir/lib/libpcre2-8.so.0"
Log: Changing rpath in "/home/runner/work/GoldenCheetah/GoldenCheetah/src/appdir/lib/libpcre2-8.so.0" to "$ORIGIN"
Log: "libkeyutils.so.1" already at target location
Log: Checking rpath in "/home/runner/work/GoldenCheetah/GoldenCheetah/src/appdir/lib/libkeyutils.so.1"
Log: Changing rpath in "/home/runner/work/GoldenCheetah/GoldenCheetah/src/appdir/lib/libkeyutils.so.1" to "$ORIGIN"
Log: Checking rpath in "/home/runner/work/GoldenCheetah/GoldenCheetah/src/appdir/plugins/qmltooling/libqmldbg_server.so"
Log: Changing rpath in "/home/runner/work/GoldenCheetah/GoldenCheetah/src/appdir/plugins/qmltooling/libqmldbg_server.so" to "$ORIGIN/../../lib"
Log:  copied: "/home/runner/work/GoldenCheetah/GoldenCheetah/6.8.0/gcc_64/plugins/qmltooling/libqmldbg_tcp.so"
Log:  to "/home/runner/work/GoldenCheetah/GoldenCheetah/src/appdir/plugins/qmltooling/libqmldbg_tcp.so"
Log: Deploying the following libraries: QList("/home/runner/work/GoldenCheetah/GoldenCheetah/src/appdir/plugins/qmltooling/libqmldbg_tcp.so")
Log: "libQt6Qml.so.6" already at target location
Log: Checking rpath in "/home/runner/work/GoldenCheetah/GoldenCheetah/src/appdir/lib/libQt6Qml.so.6"
Log: Changing rpath in "/home/runner/work/GoldenCheetah/GoldenCheetah/src/appdir/lib/libQt6Qml.so.6" to "$ORIGIN"
Log: "libQt6Network.so.6" already at target location
Log: Checking rpath in "/home/runner/work/GoldenCheetah/GoldenCheetah/src/appdir/lib/libQt6Network.so.6"
Log: Changing rpath in "/home/runner/work/GoldenCheetah/GoldenCheetah/src/appdir/lib/libQt6Network.so.6" to "$ORIGIN"
Log: Setting deploymentInfo.qtPath to: "/home/runner/work/GoldenCheetah/GoldenCheetah/src/appdir/lib/"
Log: "libQt6Core.so.6" already at target location
Log: Checking rpath in "/home/runner/work/GoldenCheetah/GoldenCheetah/src/appdir/lib/libQt6Core.so.6"
Log: Changing rpath in "/home/runner/work/GoldenCheetah/GoldenCheetah/src/appdir/lib/libQt6Core.so.6" to "$ORIGIN"
Log: "libzstd.so.1" already at target location
Log: Checking rpath in "/home/runner/work/GoldenCheetah/GoldenCheetah/src/appdir/lib/libzstd.so.1"
Log: Changing rpath in "/home/runner/work/GoldenCheetah/GoldenCheetah/src/appdir/lib/libzstd.so.1" to "$ORIGIN"
Log: "libgssapi_krb5.so.2" already at target location
Log: Checking rpath in "/home/runner/work/GoldenCheetah/GoldenCheetah/src/appdir/lib/libgssapi_krb5.so.2"
Log: Changing rpath in "/home/runner/work/GoldenCheetah/GoldenCheetah/src/appdir/lib/libgssapi_krb5.so.2" to "$ORIGIN"
Log: "libicui18n.so.73" already at target location
Log: Checking rpath in "/home/runner/work/GoldenCheetah/GoldenCheetah/src/appdir/lib/libicui18n.so.73"
Log: Changing rpath in "/home/runner/work/GoldenCheetah/GoldenCheetah/src/appdir/lib/libicui18n.so.73" to "$ORIGIN"
Log: "libicuuc.so.73" already at target location
Log: Checking rpath in "/home/runner/work/GoldenCheetah/GoldenCheetah/src/appdir/lib/libicuuc.so.73"
Log: Changing rpath in "/home/runner/work/GoldenCheetah/GoldenCheetah/src/appdir/lib/libicuuc.so.73" to "$ORIGIN"
Log: "libicudata.so.73" already at target location
Log: Checking rpath in "/home/runner/work/GoldenCheetah/GoldenCheetah/src/appdir/lib/libicudata.so.73"
Log: Changing rpath in "/home/runner/work/GoldenCheetah/GoldenCheetah/src/appdir/lib/libicudata.so.73" to "$ORIGIN"
Log: "libglib-2.0.so.0" already at target location
Log: Checking rpath in "/home/runner/work/GoldenCheetah/GoldenCheetah/src/appdir/lib/libglib-2.0.so.0"
Log: Changing rpath in "/home/runner/work/GoldenCheetah/GoldenCheetah/src/appdir/lib/libglib-2.0.so.0" to "$ORIGIN"
Log: "libgthread-2.0.so.0" already at target location
Log: Checking rpath in "/home/runner/work/GoldenCheetah/GoldenCheetah/src/appdir/lib/libgthread-2.0.so.0"
Log: Changing rpath in "/home/runner/work/GoldenCheetah/GoldenCheetah/src/appdir/lib/libgthread-2.0.so.0" to "$ORIGIN"
Log: "libkrb5.so.3" already at target location
Log: Checking rpath in "/home/runner/work/GoldenCheetah/GoldenCheetah/src/appdir/lib/libkrb5.so.3"
Log: Changing rpath in "/home/runner/work/GoldenCheetah/GoldenCheetah/src/appdir/lib/libkrb5.so.3" to "$ORIGIN"
Log: "libk5crypto.so.3" already at target location
Log: Checking rpath in "/home/runner/work/GoldenCheetah/GoldenCheetah/src/appdir/lib/libk5crypto.so.3"
Log: Changing rpath in "/home/runner/work/GoldenCheetah/GoldenCheetah/src/appdir/lib/libk5crypto.so.3" to "$ORIGIN"
Log: "libkrb5support.so.0" already at target location
Log: Checking rpath in "/home/runner/work/GoldenCheetah/GoldenCheetah/src/appdir/lib/libkrb5support.so.0"
Log: Changing rpath in "/home/runner/work/GoldenCheetah/GoldenCheetah/src/appdir/lib/libkrb5support.so.0" to "$ORIGIN"
Log: "libpcre2-8.so.0" already at target location
Log: Checking rpath in "/home/runner/work/GoldenCheetah/GoldenCheetah/src/appdir/lib/libpcre2-8.so.0"
Log: Changing rpath in "/home/runner/work/GoldenCheetah/GoldenCheetah/src/appdir/lib/libpcre2-8.so.0" to "$ORIGIN"
Log: "libkeyutils.so.1" already at target location
Log: Checking rpath in "/home/runner/work/GoldenCheetah/GoldenCheetah/src/appdir/lib/libkeyutils.so.1"
Log: Changing rpath in "/home/runner/work/GoldenCheetah/GoldenCheetah/src/appdir/lib/libkeyutils.so.1" to "$ORIGIN"
Log: Checking rpath in "/home/runner/work/GoldenCheetah/GoldenCheetah/src/appdir/plugins/qmltooling/libqmldbg_tcp.so"
Log: Changing rpath in "/home/runner/work/GoldenCheetah/GoldenCheetah/src/appdir/plugins/qmltooling/libqmldbg_tcp.so" to "$ORIGIN/../../lib"
Log:  copied: "/home/runner/work/GoldenCheetah/GoldenCheetah/6.8.0/gcc_64/plugins/geoservices/libqtgeoservices_itemsoverlay.so"
Log:  to "/home/runner/work/GoldenCheetah/GoldenCheetah/src/appdir/plugins/geoservices/libqtgeoservices_itemsoverlay.so"
Log: Deploying the following libraries: QList("/home/runner/work/GoldenCheetah/GoldenCheetah/src/appdir/plugins/geoservices/libqtgeoservices_itemsoverlay.so")
Log:  copied: "/home/runner/work/GoldenCheetah/GoldenCheetah/6.8.0/gcc_64/lib/libQt6Location.so.6"
Log:  to "/home/runner/work/GoldenCheetah/GoldenCheetah/src/appdir/lib//libQt6Location.so.6"
Log: Checking rpath in "/home/runner/work/GoldenCheetah/GoldenCheetah/src/appdir/lib/libQt6Location.so.6"
Log: Changing rpath in "/home/runner/work/GoldenCheetah/GoldenCheetah/src/appdir/lib/libQt6Location.so.6" to "$ORIGIN"
Log:  copied: "/home/runner/work/GoldenCheetah/GoldenCheetah/6.8.0/gcc_64/lib/libQt6PositioningQuick.so.6"
Log:  to "/home/runner/work/GoldenCheetah/GoldenCheetah/src/appdir/lib//libQt6PositioningQuick.so.6"
Log: Checking rpath in "/home/runner/work/GoldenCheetah/GoldenCheetah/src/appdir/lib/libQt6PositioningQuick.so.6"
Log: Changing rpath in "/home/runner/work/GoldenCheetah/GoldenCheetah/src/appdir/lib/libQt6PositioningQuick.so.6" to "$ORIGIN"
Log: "libQt6Positioning.so.6" already at target location
Log: Checking rpath in "/home/runner/work/GoldenCheetah/GoldenCheetah/src/appdir/lib/libQt6Positioning.so.6"
Log: Changing rpath in "/home/runner/work/GoldenCheetah/GoldenCheetah/src/appdir/lib/libQt6Positioning.so.6" to "$ORIGIN"
Log:  copied: "/home/runner/work/GoldenCheetah/GoldenCheetah/6.8.0/gcc_64/lib/libQt6QuickShapes.so.6"
Log:  to "/home/runner/work/GoldenCheetah/GoldenCheetah/src/appdir/lib//libQt6QuickShapes.so.6"
Log: Checking rpath in "/home/runner/work/GoldenCheetah/GoldenCheetah/src/appdir/lib/libQt6QuickShapes.so.6"
Log: Changing rpath in "/home/runner/work/GoldenCheetah/GoldenCheetah/src/appdir/lib/libQt6QuickShapes.so.6" to "$ORIGIN"
Log: "libQt6Quick.so.6" already at target location
Log: Checking rpath in "/home/runner/work/GoldenCheetah/GoldenCheetah/src/appdir/lib/libQt6Quick.so.6"
Log: Changing rpath in "/home/runner/work/GoldenCheetah/GoldenCheetah/src/appdir/lib/libQt6Quick.so.6" to "$ORIGIN"
Log: "libQt6QmlMeta.so.6" already at target location
Log: Checking rpath in "/home/runner/work/GoldenCheetah/GoldenCheetah/src/appdir/lib/libQt6QmlMeta.so.6"
Log: Changing rpath in "/home/runner/work/GoldenCheetah/GoldenCheetah/src/appdir/lib/libQt6QmlMeta.so.6" to "$ORIGIN"
Log: "libQt6QmlModels.so.6" already at target location
Log: Checking rpath in "/home/runner/work/GoldenCheetah/GoldenCheetah/src/appdir/lib/libQt6QmlModels.so.6"
Log: Changing rpath in "/home/runner/work/GoldenCheetah/GoldenCheetah/src/appdir/lib/libQt6QmlModels.so.6" to "$ORIGIN"
Log: "libQt6QmlWorkerScript.so.6" already at target location
Log: Checking rpath in "/home/runner/work/GoldenCheetah/GoldenCheetah/src/appdir/lib/libQt6QmlWorkerScript.so.6"
Log: Changing rpath in "/home/runner/work/GoldenCheetah/GoldenCheetah/src/appdir/lib/libQt6QmlWorkerScript.so.6" to "$ORIGIN"
Log: "libQt6OpenGL.so.6" already at target location
Log: Checking rpath in "/home/runner/work/GoldenCheetah/GoldenCheetah/src/appdir/lib/libQt6OpenGL.so.6"
Log: Changing rpath in "/home/runner/work/GoldenCheetah/GoldenCheetah/src/appdir/lib/libQt6OpenGL.so.6" to "$ORIGIN"
Log: "libxkbcommon.so.0" already at target location
Log: Checking rpath in "/home/runner/work/GoldenCheetah/GoldenCheetah/src/appdir/lib/libxkbcommon.so.0"
Log: Changing rpath in "/home/runner/work/GoldenCheetah/GoldenCheetah/src/appdir/lib/libxkbcommon.so.0" to "$ORIGIN"
Log: "libQt6Gui.so.6" already at target location
Log: Checking rpath in "/home/runner/work/GoldenCheetah/GoldenCheetah/src/appdir/lib/libQt6Gui.so.6"
Log: Changing rpath in "/home/runner/work/GoldenCheetah/GoldenCheetah/src/appdir/lib/libQt6Gui.so.6" to "$ORIGIN"
Log: "libQt6Qml.so.6" already at target location
Log: Checking rpath in "/home/runner/work/GoldenCheetah/GoldenCheetah/src/appdir/lib/libQt6Qml.so.6"
Log: Changing rpath in "/home/runner/work/GoldenCheetah/GoldenCheetah/src/appdir/lib/libQt6Qml.so.6" to "$ORIGIN"
Log: "libQt6Network.so.6" already at target location
Log: Checking rpath in "/home/runner/work/GoldenCheetah/GoldenCheetah/src/appdir/lib/libQt6Network.so.6"
Log: Changing rpath in "/home/runner/work/GoldenCheetah/GoldenCheetah/src/appdir/lib/libQt6Network.so.6" to "$ORIGIN"
Log: Setting deploymentInfo.qtPath to: "/home/runner/work/GoldenCheetah/GoldenCheetah/src/appdir/lib/"
Log: "libQt6Core.so.6" already at target location
Log: Checking rpath in "/home/runner/work/GoldenCheetah/GoldenCheetah/src/appdir/lib/libQt6Core.so.6"
Log: Changing rpath in "/home/runner/work/GoldenCheetah/GoldenCheetah/src/appdir/lib/libQt6Core.so.6" to "$ORIGIN"
Log: "libglib-2.0.so.0" already at target location
Log: Checking rpath in "/home/runner/work/GoldenCheetah/GoldenCheetah/src/appdir/lib/libglib-2.0.so.0"
Log: Changing rpath in "/home/runner/work/GoldenCheetah/GoldenCheetah/src/appdir/lib/libglib-2.0.so.0" to "$ORIGIN"
Log: "libQt6DBus.so.6" already at target location
Log: Checking rpath in "/home/runner/work/GoldenCheetah/GoldenCheetah/src/appdir/lib/libQt6DBus.so.6"
Log: Changing rpath in "/home/runner/work/GoldenCheetah/GoldenCheetah/src/appdir/lib/libQt6DBus.so.6" to "$ORIGIN"
Log: "libgthread-2.0.so.0" already at target location
Log: Checking rpath in "/home/runner/work/GoldenCheetah/GoldenCheetah/src/appdir/lib/libgthread-2.0.so.0"
Log: Changing rpath in "/home/runner/work/GoldenCheetah/GoldenCheetah/src/appdir/lib/libgthread-2.0.so.0" to "$ORIGIN"
Log: "libzstd.so.1" already at target location
Log: Checking rpath in "/home/runner/work/GoldenCheetah/GoldenCheetah/src/appdir/lib/libzstd.so.1"
Log: Changing rpath in "/home/runner/work/GoldenCheetah/GoldenCheetah/src/appdir/lib/libzstd.so.1" to "$ORIGIN"
Log: "libgssapi_krb5.so.2" already at target location
Log: Checking rpath in "/home/runner/work/GoldenCheetah/GoldenCheetah/src/appdir/lib/libgssapi_krb5.so.2"
Log: Changing rpath in "/home/runner/work/GoldenCheetah/GoldenCheetah/src/appdir/lib/libgssapi_krb5.so.2" to "$ORIGIN"
Log: "libicui18n.so.73" already at target location
Log: Checking rpath in "/home/runner/work/GoldenCheetah/GoldenCheetah/src/appdir/lib/libicui18n.so.73"
Log: Changing rpath in "/home/runner/work/GoldenCheetah/GoldenCheetah/src/appdir/lib/libicui18n.so.73" to "$ORIGIN"
Log: "libicuuc.so.73" already at target location
Log: Checking rpath in "/home/runner/work/GoldenCheetah/GoldenCheetah/src/appdir/lib/libicuuc.so.73"
Log: Changing rpath in "/home/runner/work/GoldenCheetah/GoldenCheetah/src/appdir/lib/libicuuc.so.73" to "$ORIGIN"
Log: "libicudata.so.73" already at target location
Log: Checking rpath in "/home/runner/work/GoldenCheetah/GoldenCheetah/src/appdir/lib/libicudata.so.73"
Log: Changing rpath in "/home/runner/work/GoldenCheetah/GoldenCheetah/src/appdir/lib/libicudata.so.73" to "$ORIGIN"
Log: "libpcre2-8.so.0" already at target location
Log: Checking rpath in "/home/runner/work/GoldenCheetah/GoldenCheetah/src/appdir/lib/libpcre2-8.so.0"
Log: Changing rpath in "/home/runner/work/GoldenCheetah/GoldenCheetah/src/appdir/lib/libpcre2-8.so.0" to "$ORIGIN"
Log: "libdbus-1.so.3" already at target location
Log: Checking rpath in "/home/runner/work/GoldenCheetah/GoldenCheetah/src/appdir/lib/libdbus-1.so.3"
Log: Changing rpath in "/home/runner/work/GoldenCheetah/GoldenCheetah/src/appdir/lib/libdbus-1.so.3" to "$ORIGIN"
Log: "libbz2.so.1.0" already at target location
Log: Checking rpath in "/home/runner/work/GoldenCheetah/GoldenCheetah/src/appdir/lib/libbz2.so.1.0"
Log: Changing rpath in "/home/runner/work/GoldenCheetah/GoldenCheetah/src/appdir/lib/libbz2.so.1.0" to "$ORIGIN"
Log: "libpng16.so.16" already at target location
Log: Checking rpath in "/home/runner/work/GoldenCheetah/GoldenCheetah/src/appdir/lib/libpng16.so.16"
Log: Changing rpath in "/home/runner/work/GoldenCheetah/GoldenCheetah/src/appdir/lib/libpng16.so.16" to "$ORIGIN"
Log: "libbrotlidec.so.1" already at target location
Log: Checking rpath in "/home/runner/work/GoldenCheetah/GoldenCheetah/src/appdir/lib/libbrotlidec.so.1"
Log: Changing rpath in "/home/runner/work/GoldenCheetah/GoldenCheetah/src/appdir/lib/libbrotlidec.so.1" to "$ORIGIN"
Log: "libkrb5.so.3" already at target location
Log: Checking rpath in "/home/runner/work/GoldenCheetah/GoldenCheetah/src/appdir/lib/libkrb5.so.3"
Log: Changing rpath in "/home/runner/work/GoldenCheetah/GoldenCheetah/src/appdir/lib/libkrb5.so.3" to "$ORIGIN"
Log: "libk5crypto.so.3" already at target location
Log: Checking rpath in "/home/runner/work/GoldenCheetah/GoldenCheetah/src/appdir/lib/libk5crypto.so.3"
Log: Changing rpath in "/home/runner/work/GoldenCheetah/GoldenCheetah/src/appdir/lib/libk5crypto.so.3" to "$ORIGIN"
Log: "libkrb5support.so.0" already at target location
Log: Checking rpath in "/home/runner/work/GoldenCheetah/GoldenCheetah/src/appdir/lib/libkrb5support.so.0"
Log: Changing rpath in "/home/runner/work/GoldenCheetah/GoldenCheetah/src/appdir/lib/libkrb5support.so.0" to "$ORIGIN"
Log: "libXau.so.6" already at target location
Log: Checking rpath in "/home/runner/work/GoldenCheetah/GoldenCheetah/src/appdir/lib/libXau.so.6"
Log: Changing rpath in "/home/runner/work/GoldenCheetah/GoldenCheetah/src/appdir/lib/libXau.so.6" to "$ORIGIN"
Log: "libXdmcp.so.6" already at target location
Log: Checking rpath in "/home/runner/work/GoldenCheetah/GoldenCheetah/src/appdir/lib/libXdmcp.so.6"
Log: Changing rpath in "/home/runner/work/GoldenCheetah/GoldenCheetah/src/appdir/lib/libXdmcp.so.6" to "$ORIGIN"
Log: "libsystemd.so.0" already at target location
Log: Checking rpath in "/home/runner/work/GoldenCheetah/GoldenCheetah/src/appdir/lib/libsystemd.so.0"
Log: Changing rpath in "/home/runner/work/GoldenCheetah/GoldenCheetah/src/appdir/lib/libsystemd.so.0" to "$ORIGIN"
Log: "libbrotlicommon.so.1" already at target location
Log: Checking rpath in "/home/runner/work/GoldenCheetah/GoldenCheetah/src/appdir/lib/libbrotlicommon.so.1"
Log: Changing rpath in "/home/runner/work/GoldenCheetah/GoldenCheetah/src/appdir/lib/libbrotlicommon.so.1" to "$ORIGIN"
Log: "libkeyutils.so.1" already at target location
Log: Checking rpath in "/home/runner/work/GoldenCheetah/GoldenCheetah/src/appdir/lib/libkeyutils.so.1"
Log: Changing rpath in "/home/runner/work/GoldenCheetah/GoldenCheetah/src/appdir/lib/libkeyutils.so.1" to "$ORIGIN"
Log: "libbsd.so.0" already at target location
Log: Checking rpath in "/home/runner/work/GoldenCheetah/GoldenCheetah/src/appdir/lib/libbsd.so.0"
Log: Changing rpath in "/home/runner/work/GoldenCheetah/GoldenCheetah/src/appdir/lib/libbsd.so.0" to "$ORIGIN"
Log: "libcap.so.2" already at target location
Log: Checking rpath in "/home/runner/work/GoldenCheetah/GoldenCheetah/src/appdir/lib/libcap.so.2"
Log: Changing rpath in "/home/runner/work/GoldenCheetah/GoldenCheetah/src/appdir/lib/libcap.so.2" to "$ORIGIN"
Log: "libgcrypt.so.20" already at target location
Log: Checking rpath in "/home/runner/work/GoldenCheetah/GoldenCheetah/src/appdir/lib/libgcrypt.so.20"
Log: Changing rpath in "/home/runner/work/GoldenCheetah/GoldenCheetah/src/appdir/lib/libgcrypt.so.20" to "$ORIGIN"
Log: "liblz4.so.1" already at target location
Log: Checking rpath in "/home/runner/work/GoldenCheetah/GoldenCheetah/src/appdir/lib/liblz4.so.1"
Log: Changing rpath in "/home/runner/work/GoldenCheetah/GoldenCheetah/src/appdir/lib/liblz4.so.1" to "$ORIGIN"
Log: "liblzma.so.5" already at target location
Log: Checking rpath in "/home/runner/work/GoldenCheetah/GoldenCheetah/src/appdir/lib/liblzma.so.5"
Log: Changing rpath in "/home/runner/work/GoldenCheetah/GoldenCheetah/src/appdir/lib/liblzma.so.5" to "$ORIGIN"
Log: "libmd.so.0" already at target location
Log: Checking rpath in "/home/runner/work/GoldenCheetah/GoldenCheetah/src/appdir/lib/libmd.so.0"
Log: Changing rpath in "/home/runner/work/GoldenCheetah/GoldenCheetah/src/appdir/lib/libmd.so.0" to "$ORIGIN"
Log: Checking rpath in "/home/runner/work/GoldenCheetah/GoldenCheetah/src/appdir/plugins/geoservices/libqtgeoservices_itemsoverlay.so"
Log: Changing rpath in "/home/runner/work/GoldenCheetah/GoldenCheetah/src/appdir/plugins/geoservices/libqtgeoservices_itemsoverlay.so" to "$ORIGIN/../../lib"
Log:  copied: "/home/runner/work/GoldenCheetah/GoldenCheetah/6.8.0/gcc_64/plugins/geoservices/libqtgeoservices_osm.so"
Log:  to "/home/runner/work/GoldenCheetah/GoldenCheetah/src/appdir/plugins/geoservices/libqtgeoservices_osm.so"
Log: Deploying the following libraries: QList("/home/runner/work/GoldenCheetah/GoldenCheetah/src/appdir/plugins/geoservices/libqtgeoservices_osm.so")
Log: "libQt6Location.so.6" already at target location
Log: Checking rpath in "/home/runner/work/GoldenCheetah/GoldenCheetah/src/appdir/lib/libQt6Location.so.6"
Log: Changing rpath in "/home/runner/work/GoldenCheetah/GoldenCheetah/src/appdir/lib/libQt6Location.so.6" to "$ORIGIN"
Log: "libQt6PositioningQuick.so.6" already at target location
Log: Checking rpath in "/home/runner/work/GoldenCheetah/GoldenCheetah/src/appdir/lib/libQt6PositioningQuick.so.6"
Log: Changing rpath in "/home/runner/work/GoldenCheetah/GoldenCheetah/src/appdir/lib/libQt6PositioningQuick.so.6" to "$ORIGIN"
Log: "libQt6Positioning.so.6" already at target location
Log: Checking rpath in "/home/runner/work/GoldenCheetah/GoldenCheetah/src/appdir/lib/libQt6Positioning.so.6"
Log: Changing rpath in "/home/runner/work/GoldenCheetah/GoldenCheetah/src/appdir/lib/libQt6Positioning.so.6" to "$ORIGIN"
Log: "libQt6QuickShapes.so.6" already at target location
Log: Checking rpath in "/home/runner/work/GoldenCheetah/GoldenCheetah/src/appdir/lib/libQt6QuickShapes.so.6"
Log: Changing rpath in "/home/runner/work/GoldenCheetah/GoldenCheetah/src/appdir/lib/libQt6QuickShapes.so.6" to "$ORIGIN"
Log: "libQt6Quick.so.6" already at target location
Log: Checking rpath in "/home/runner/work/GoldenCheetah/GoldenCheetah/src/appdir/lib/libQt6Quick.so.6"
Log: Changing rpath in "/home/runner/work/GoldenCheetah/GoldenCheetah/src/appdir/lib/libQt6Quick.so.6" to "$ORIGIN"
Log: "libQt6QmlMeta.so.6" already at target location
Log: Checking rpath in "/home/runner/work/GoldenCheetah/GoldenCheetah/src/appdir/lib/libQt6QmlMeta.so.6"
Log: Changing rpath in "/home/runner/work/GoldenCheetah/GoldenCheetah/src/appdir/lib/libQt6QmlMeta.so.6" to "$ORIGIN"
Log: "libQt6QmlModels.so.6" already at target location
Log: Checking rpath in "/home/runner/work/GoldenCheetah/GoldenCheetah/src/appdir/lib/libQt6QmlModels.so.6"
Log: Changing rpath in "/home/runner/work/GoldenCheetah/GoldenCheetah/src/appdir/lib/libQt6QmlModels.so.6" to "$ORIGIN"
Log: "libQt6QmlWorkerScript.so.6" already at target location
Log: Checking rpath in "/home/runner/work/GoldenCheetah/GoldenCheetah/src/appdir/lib/libQt6QmlWorkerScript.so.6"
Log: Changing rpath in "/home/runner/work/GoldenCheetah/GoldenCheetah/src/appdir/lib/libQt6QmlWorkerScript.so.6" to "$ORIGIN"
Log: "libQt6OpenGL.so.6" already at target location
Log: Checking rpath in "/home/runner/work/GoldenCheetah/GoldenCheetah/src/appdir/lib/libQt6OpenGL.so.6"
Log: Changing rpath in "/home/runner/work/GoldenCheetah/GoldenCheetah/src/appdir/lib/libQt6OpenGL.so.6" to "$ORIGIN"
Log: "libxkbcommon.so.0" already at target location
Log: Checking rpath in "/home/runner/work/GoldenCheetah/GoldenCheetah/src/appdir/lib/libxkbcommon.so.0"
Log: Changing rpath in "/home/runner/work/GoldenCheetah/GoldenCheetah/src/appdir/lib/libxkbcommon.so.0" to "$ORIGIN"
Log: "libQt6Gui.so.6" already at target location
Log: Checking rpath in "/home/runner/work/GoldenCheetah/GoldenCheetah/src/appdir/lib/libQt6Gui.so.6"
Log: Changing rpath in "/home/runner/work/GoldenCheetah/GoldenCheetah/src/appdir/lib/libQt6Gui.so.6" to "$ORIGIN"
Log: "libQt6Qml.so.6" already at target location
Log: Checking rpath in "/home/runner/work/GoldenCheetah/GoldenCheetah/src/appdir/lib/libQt6Qml.so.6"
Log: Changing rpath in "/home/runner/work/GoldenCheetah/GoldenCheetah/src/appdir/lib/libQt6Qml.so.6" to "$ORIGIN"
Log: "libQt6Network.so.6" already at target location
Log: Checking rpath in "/home/runner/work/GoldenCheetah/GoldenCheetah/src/appdir/lib/libQt6Network.so.6"
Log: Changing rpath in "/home/runner/work/GoldenCheetah/GoldenCheetah/src/appdir/lib/libQt6Network.so.6" to "$ORIGIN"
Log: Setting deploymentInfo.qtPath to: "/home/runner/work/GoldenCheetah/GoldenCheetah/src/appdir/lib/"
Log: "libQt6Core.so.6" already at target location
Log: Checking rpath in "/home/runner/work/GoldenCheetah/GoldenCheetah/src/appdir/lib/libQt6Core.so.6"
Log: Changing rpath in "/home/runner/work/GoldenCheetah/GoldenCheetah/src/appdir/lib/libQt6Core.so.6" to "$ORIGIN"
Log: "libglib-2.0.so.0" already at target location
Log: Checking rpath in "/home/runner/work/GoldenCheetah/GoldenCheetah/src/appdir/lib/libglib-2.0.so.0"
Log: Changing rpath in "/home/runner/work/GoldenCheetah/GoldenCheetah/src/appdir/lib/libglib-2.0.so.0" to "$ORIGIN"
Log: "libQt6DBus.so.6" already at target location
Log: Checking rpath in "/home/runner/work/GoldenCheetah/GoldenCheetah/src/appdir/lib/libQt6DBus.so.6"
Log: Changing rpath in "/home/runner/work/GoldenCheetah/GoldenCheetah/src/appdir/lib/libQt6DBus.so.6" to "$ORIGIN"
Log: "libgthread-2.0.so.0" already at target location
Log: Checking rpath in "/home/runner/work/GoldenCheetah/GoldenCheetah/src/appdir/lib/libgthread-2.0.so.0"
Log: Changing rpath in "/home/runner/work/GoldenCheetah/GoldenCheetah/src/appdir/lib/libgthread-2.0.so.0" to "$ORIGIN"
Log: "libzstd.so.1" already at target location
Log: Checking rpath in "/home/runner/work/GoldenCheetah/GoldenCheetah/src/appdir/lib/libzstd.so.1"
Log: Changing rpath in "/home/runner/work/GoldenCheetah/GoldenCheetah/src/appdir/lib/libzstd.so.1" to "$ORIGIN"
Log: "libgssapi_krb5.so.2" already at target location
Log: Checking rpath in "/home/runner/work/GoldenCheetah/GoldenCheetah/src/appdir/lib/libgssapi_krb5.so.2"
Log: Changing rpath in "/home/runner/work/GoldenCheetah/GoldenCheetah/src/appdir/lib/libgssapi_krb5.so.2" to "$ORIGIN"
Log: "libicui18n.so.73" already at target location
Log: Checking rpath in "/home/runner/work/GoldenCheetah/GoldenCheetah/src/appdir/lib/libicui18n.so.73"
Log: Changing rpath in "/home/runner/work/GoldenCheetah/GoldenCheetah/src/appdir/lib/libicui18n.so.73" to "$ORIGIN"
Log: "libicuuc.so.73" already at target location
Log: Checking rpath in "/home/runner/work/GoldenCheetah/GoldenCheetah/src/appdir/lib/libicuuc.so.73"
Log: Changing rpath in "/home/runner/work/GoldenCheetah/GoldenCheetah/src/appdir/lib/libicuuc.so.73" to "$ORIGIN"
Log: "libicudata.so.73" already at target location
Log: Checking rpath in "/home/runner/work/GoldenCheetah/GoldenCheetah/src/appdir/lib/libicudata.so.73"
Log: Changing rpath in "/home/runner/work/GoldenCheetah/GoldenCheetah/src/appdir/lib/libicudata.so.73" to "$ORIGIN"
Log: "libpcre2-8.so.0" already at target location
Log: Checking rpath in "/home/runner/work/GoldenCheetah/GoldenCheetah/src/appdir/lib/libpcre2-8.so.0"
Log: Changing rpath in "/home/runner/work/GoldenCheetah/GoldenCheetah/src/appdir/lib/libpcre2-8.so.0" to "$ORIGIN"
Log: "libdbus-1.so.3" already at target location
Log: Checking rpath in "/home/runner/work/GoldenCheetah/GoldenCheetah/src/appdir/lib/libdbus-1.so.3"
Log: Changing rpath in "/home/runner/work/GoldenCheetah/GoldenCheetah/src/appdir/lib/libdbus-1.so.3" to "$ORIGIN"
Log: "libbz2.so.1.0" already at target location
Log: Checking rpath in "/home/runner/work/GoldenCheetah/GoldenCheetah/src/appdir/lib/libbz2.so.1.0"
Log: Changing rpath in "/home/runner/work/GoldenCheetah/GoldenCheetah/src/appdir/lib/libbz2.so.1.0" to "$ORIGIN"
Log: "libpng16.so.16" already at target location
Log: Checking rpath in "/home/runner/work/GoldenCheetah/GoldenCheetah/src/appdir/lib/libpng16.so.16"
Log: Changing rpath in "/home/runner/work/GoldenCheetah/GoldenCheetah/src/appdir/lib/libpng16.so.16" to "$ORIGIN"
Log: "libbrotlidec.so.1" already at target location
Log: Checking rpath in "/home/runner/work/GoldenCheetah/GoldenCheetah/src/appdir/lib/libbrotlidec.so.1"
Log: Changing rpath in "/home/runner/work/GoldenCheetah/GoldenCheetah/src/appdir/lib/libbrotlidec.so.1" to "$ORIGIN"
Log: "libkrb5.so.3" already at target location
Log: Checking rpath in "/home/runner/work/GoldenCheetah/GoldenCheetah/src/appdir/lib/libkrb5.so.3"
Log: Changing rpath in "/home/runner/work/GoldenCheetah/GoldenCheetah/src/appdir/lib/libkrb5.so.3" to "$ORIGIN"
Log: "libk5crypto.so.3" already at target location
Log: Checking rpath in "/home/runner/work/GoldenCheetah/GoldenCheetah/src/appdir/lib/libk5crypto.so.3"
Log: Changing rpath in "/home/runner/work/GoldenCheetah/GoldenCheetah/src/appdir/lib/libk5crypto.so.3" to "$ORIGIN"
Log: "libkrb5support.so.0" already at target location
Log: Checking rpath in "/home/runner/work/GoldenCheetah/GoldenCheetah/src/appdir/lib/libkrb5support.so.0"
Log: Changing rpath in "/home/runner/work/GoldenCheetah/GoldenCheetah/src/appdir/lib/libkrb5support.so.0" to "$ORIGIN"
Log: "libXau.so.6" already at target location
Log: Checking rpath in "/home/runner/work/GoldenCheetah/GoldenCheetah/src/appdir/lib/libXau.so.6"
Log: Changing rpath in "/home/runner/work/GoldenCheetah/GoldenCheetah/src/appdir/lib/libXau.so.6" to "$ORIGIN"
Log: "libXdmcp.so.6" already at target location
Log: Checking rpath in "/home/runner/work/GoldenCheetah/GoldenCheetah/src/appdir/lib/libXdmcp.so.6"
Log: Changing rpath in "/home/runner/work/GoldenCheetah/GoldenCheetah/src/appdir/lib/libXdmcp.so.6" to "$ORIGIN"
Log: "libsystemd.so.0" already at target location
Log: Checking rpath in "/home/runner/work/GoldenCheetah/GoldenCheetah/src/appdir/lib/libsystemd.so.0"
Log: Changing rpath in "/home/runner/work/GoldenCheetah/GoldenCheetah/src/appdir/lib/libsystemd.so.0" to "$ORIGIN"
Log: "libbrotlicommon.so.1" already at target location
Log: Checking rpath in "/home/runner/work/GoldenCheetah/GoldenCheetah/src/appdir/lib/libbrotlicommon.so.1"
Log: Changing rpath in "/home/runner/work/GoldenCheetah/GoldenCheetah/src/appdir/lib/libbrotlicommon.so.1" to "$ORIGIN"
Log: "libkeyutils.so.1" already at target location
Log: Checking rpath in "/home/runner/work/GoldenCheetah/GoldenCheetah/src/appdir/lib/libkeyutils.so.1"
Log: Changing rpath in "/home/runner/work/GoldenCheetah/GoldenCheetah/src/appdir/lib/libkeyutils.so.1" to "$ORIGIN"
Log: "libbsd.so.0" already at target location
Log: Checking rpath in "/home/runner/work/GoldenCheetah/GoldenCheetah/src/appdir/lib/libbsd.so.0"
Log: Changing rpath in "/home/runner/work/GoldenCheetah/GoldenCheetah/src/appdir/lib/libbsd.so.0" to "$ORIGIN"
Log: "libcap.so.2" already at target location
Log: Checking rpath in "/home/runner/work/GoldenCheetah/GoldenCheetah/src/appdir/lib/libcap.so.2"
Log: Changing rpath in "/home/runner/work/GoldenCheetah/GoldenCheetah/src/appdir/lib/libcap.so.2" to "$ORIGIN"
Log: "libgcrypt.so.20" already at target location
Log: Checking rpath in "/home/runner/work/GoldenCheetah/GoldenCheetah/src/appdir/lib/libgcrypt.so.20"
Log: Changing rpath in "/home/runner/work/GoldenCheetah/GoldenCheetah/src/appdir/lib/libgcrypt.so.20" to "$ORIGIN"
Log: "liblz4.so.1" already at target location
Log: Checking rpath in "/home/runner/work/GoldenCheetah/GoldenCheetah/src/appdir/lib/liblz4.so.1"
Log: Changing rpath in "/home/runner/work/GoldenCheetah/GoldenCheetah/src/appdir/lib/liblz4.so.1" to "$ORIGIN"
Log: "liblzma.so.5" already at target location
Log: Checking rpath in "/home/runner/work/GoldenCheetah/GoldenCheetah/src/appdir/lib/liblzma.so.5"
Log: Changing rpath in "/home/runner/work/GoldenCheetah/GoldenCheetah/src/appdir/lib/liblzma.so.5" to "$ORIGIN"
Log: "libmd.so.0" already at target location
Log: Checking rpath in "/home/runner/work/GoldenCheetah/GoldenCheetah/src/appdir/lib/libmd.so.0"
Log: Changing rpath in "/home/runner/work/GoldenCheetah/GoldenCheetah/src/appdir/lib/libmd.so.0" to "$ORIGIN"
Log: Checking rpath in "/home/runner/work/GoldenCheetah/GoldenCheetah/src/appdir/plugins/geoservices/libqtgeoservices_osm.so"
Log: Changing rpath in "/home/runner/work/GoldenCheetah/GoldenCheetah/src/appdir/plugins/geoservices/libqtgeoservices_osm.so" to "$ORIGIN/../../lib"
Log: Created configuration file: "/home/runner/work/GoldenCheetah/GoldenCheetah/src/appdir/qt.conf"
Log: Using "/home/runner/work/GoldenCheetah/GoldenCheetah/src/appdir/translations" as translations directory for App
Log: Using "/home/runner/work/GoldenCheetah/GoldenCheetah/6.8.0/gcc_64/translations"  to search for Qt translations
Log: Found lconvert at "/home/runner/work/GoldenCheetah/GoldenCheetah/6.8.0/gcc_64/bin/lconvert"
Log: Creating  "/home/runner/work/GoldenCheetah/GoldenCheetah/src/appdir/translations/qt_.qm" ...
Log: Creating  "/home/runner/work/GoldenCheetah/GoldenCheetah/src/appdir/translations/qt_.qm" ...
Log: Creating  "/home/runner/work/GoldenCheetah/GoldenCheetah/src/appdir/translations/qt_.qm" ...
Log: Creating  "/home/runner/work/GoldenCheetah/GoldenCheetah/src/appdir/translations/qt_.qm" ...
Log: Creating  "/home/runner/work/GoldenCheetah/GoldenCheetah/src/appdir/translations/qt_.qm" ...
Log: Creating  "/home/runner/work/GoldenCheetah/GoldenCheetah/src/appdir/translations/qt_.qm" ...
Log: Creating  "/home/runner/work/GoldenCheetah/GoldenCheetah/src/appdir/translations/qt_.qm" ...
Log: Creating  "/home/runner/work/GoldenCheetah/GoldenCheetah/src/appdir/translations/qt_.qm" ...
Log: Creating  "/home/runner/work/GoldenCheetah/GoldenCheetah/src/appdir/translations/qt_.qm" ...
Log: Creating  "/home/runner/work/GoldenCheetah/GoldenCheetah/src/appdir/translations/qt_.qm" ...
Log: Creating  "/home/runner/work/GoldenCheetah/GoldenCheetah/src/appdir/translations/qt_.qm" ...
Log: Creating  "/home/runner/work/GoldenCheetah/GoldenCheetah/src/appdir/translations/qt_.qm" ...
Log: Creating  "/home/runner/work/GoldenCheetah/GoldenCheetah/src/appdir/translations/qt_.qm" ...
Log: Creating  "/home/runner/work/GoldenCheetah/GoldenCheetah/src/appdir/translations/qt_.qm" ...
Log: Creating  "/home/runner/work/GoldenCheetah/GoldenCheetah/src/appdir/translations/qt__ar.qm" ...
Log: Creating  "/home/runner/work/GoldenCheetah/GoldenCheetah/src/appdir/translations/qt__bg.qm" ...
Log: Creating  "/home/runner/work/GoldenCheetah/GoldenCheetah/src/appdir/translations/qt__ca.qm" ...
Log: Creating  "/home/runner/work/GoldenCheetah/GoldenCheetah/src/appdir/translations/qt__cs.qm" ...
Log: Creating  "/home/runner/work/GoldenCheetah/GoldenCheetah/src/appdir/translations/qt__da.qm" ...
Log: Creating  "/home/runner/work/GoldenCheetah/GoldenCheetah/src/appdir/translations/qt__de.qm" ...
Log: Creating  "/home/runner/work/GoldenCheetah/GoldenCheetah/src/appdir/translations/qt__en.qm" ...
Log: Creating  "/home/runner/work/GoldenCheetah/GoldenCheetah/src/appdir/translations/qt__es.qm" ...
Log: Creating  "/home/runner/work/GoldenCheetah/GoldenCheetah/src/appdir/translations/qt__fr.qm" ...
Log: Creating  "/home/runner/work/GoldenCheetah/GoldenCheetah/src/appdir/translations/qt__gl.qm" ...
Log: Creating  "/home/runner/work/GoldenCheetah/GoldenCheetah/src/appdir/translations/qt__hr.qm" ...
Log: Creating  "/home/runner/work/GoldenCheetah/GoldenCheetah/src/appdir/translations/qt__hu.qm" ...
Log: Creating  "/home/runner/work/GoldenCheetah/GoldenCheetah/src/appdir/translations/qt__it.qm" ...
Log: Creating  "/home/runner/work/GoldenCheetah/GoldenCheetah/src/appdir/translations/qt__ja.qm" ...
Log: Creating  "/home/runner/work/GoldenCheetah/GoldenCheetah/src/appdir/translations/qt__ka.qm" ...
Log: Creating  "/home/runner/work/GoldenCheetah/GoldenCheetah/src/appdir/translations/qt__ko.qm" ...
Log: Creating  "/home/runner/work/GoldenCheetah/GoldenCheetah/src/appdir/translations/qt__nl.qm" ...
Log: Creating  "/home/runner/work/GoldenCheetah/GoldenCheetah/src/appdir/translations/qt__nn.qm" ...
Log: Creating  "/home/runner/work/GoldenCheetah/GoldenCheetah/src/appdir/translations/qt__pl.qm" ...
Log: Creating  "/home/runner/work/GoldenCheetah/GoldenCheetah/src/appdir/translations/qt__pt_BR.qm" ...
Log: Creating  "/home/runner/work/GoldenCheetah/GoldenCheetah/src/appdir/translations/qt__ru.qm" ...
Log: Creating  "/home/runner/work/GoldenCheetah/GoldenCheetah/src/appdir/translations/qt__sk.qm" ...
Log: Creating  "/home/runner/work/GoldenCheetah/GoldenCheetah/src/appdir/translations/qt__sl.qm" ...
Log: Creating  "/home/runner/work/GoldenCheetah/GoldenCheetah/src/appdir/translations/qt__tr.qm" ...
Log: Creating  "/home/runner/work/GoldenCheetah/GoldenCheetah/src/appdir/translations/qt__uk.qm" ...
Log: Creating  "/home/runner/work/GoldenCheetah/GoldenCheetah/src/appdir/translations/qt__zh_CN.qm" ...
Log: Creating  "/home/runner/work/GoldenCheetah/GoldenCheetah/src/appdir/translations/qt__zh_TW.qm" ...
Log: Creating  "/home/runner/work/GoldenCheetah/GoldenCheetah/src/appdir/translations/qt_.qm" ...
Log: Creating  "/home/runner/work/GoldenCheetah/GoldenCheetah/src/appdir/translations/qt_.qm" ...
Log: Creating  "/home/runner/work/GoldenCheetah/GoldenCheetah/src/appdir/translations/qt_.qm" ...
Log: Creating  "/home/runner/work/GoldenCheetah/GoldenCheetah/src/appdir/translations/qt_.qm" ...
Log: Creating  "/home/runner/work/GoldenCheetah/GoldenCheetah/src/appdir/translations/qt_.qm" ...
Log: Creating  "/home/runner/work/GoldenCheetah/GoldenCheetah/src/appdir/translations/qt_.qm" ...
Log: Creating  "/home/runner/work/GoldenCheetah/GoldenCheetah/src/appdir/translations/qt_.qm" ...
Log: Creating  "/home/runner/work/GoldenCheetah/GoldenCheetah/src/appdir/translations/qt_.qm" ...
Log: Creating  "/home/runner/work/GoldenCheetah/GoldenCheetah/src/appdir/translations/qt_.qm" ...
Log: Creating  "/home/runner/work/GoldenCheetah/GoldenCheetah/src/appdir/translations/qt_.qm" ...
Log: Creating  "/home/runner/work/GoldenCheetah/GoldenCheetah/src/appdir/translations/qt_.qm" ...
Log: Creating  "/home/runner/work/GoldenCheetah/GoldenCheetah/src/appdir/translations/qt_R.qm" ...
Log: Creating  "/home/runner/work/GoldenCheetah/GoldenCheetah/src/appdir/translations/qt_T.qm" ...
Log: Creating  "/home/runner/work/GoldenCheetah/GoldenCheetah/src/appdir/translations/qt_.qm" ...
Log: Creating  "/home/runner/work/GoldenCheetah/GoldenCheetah/src/appdir/translations/qt_.qm" ...
Log: Creating  "/home/runner/work/GoldenCheetah/GoldenCheetah/src/appdir/translations/qt_.qm" ...
Log: Creating  "/home/runner/work/GoldenCheetah/GoldenCheetah/src/appdir/translations/qt_.qm" ...
Log: Creating  "/home/runner/work/GoldenCheetah/GoldenCheetah/src/appdir/translations/qt_.qm" ...
Log: Creating  "/home/runner/work/GoldenCheetah/GoldenCheetah/src/appdir/translations/qt_.qm" ...
Log: Creating  "/home/runner/work/GoldenCheetah/GoldenCheetah/src/appdir/translations/qt_N.qm" ...
Log: Creating  "/home/runner/work/GoldenCheetah/GoldenCheetah/src/appdir/translations/qt_W.qm" ...
Log: Creating  "/home/runner/work/GoldenCheetah/GoldenCheetah/src/appdir/translations/qt_ar.qm" ...
Log: Creating  "/home/runner/work/GoldenCheetah/GoldenCheetah/src/appdir/translations/qt_bg.qm" ...
Log: Creating  "/home/runner/work/GoldenCheetah/GoldenCheetah/src/appdir/translations/qt_ca.qm" ...
Log: Creating  "/home/runner/work/GoldenCheetah/GoldenCheetah/src/appdir/translations/qt_cs.qm" ...
Log: Creating  "/home/runner/work/GoldenCheetah/GoldenCheetah/src/appdir/translations/qt_da.qm" ...
Log: Creating  "/home/runner/work/GoldenCheetah/GoldenCheetah/src/appdir/translations/qt_de.qm" ...
Log: Creating  "/home/runner/work/GoldenCheetah/GoldenCheetah/src/appdir/translations/qt_en.qm" ...
Log: Creating  "/home/runner/work/GoldenCheetah/GoldenCheetah/src/appdir/translations/qt_es.qm" ...
Log: Creating  "/home/runner/work/GoldenCheetah/GoldenCheetah/src/appdir/translations/qt_fa.qm" ...
Log: Creating  "/home/runner/work/GoldenCheetah/GoldenCheetah/src/appdir/translations/qt_fi.qm" ...
Log: Creating  "/home/runner/work/GoldenCheetah/GoldenCheetah/src/appdir/translations/qt_fr.qm" ...
Log: Creating  "/home/runner/work/GoldenCheetah/GoldenCheetah/src/appdir/translations/qt_gd.qm" ...
Log: Creating  "/home/runner/work/GoldenCheetah/GoldenCheetah/src/appdir/translations/qt_he.qm" ...
Log: Creating  "/home/runner/work/GoldenCheetah/GoldenCheetah/src/appdir/translations/qt_hr.qm" ...
Log: Creating  "/home/runner/work/GoldenCheetah/GoldenCheetah/src/appdir/translations/qt_hu.qm" ...
Log: Creating  "/home/runner/work/GoldenCheetah/GoldenCheetah/src/appdir/translations/qt_it.qm" ...
Log: Creating  "/home/runner/work/GoldenCheetah/GoldenCheetah/src/appdir/translations/qt_ja.qm" ...
Log: Creating  "/home/runner/work/GoldenCheetah/GoldenCheetah/src/appdir/translations/qt_ka.qm" ...
Log: Creating  "/home/runner/work/GoldenCheetah/GoldenCheetah/src/appdir/translations/qt_ko.qm" ...
Log: Creating  "/home/runner/work/GoldenCheetah/GoldenCheetah/src/appdir/translations/qt_lv.qm" ...
Log: Creating  "/home/runner/work/GoldenCheetah/GoldenCheetah/src/appdir/translations/qt_nl.qm" ...
Log: Creating  "/home/runner/work/GoldenCheetah/GoldenCheetah/src/appdir/translations/qt_nn.qm" ...
Log: Creating  "/home/runner/work/GoldenCheetah/GoldenCheetah/src/appdir/translations/qt_pl.qm" ...
Log: Creating  "/home/runner/work/GoldenCheetah/GoldenCheetah/src/appdir/translations/qt_pt_BR.qm" ...
Log: Creating  "/home/runner/work/GoldenCheetah/GoldenCheetah/src/appdir/translations/qt_ru.qm" ...
Log: Creating  "/home/runner/work/GoldenCheetah/GoldenCheetah/src/appdir/translations/qt_sk.qm" ...
Log: Creating  "/home/runner/work/GoldenCheetah/GoldenCheetah/src/appdir/translations/qt_tr.qm" ...
Log: Creating  "/home/runner/work/GoldenCheetah/GoldenCheetah/src/appdir/translations/qt_uk.qm" ...
Log: Creating  "/home/runner/work/GoldenCheetah/GoldenCheetah/src/appdir/translations/qt_zh_CN.qm" ...
Log: Creating  "/home/runner/work/GoldenCheetah/GoldenCheetah/src/appdir/translations/qt_zh_TW.qm" ...
Log: Creating  "/home/runner/work/GoldenCheetah/GoldenCheetah/src/appdir/translations/qt_ctivity_bg.qm" ...
Log: Creating  "/home/runner/work/GoldenCheetah/GoldenCheetah/src/appdir/translations/qt_ctivity_ca.qm" ...
Log: Creating  "/home/runner/work/GoldenCheetah/GoldenCheetah/src/appdir/translations/qt_ctivity_da.qm" ...
Log: Creating  "/home/runner/work/GoldenCheetah/GoldenCheetah/src/appdir/translations/qt_ctivity_de.qm" ...
Log: Creating  "/home/runner/work/GoldenCheetah/GoldenCheetah/src/appdir/translations/qt_ctivity_en.qm" ...
Log: Creating  "/home/runner/work/GoldenCheetah/GoldenCheetah/src/appdir/translations/qt_ctivity_es.qm" ...
Log: Creating  "/home/runner/work/GoldenCheetah/GoldenCheetah/src/appdir/translations/qt_ctivity_hr.qm" ...
Log: Creating  "/home/runner/work/GoldenCheetah/GoldenCheetah/src/appdir/translations/qt_ctivity_hu.qm" ...
Log: Creating  "/home/runner/work/GoldenCheetah/GoldenCheetah/src/appdir/translations/qt_ctivity_ka.qm" ...
Log: Creating  "/home/runner/work/GoldenCheetah/GoldenCheetah/src/appdir/translations/qt_ctivity_ko.qm" ...
Log: Creating  "/home/runner/work/GoldenCheetah/GoldenCheetah/src/appdir/translations/qt_ctivity_nl.qm" ...
Log: Creating  "/home/runner/work/GoldenCheetah/GoldenCheetah/src/appdir/translations/qt_ctivity_pl.qm" ...
Log: Creating  "/home/runner/work/GoldenCheetah/GoldenCheetah/src/appdir/translations/qt_ctivity_pt_BR.qm" ...
Log: Creating  "/home/runner/work/GoldenCheetah/GoldenCheetah/src/appdir/translations/qt_ctivity_ru.qm" ...
Log: Creating  "/home/runner/work/GoldenCheetah/GoldenCheetah/src/appdir/translations/qt_ctivity_tr.qm" ...
Log: Creating  "/home/runner/work/GoldenCheetah/GoldenCheetah/src/appdir/translations/qt_ctivity_uk.qm" ...
Log: Creating  "/home/runner/work/GoldenCheetah/GoldenCheetah/src/appdir/translations/qt_ctivity_zh_CN.qm" ...
Log: Creating  "/home/runner/work/GoldenCheetah/GoldenCheetah/src/appdir/translations/qt_rative_ar.qm" ...
Log: Creating  "/home/runner/work/GoldenCheetah/GoldenCheetah/src/appdir/translations/qt_rative_bg.qm" ...
Log: Creating  "/home/runner/work/GoldenCheetah/GoldenCheetah/src/appdir/translations/qt_rative_ca.qm" ...
Log: Creating  "/home/runner/work/GoldenCheetah/GoldenCheetah/src/appdir/translations/qt_rative_da.qm" ...
Log: Creating  "/home/runner/work/GoldenCheetah/GoldenCheetah/src/appdir/translations/qt_rative_de.qm" ...
Log: Creating  "/home/runner/work/GoldenCheetah/GoldenCheetah/src/appdir/translations/qt_rative_en.qm" ...
Log: Creating  "/home/runner/work/GoldenCheetah/GoldenCheetah/src/appdir/translations/qt_rative_es.qm" ...
Log: Creating  "/home/runner/work/GoldenCheetah/GoldenCheetah/src/appdir/translations/qt_rative_fa.qm" ...
Log: Creating  "/home/runner/work/GoldenCheetah/GoldenCheetah/src/appdir/translations/qt_rative_fi.qm" ...
Log: Creating  "/home/runner/work/GoldenCheetah/GoldenCheetah/src/appdir/translations/qt_rative_fr.qm" ...
Log: Creating  "/home/runner/work/GoldenCheetah/GoldenCheetah/src/appdir/translations/qt_rative_hr.qm" ...
Log: Creating  "/home/runner/work/GoldenCheetah/GoldenCheetah/src/appdir/translations/qt_rative_hu.qm" ...
Log: Creating  "/home/runner/work/GoldenCheetah/GoldenCheetah/src/appdir/translations/qt_rative_ja.qm" ...
Log: Creating  "/home/runner/work/GoldenCheetah/GoldenCheetah/src/appdir/translations/qt_rative_ka.qm" ...
Log: Creating  "/home/runner/work/GoldenCheetah/GoldenCheetah/src/appdir/translations/qt_rative_ko.qm" ...
Log: Creating  "/home/runner/work/GoldenCheetah/GoldenCheetah/src/appdir/translations/qt_rative_lv.qm" ...
Log: Creating  "/home/runner/work/GoldenCheetah/GoldenCheetah/src/appdir/translations/qt_rative_nl.qm" ...
Log: Creating  "/home/runner/work/GoldenCheetah/GoldenCheetah/src/appdir/translations/qt_rative_nn.qm" ...
Log: Creating  "/home/runner/work/GoldenCheetah/GoldenCheetah/src/appdir/translations/qt_rative_pl.qm" ...
Log: Creating  "/home/runner/work/GoldenCheetah/GoldenCheetah/src/appdir/translations/qt_rative_pt_BR.qm" ...
Log: Creating  "/home/runner/work/GoldenCheetah/GoldenCheetah/src/appdir/translations/qt_rative_ru.qm" ...
Log: Creating  "/home/runner/work/GoldenCheetah/GoldenCheetah/src/appdir/translations/qt_rative_sk.qm" ...
Log: Creating  "/home/runner/work/GoldenCheetah/GoldenCheetah/src/appdir/translations/qt_rative_tr.qm" ...
Log: Creating  "/home/runner/work/GoldenCheetah/GoldenCheetah/src/appdir/translations/qt_rative_uk.qm" ...
Log: Creating  "/home/runner/work/GoldenCheetah/GoldenCheetah/src/appdir/translations/qt_rative_zh_CN.qm" ...
Log: Creating  "/home/runner/work/GoldenCheetah/GoldenCheetah/src/appdir/translations/qt_rative_zh_TW.qm" ...
Log: Creating  "/home/runner/work/GoldenCheetah/GoldenCheetah/src/appdir/translations/qt_ion_bg.qm" ...
Log: Creating  "/home/runner/work/GoldenCheetah/GoldenCheetah/src/appdir/translations/qt_ion_ca.qm" ...
Log: Creating  "/home/runner/work/GoldenCheetah/GoldenCheetah/src/appdir/translations/qt_ion_da.qm" ...
Log: Creating  "/home/runner/work/GoldenCheetah/GoldenCheetah/src/appdir/translations/qt_ion_de.qm" ...
Log: Creating  "/home/runner/work/GoldenCheetah/GoldenCheetah/src/appdir/translations/qt_ion_en.qm" ...
Log: Creating  "/home/runner/work/GoldenCheetah/GoldenCheetah/src/appdir/translations/qt_ion_es.qm" ...
Log: Creating  "/home/runner/work/GoldenCheetah/GoldenCheetah/src/appdir/translations/qt_ion_fi.qm" ...
Log: Creating  "/home/runner/work/GoldenCheetah/GoldenCheetah/src/appdir/translations/qt_ion_fr.qm" ...
Log: Creating  "/home/runner/work/GoldenCheetah/GoldenCheetah/src/appdir/translations/qt_ion_hr.qm" ...
Log: Creating  "/home/runner/work/GoldenCheetah/GoldenCheetah/src/appdir/translations/qt_ion_hu.qm" ...
Log: Creating  "/home/runner/work/GoldenCheetah/GoldenCheetah/src/appdir/translations/qt_ion_ka.qm" ...
Log: Creating  "/home/runner/work/GoldenCheetah/GoldenCheetah/src/appdir/translations/qt_ion_ko.qm" ...
Log: Creating  "/home/runner/work/GoldenCheetah/GoldenCheetah/src/appdir/translations/qt_ion_nl.qm" ...
Log: Creating  "/home/runner/work/GoldenCheetah/GoldenCheetah/src/appdir/translations/qt_ion_pl.qm" ...
Log: Creating  "/home/runner/work/GoldenCheetah/GoldenCheetah/src/appdir/translations/qt_ion_pt_BR.qm" ...
Log: Creating  "/home/runner/work/GoldenCheetah/GoldenCheetah/src/appdir/translations/qt_ion_ru.qm" ...
Log: Creating  "/home/runner/work/GoldenCheetah/GoldenCheetah/src/appdir/translations/qt_ion_tr.qm" ...
Log: Creating  "/home/runner/work/GoldenCheetah/GoldenCheetah/src/appdir/translations/qt_ion_uk.qm" ...
Log: Creating  "/home/runner/work/GoldenCheetah/GoldenCheetah/src/appdir/translations/qt_ion_zh_CN.qm" ...
Log: Creating  "/home/runner/work/GoldenCheetah/GoldenCheetah/src/appdir/translations/qt_media_ar.qm" ...
Log: Creating  "/home/runner/work/GoldenCheetah/GoldenCheetah/src/appdir/translations/qt_media_bg.qm" ...
Log: Creating  "/home/runner/work/GoldenCheetah/GoldenCheetah/src/appdir/translations/qt_media_ca.qm" ...
Log: Creating  "/home/runner/work/GoldenCheetah/GoldenCheetah/src/appdir/translations/qt_media_cs.qm" ...
Log: Creating  "/home/runner/work/GoldenCheetah/GoldenCheetah/src/appdir/translations/qt_media_da.qm" ...
Log: Creating  "/home/runner/work/GoldenCheetah/GoldenCheetah/src/appdir/translations/qt_media_de.qm" ...
Log: Creating  "/home/runner/work/GoldenCheetah/GoldenCheetah/src/appdir/translations/qt_media_en.qm" ...
Log: Creating  "/home/runner/work/GoldenCheetah/GoldenCheetah/src/appdir/translations/qt_media_es.qm" ...
Log: Creating  "/home/runner/work/GoldenCheetah/GoldenCheetah/src/appdir/translations/qt_media_fa.qm" ...
Log: Creating  "/home/runner/work/GoldenCheetah/GoldenCheetah/src/appdir/translations/qt_media_fi.qm" ...
Log: Creating  "/home/runner/work/GoldenCheetah/GoldenCheetah/src/appdir/translations/qt_media_fr.qm" ...
Log: Creating  "/home/runner/work/GoldenCheetah/GoldenCheetah/src/appdir/translations/qt_media_hr.qm" ...
Log: Creating  "/home/runner/work/GoldenCheetah/GoldenCheetah/src/appdir/translations/qt_media_hu.qm" ...
Log: Creating  "/home/runner/work/GoldenCheetah/GoldenCheetah/src/appdir/translations/qt_media_it.qm" ...
Log: Creating  "/home/runner/work/GoldenCheetah/GoldenCheetah/src/appdir/translations/qt_media_ja.qm" ...
Log: Creating  "/home/runner/work/GoldenCheetah/GoldenCheetah/src/appdir/translations/qt_media_ka.qm" ...
Log: Creating  "/home/runner/work/GoldenCheetah/GoldenCheetah/src/appdir/translations/qt_media_ko.qm" ...
Log: Creating  "/home/runner/work/GoldenCheetah/GoldenCheetah/src/appdir/translations/qt_media_nl.qm" ...
Log: Creating  "/home/runner/work/GoldenCheetah/GoldenCheetah/src/appdir/translations/qt_media_nn.qm" ...
Log: Creating  "/home/runner/work/GoldenCheetah/GoldenCheetah/src/appdir/translations/qt_media_pl.qm" ...
Log: Creating  "/home/runner/work/GoldenCheetah/GoldenCheetah/src/appdir/translations/qt_media_pt_BR.qm" ...
Log: Creating  "/home/runner/work/GoldenCheetah/GoldenCheetah/src/appdir/translations/qt_media_ru.qm" ...
Log: Creating  "/home/runner/work/GoldenCheetah/GoldenCheetah/src/appdir/translations/qt_media_sk.qm" ...
Log: Creating  "/home/runner/work/GoldenCheetah/GoldenCheetah/src/appdir/translations/qt_media_tr.qm" ...
Log: Creating  "/home/runner/work/GoldenCheetah/GoldenCheetah/src/appdir/translations/qt_media_uk.qm" ...
Log: Creating  "/home/runner/work/GoldenCheetah/GoldenCheetah/src/appdir/translations/qt_media_zh_CN.qm" ...
Log: Creating  "/home/runner/work/GoldenCheetah/GoldenCheetah/src/appdir/translations/qt_media_zh_TW.qm" ...
Log: Creating  "/home/runner/work/GoldenCheetah/GoldenCheetah/src/appdir/translations/qt_lport_de.qm" ...
Log: Creating  "/home/runner/work/GoldenCheetah/GoldenCheetah/src/appdir/translations/qt_lport_en.qm" ...
Log: Creating  "/home/runner/work/GoldenCheetah/GoldenCheetah/src/appdir/translations/qt_lport_es.qm" ...
Log: Creating  "/home/runner/work/GoldenCheetah/GoldenCheetah/src/appdir/translations/qt_lport_ja.qm" ...
Log: Creating  "/home/runner/work/GoldenCheetah/GoldenCheetah/src/appdir/translations/qt_lport_ka.qm" ...
Log: Creating  "/home/runner/work/GoldenCheetah/GoldenCheetah/src/appdir/translations/qt_lport_ko.qm" ...
Log: Creating  "/home/runner/work/GoldenCheetah/GoldenCheetah/src/appdir/translations/qt_lport_pl.qm" ...
Log: Creating  "/home/runner/work/GoldenCheetah/GoldenCheetah/src/appdir/translations/qt_lport_ru.qm" ...
Log: Creating  "/home/runner/work/GoldenCheetah/GoldenCheetah/src/appdir/translations/qt_lport_uk.qm" ...
Log: Creating  "/home/runner/work/GoldenCheetah/GoldenCheetah/src/appdir/translations/qt_lport_zh_CN.qm" ...
Log: Creating  "/home/runner/work/GoldenCheetah/GoldenCheetah/src/appdir/translations/qt_gine_ca.qm" ...
Log: Creating  "/home/runner/work/GoldenCheetah/GoldenCheetah/src/appdir/translations/qt_gine_de.qm" ...
Log: Creating  "/home/runner/work/GoldenCheetah/GoldenCheetah/src/appdir/translations/qt_gine_en.qm" ...
Log: Creating  "/home/runner/work/GoldenCheetah/GoldenCheetah/src/appdir/translations/qt_gine_es.qm" ...
Log: Creating  "/home/runner/work/GoldenCheetah/GoldenCheetah/src/appdir/translations/qt_gine_ka.qm" ...
Log: Creating  "/home/runner/work/GoldenCheetah/GoldenCheetah/src/appdir/translations/qt_gine_ko.qm" ...
Log: Creating  "/home/runner/work/GoldenCheetah/GoldenCheetah/src/appdir/translations/qt_gine_pl.qm" ...
Log: Creating  "/home/runner/work/GoldenCheetah/GoldenCheetah/src/appdir/translations/qt_gine_ru.qm" ...
Log: Creating  "/home/runner/work/GoldenCheetah/GoldenCheetah/src/appdir/translations/qt_gine_uk.qm" ...
Log: Creating  "/home/runner/work/GoldenCheetah/GoldenCheetah/src/appdir/translations/qt_gine_zh_CN.qm" ...
Log: Creating  "/home/runner/work/GoldenCheetah/GoldenCheetah/src/appdir/translations/qt_ckets_ca.qm" ...
Log: Creating  "/home/runner/work/GoldenCheetah/GoldenCheetah/src/appdir/translations/qt_ckets_de.qm" ...
Log: Creating  "/home/runner/work/GoldenCheetah/GoldenCheetah/src/appdir/translations/qt_ckets_en.qm" ...
Log: Creating  "/home/runner/work/GoldenCheetah/GoldenCheetah/src/appdir/translations/qt_ckets_es.qm" ...
Log: Creating  "/home/runner/work/GoldenCheetah/GoldenCheetah/src/appdir/translations/qt_ckets_fr.qm" ...
Log: Creating  "/home/runner/work/GoldenCheetah/GoldenCheetah/src/appdir/translations/qt_ckets_ja.qm" ...
Log: Creating  "/home/runner/work/GoldenCheetah/GoldenCheetah/src/appdir/translations/qt_ckets_ka.qm" ...
Log: Creating  "/home/runner/work/GoldenCheetah/GoldenCheetah/src/appdir/translations/qt_ckets_ko.qm" ...
Log: Creating  "/home/runner/work/GoldenCheetah/GoldenCheetah/src/appdir/translations/qt_ckets_pl.qm" ...
Log: Creating  "/home/runner/work/GoldenCheetah/GoldenCheetah/src/appdir/translations/qt_ckets_ru.qm" ...
Log: Creating  "/home/runner/work/GoldenCheetah/GoldenCheetah/src/appdir/translations/qt_ckets_uk.qm" ...
Log: Creating  "/home/runner/work/GoldenCheetah/GoldenCheetah/src/appdir/translations/qt_ckets_zh_CN.qm" ...

# Add Python and core modules
wget --no-verbose https://github.com/niess/python-appimage/releases/download/python3.7/python3.7.17-cp37-cp37m-manylinux1_x86_64.AppImage
2026-07-06 10:35:03 URL:https://release-assets.githubusercontent.com/github-production-release-asset/251001753/7a14564f-ce1e-4833-a8a7-ff808cc78b28?sp=r&sv=2018-11-09&sr=b&spr=https&se=2026-07-06T11%3A33%3A04Z&rscd=attachment%3B+filename%3Dpython3.7.17-cp37-cp37m-manylinux1_x86_64.AppImage&rsct=application%2Foctet-stream&skoid=96c2d410-5711-43a1-aedd-ab1947aa7ab0&sktid=398a6654-997b-47e9-b12b-9515b896b4de&skt=2026-07-06T10%3A32%3A52Z&ske=2026-07-06T11%3A33%3A04Z&sks=b&skv=2018-11-09&sig=ZXOaBzuH4hQsiky0B0LvaAUntRK824%2FXbcImMVASDGg%3D&jwt=eyJ0eXAiOiJKV1QiLCJhbGciOiJIUzI1NiJ9.eyJpc3MiOiJnaXRodWIuY29tIiwiYXVkIjoicmVsZWFzZS1hc3NldHMuZ2l0aHVidXNlcmNvbnRlbnQuY29tIiwia2V5Ijoia2V5MSIsImV4cCI6MTc4MzMzNTkwMywibmJmIjoxNzgzMzM0MTAzLCJwYXRoIjoicmVsZWFzZWFzc2V0cHJvZHVjdGlvbi5ibG9iLmNvcmUud2luZG93cy5uZXQifQ.-TeMRSy-avbT37w00mPO7-wwxVDyeBPreS1dwwSXO28&response-content-disposition=attachment%3B%20filename%3Dpython3.7.17-cp37-cp37m-manylinux1_x86_64.AppImage&response-content-type=application%2Foctet-stream [21192680/21192680] -> "python3.7.17-cp37-cp37m-manylinux1_x86_64.AppImage" [1]
chmod +x python3.7.17-cp37-cp37m-manylinux1_x86_64.AppImage
./python3.7.17-cp37-cp37m-manylinux1_x86_64.AppImage --appimage-extract
squashfs-root/.DirIcon
squashfs-root/AppRun
squashfs-root/opt
squashfs-root/opt/_internal
squashfs-root/opt/_internal/certs.pem
squashfs-root/opt/python3.7
squashfs-root/opt/python3.7/bin
squashfs-root/opt/python3.7/bin/pip3.7
squashfs-root/opt/python3.7/bin/python3.7
squashfs-root/opt/python3.7/include
squashfs-root/opt/python3.7/include/python3.7m
squashfs-root/opt/python3.7/include/python3.7m/Python-ast.h
squashfs-root/opt/python3.7/include/python3.7m/Python.h
squashfs-root/opt/python3.7/include/python3.7m/abstract.h
squashfs-root/opt/python3.7/include/python3.7m/accu.h
squashfs-root/opt/python3.7/include/python3.7m/asdl.h
squashfs-root/opt/python3.7/include/python3.7m/ast.h
squashfs-root/opt/python3.7/include/python3.7m/bitset.h
squashfs-root/opt/python3.7/include/python3.7m/bltinmodule.h
squashfs-root/opt/python3.7/include/python3.7m/boolobject.h
squashfs-root/opt/python3.7/include/python3.7m/bytearrayobject.h
squashfs-root/opt/python3.7/include/python3.7m/bytes_methods.h
squashfs-root/opt/python3.7/include/python3.7m/bytesobject.h
squashfs-root/opt/python3.7/include/python3.7m/cellobject.h
squashfs-root/opt/python3.7/include/python3.7m/ceval.h
squashfs-root/opt/python3.7/include/python3.7m/classobject.h
squashfs-root/opt/python3.7/include/python3.7m/code.h
squashfs-root/opt/python3.7/include/python3.7m/codecs.h
squashfs-root/opt/python3.7/include/python3.7m/compile.h
squashfs-root/opt/python3.7/include/python3.7m/complexobject.h
squashfs-root/opt/python3.7/include/python3.7m/context.h
squashfs-root/opt/python3.7/include/python3.7m/datetime.h
squashfs-root/opt/python3.7/include/python3.7m/descrobject.h
squashfs-root/opt/python3.7/include/python3.7m/dictobject.h
squashfs-root/opt/python3.7/include/python3.7m/dtoa.h
squashfs-root/opt/python3.7/include/python3.7m/dynamic_annotations.h
squashfs-root/opt/python3.7/include/python3.7m/enumobject.h
squashfs-root/opt/python3.7/include/python3.7m/errcode.h
squashfs-root/opt/python3.7/include/python3.7m/eval.h
squashfs-root/opt/python3.7/include/python3.7m/fileobject.h
squashfs-root/opt/python3.7/include/python3.7m/fileutils.h
squashfs-root/opt/python3.7/include/python3.7m/floatobject.h
squashfs-root/opt/python3.7/include/python3.7m/frameobject.h
squashfs-root/opt/python3.7/include/python3.7m/funcobject.h
squashfs-root/opt/python3.7/include/python3.7m/genobject.h
squashfs-root/opt/python3.7/include/python3.7m/graminit.h
squashfs-root/opt/python3.7/include/python3.7m/grammar.h
squashfs-root/opt/python3.7/include/python3.7m/import.h
squashfs-root/opt/python3.7/include/python3.7m/internal
squashfs-root/opt/python3.7/include/python3.7m/internal/ceval.h
squashfs-root/opt/python3.7/include/python3.7m/internal/condvar.h
squashfs-root/opt/python3.7/include/python3.7m/internal/context.h
squashfs-root/opt/python3.7/include/python3.7m/internal/gil.h
squashfs-root/opt/python3.7/include/python3.7m/internal/hamt.h
squashfs-root/opt/python3.7/include/python3.7m/internal/hash.h
squashfs-root/opt/python3.7/include/python3.7m/internal/import.h
squashfs-root/opt/python3.7/include/python3.7m/internal/mem.h
squashfs-root/opt/python3.7/include/python3.7m/internal/pycore_long.h
squashfs-root/opt/python3.7/include/python3.7m/internal/pygetopt.h
squashfs-root/opt/python3.7/include/python3.7m/internal/pystate.h
squashfs-root/opt/python3.7/include/python3.7m/internal/warnings.h
squashfs-root/opt/python3.7/include/python3.7m/intrcheck.h
squashfs-root/opt/python3.7/include/python3.7m/iterobject.h
squashfs-root/opt/python3.7/include/python3.7m/listobject.h
squashfs-root/opt/python3.7/include/python3.7m/longintrepr.h
squashfs-root/opt/python3.7/include/python3.7m/longobject.h
squashfs-root/opt/python3.7/include/python3.7m/marshal.h
squashfs-root/opt/python3.7/include/python3.7m/memoryobject.h
squashfs-root/opt/python3.7/include/python3.7m/metagrammar.h
squashfs-root/opt/python3.7/include/python3.7m/methodobject.h
squashfs-root/opt/python3.7/include/python3.7m/modsupport.h
squashfs-root/opt/python3.7/include/python3.7m/moduleobject.h
squashfs-root/opt/python3.7/include/python3.7m/namespaceobject.h
squashfs-root/opt/python3.7/include/python3.7m/node.h
squashfs-root/opt/python3.7/include/python3.7m/object.h
squashfs-root/opt/python3.7/include/python3.7m/objimpl.h
squashfs-root/opt/python3.7/include/python3.7m/odictobject.h
squashfs-root/opt/python3.7/include/python3.7m/opcode.h
squashfs-root/opt/python3.7/include/python3.7m/osdefs.h
squashfs-root/opt/python3.7/include/python3.7m/osmodule.h
squashfs-root/opt/python3.7/include/python3.7m/parsetok.h
squashfs-root/opt/python3.7/include/python3.7m/patchlevel.h
squashfs-root/opt/python3.7/include/python3.7m/pgen.h
squashfs-root/opt/python3.7/include/python3.7m/pgenheaders.h
squashfs-root/opt/python3.7/include/python3.7m/py_curses.h
squashfs-root/opt/python3.7/include/python3.7m/pyarena.h
squashfs-root/opt/python3.7/include/python3.7m/pyatomic.h
squashfs-root/opt/python3.7/include/python3.7m/pycapsule.h
squashfs-root/opt/python3.7/include/python3.7m/pyconfig.h
squashfs-root/opt/python3.7/include/python3.7m/pyctype.h
squashfs-root/opt/python3.7/include/python3.7m/pydebug.h
squashfs-root/opt/python3.7/include/python3.7m/pydtrace.h
squashfs-root/opt/python3.7/include/python3.7m/pyerrors.h
squashfs-root/opt/python3.7/include/python3.7m/pyexpat.h
squashfs-root/opt/python3.7/include/python3.7m/pyfpe.h
squashfs-root/opt/python3.7/include/python3.7m/pyhash.h
squashfs-root/opt/python3.7/include/python3.7m/pylifecycle.h
squashfs-root/opt/python3.7/include/python3.7m/pymacconfig.h
squashfs-root/opt/python3.7/include/python3.7m/pymacro.h
squashfs-root/opt/python3.7/include/python3.7m/pymath.h
squashfs-root/opt/python3.7/include/python3.7m/pymem.h
squashfs-root/opt/python3.7/include/python3.7m/pyport.h
squashfs-root/opt/python3.7/include/python3.7m/pystate.h
squashfs-root/opt/python3.7/include/python3.7m/pystrcmp.h
squashfs-root/opt/python3.7/include/python3.7m/pystrhex.h
squashfs-root/opt/python3.7/include/python3.7m/pystrtod.h
squashfs-root/opt/python3.7/include/python3.7m/pythonrun.h
squashfs-root/opt/python3.7/include/python3.7m/pythread.h
squashfs-root/opt/python3.7/include/python3.7m/pytime.h
squashfs-root/opt/python3.7/include/python3.7m/rangeobject.h
squashfs-root/opt/python3.7/include/python3.7m/setobject.h
squashfs-root/opt/python3.7/include/python3.7m/sliceobject.h
squashfs-root/opt/python3.7/include/python3.7m/structmember.h
squashfs-root/opt/python3.7/include/python3.7m/structseq.h
squashfs-root/opt/python3.7/include/python3.7m/symtable.h
squashfs-root/opt/python3.7/include/python3.7m/sysmodule.h
squashfs-root/opt/python3.7/include/python3.7m/token.h
squashfs-root/opt/python3.7/include/python3.7m/traceback.h
squashfs-root/opt/python3.7/include/python3.7m/tupleobject.h
squashfs-root/opt/python3.7/include/python3.7m/typeslots.h
squashfs-root/opt/python3.7/include/python3.7m/ucnhash.h
squashfs-root/opt/python3.7/include/python3.7m/unicodeobject.h
squashfs-root/opt/python3.7/include/python3.7m/warnings.h
squashfs-root/opt/python3.7/include/python3.7m/weakrefobject.h
squashfs-root/opt/python3.7/lib
squashfs-root/opt/python3.7/lib/python3.7
squashfs-root/opt/python3.7/lib/python3.7/LICENSE.txt
squashfs-root/opt/python3.7/lib/python3.7/__future__.py
squashfs-root/opt/python3.7/lib/python3.7/__phello__.foo.py
squashfs-root/opt/python3.7/lib/python3.7/__pycache__
squashfs-root/opt/python3.7/lib/python3.7/__pycache__/_bootlocale.cpython-37.pyc
squashfs-root/opt/python3.7/lib/python3.7/__pycache__/_collections_abc.cpython-37.pyc
squashfs-root/opt/python3.7/lib/python3.7/__pycache__/_compression.cpython-37.pyc
squashfs-root/opt/python3.7/lib/python3.7/__pycache__/_sitebuiltins.cpython-37.pyc
squashfs-root/opt/python3.7/lib/python3.7/__pycache__/_weakrefset.cpython-37.pyc
squashfs-root/opt/python3.7/lib/python3.7/__pycache__/abc.cpython-37.pyc
squashfs-root/opt/python3.7/lib/python3.7/__pycache__/argparse.cpython-37.pyc
squashfs-root/opt/python3.7/lib/python3.7/__pycache__/ast.cpython-37.pyc
squashfs-root/opt/python3.7/lib/python3.7/__pycache__/base64.cpython-37.pyc
squashfs-root/opt/python3.7/lib/python3.7/__pycache__/bisect.cpython-37.pyc
squashfs-root/opt/python3.7/lib/python3.7/__pycache__/bz2.cpython-37.pyc
squashfs-root/opt/python3.7/lib/python3.7/__pycache__/calendar.cpython-37.pyc
squashfs-root/opt/python3.7/lib/python3.7/__pycache__/codecs.cpython-37.pyc
squashfs-root/opt/python3.7/lib/python3.7/__pycache__/configparser.cpython-37.pyc
squashfs-root/opt/python3.7/lib/python3.7/__pycache__/contextlib.cpython-37.pyc
squashfs-root/opt/python3.7/lib/python3.7/__pycache__/copy.cpython-37.pyc
squashfs-root/opt/python3.7/lib/python3.7/__pycache__/copyreg.cpython-37.pyc
squashfs-root/opt/python3.7/lib/python3.7/__pycache__/csv.cpython-37.pyc
squashfs-root/opt/python3.7/lib/python3.7/__pycache__/dataclasses.cpython-37.pyc
squashfs-root/opt/python3.7/lib/python3.7/__pycache__/datetime.cpython-37.pyc
squashfs-root/opt/python3.7/lib/python3.7/__pycache__/dis.cpython-37.pyc
squashfs-root/opt/python3.7/lib/python3.7/__pycache__/enum.cpython-37.pyc
squashfs-root/opt/python3.7/lib/python3.7/__pycache__/fnmatch.cpython-37.pyc
squashfs-root/opt/python3.7/lib/python3.7/__pycache__/functools.cpython-37.pyc
squashfs-root/opt/python3.7/lib/python3.7/__pycache__/genericpath.cpython-37.pyc
squashfs-root/opt/python3.7/lib/python3.7/__pycache__/getopt.cpython-37.pyc
squashfs-root/opt/python3.7/lib/python3.7/__pycache__/gettext.cpython-37.pyc
squashfs-root/opt/python3.7/lib/python3.7/__pycache__/glob.cpython-37.pyc
squashfs-root/opt/python3.7/lib/python3.7/__pycache__/hashlib.cpython-37.pyc
squashfs-root/opt/python3.7/lib/python3.7/__pycache__/heapq.cpython-37.pyc
squashfs-root/opt/python3.7/lib/python3.7/__pycache__/inspect.cpython-37.pyc
squashfs-root/opt/python3.7/lib/python3.7/__pycache__/io.cpython-37.pyc
squashfs-root/opt/python3.7/lib/python3.7/__pycache__/keyword.cpython-37.pyc
squashfs-root/opt/python3.7/lib/python3.7/__pycache__/linecache.cpython-37.pyc
squashfs-root/opt/python3.7/lib/python3.7/__pycache__/locale.cpython-37.pyc
squashfs-root/opt/python3.7/lib/python3.7/__pycache__/lzma.cpython-37.pyc
squashfs-root/opt/python3.7/lib/python3.7/__pycache__/ntpath.cpython-37.pyc
squashfs-root/opt/python3.7/lib/python3.7/__pycache__/numbers.cpython-37.pyc
squashfs-root/opt/python3.7/lib/python3.7/__pycache__/opcode.cpython-37.pyc
squashfs-root/opt/python3.7/lib/python3.7/__pycache__/operator.cpython-37.pyc
squashfs-root/opt/python3.7/lib/python3.7/__pycache__/os.cpython-37.pyc
squashfs-root/opt/python3.7/lib/python3.7/__pycache__/pathlib.cpython-37.pyc
squashfs-root/opt/python3.7/lib/python3.7/__pycache__/pkgutil.cpython-37.pyc
squashfs-root/opt/python3.7/lib/python3.7/__pycache__/platform.cpython-37.pyc
squashfs-root/opt/python3.7/lib/python3.7/__pycache__/posixpath.cpython-37.pyc
squashfs-root/opt/python3.7/lib/python3.7/__pycache__/queue.cpython-37.pyc
squashfs-root/opt/python3.7/lib/python3.7/__pycache__/quopri.cpython-37.pyc
squashfs-root/opt/python3.7/lib/python3.7/__pycache__/random.cpython-37.pyc
squashfs-root/opt/python3.7/lib/python3.7/__pycache__/re.cpython-37.pyc
squashfs-root/opt/python3.7/lib/python3.7/__pycache__/reprlib.cpython-37.pyc
squashfs-root/opt/python3.7/lib/python3.7/__pycache__/runpy.cpython-37.pyc
squashfs-root/opt/python3.7/lib/python3.7/__pycache__/selectors.cpython-37.pyc
squashfs-root/opt/python3.7/lib/python3.7/__pycache__/shutil.cpython-37.pyc
squashfs-root/opt/python3.7/lib/python3.7/__pycache__/signal.cpython-37.pyc
squashfs-root/opt/python3.7/lib/python3.7/__pycache__/site.cpython-37.pyc
squashfs-root/opt/python3.7/lib/python3.7/__pycache__/socket.cpython-37.pyc
squashfs-root/opt/python3.7/lib/python3.7/__pycache__/sre_compile.cpython-37.pyc
squashfs-root/opt/python3.7/lib/python3.7/__pycache__/sre_constants.cpython-37.pyc
squashfs-root/opt/python3.7/lib/python3.7/__pycache__/sre_parse.cpython-37.pyc
squashfs-root/opt/python3.7/lib/python3.7/__pycache__/ssl.cpython-37.pyc
squashfs-root/opt/python3.7/lib/python3.7/__pycache__/stat.cpython-37.pyc
squashfs-root/opt/python3.7/lib/python3.7/__pycache__/string.cpython-37.pyc
squashfs-root/opt/python3.7/lib/python3.7/__pycache__/stringprep.cpython-37.pyc
squashfs-root/opt/python3.7/lib/python3.7/__pycache__/struct.cpython-37.pyc
squashfs-root/opt/python3.7/lib/python3.7/__pycache__/subprocess.cpython-37.pyc
squashfs-root/opt/python3.7/lib/python3.7/__pycache__/sysconfig.cpython-37.pyc
squashfs-root/opt/python3.7/lib/python3.7/__pycache__/tempfile.cpython-37.pyc
squashfs-root/opt/python3.7/lib/python3.7/__pycache__/textwrap.cpython-37.pyc
squashfs-root/opt/python3.7/lib/python3.7/__pycache__/threading.cpython-37.pyc
squashfs-root/opt/python3.7/lib/python3.7/__pycache__/token.cpython-37.pyc
squashfs-root/opt/python3.7/lib/python3.7/__pycache__/tokenize.cpython-37.pyc
squashfs-root/opt/python3.7/lib/python3.7/__pycache__/traceback.cpython-37.pyc
squashfs-root/opt/python3.7/lib/python3.7/__pycache__/types.cpython-37.pyc
squashfs-root/opt/python3.7/lib/python3.7/__pycache__/typing.cpython-37.pyc
squashfs-root/opt/python3.7/lib/python3.7/__pycache__/uu.cpython-37.pyc
squashfs-root/opt/python3.7/lib/python3.7/__pycache__/warnings.cpython-37.pyc
squashfs-root/opt/python3.7/lib/python3.7/__pycache__/weakref.cpython-37.pyc
squashfs-root/opt/python3.7/lib/python3.7/__pycache__/zipfile.cpython-37.pyc
squashfs-root/opt/python3.7/lib/python3.7/_bootlocale.py
squashfs-root/opt/python3.7/lib/python3.7/_collections_abc.py
squashfs-root/opt/python3.7/lib/python3.7/_compat_pickle.py
squashfs-root/opt/python3.7/lib/python3.7/_compression.py
squashfs-root/opt/python3.7/lib/python3.7/_dummy_thread.py
squashfs-root/opt/python3.7/lib/python3.7/_markupbase.py
squashfs-root/opt/python3.7/lib/python3.7/_osx_support.py
squashfs-root/opt/python3.7/lib/python3.7/_py_abc.py
squashfs-root/opt/python3.7/lib/python3.7/_pydecimal.py
squashfs-root/opt/python3.7/lib/python3.7/_pyio.py
squashfs-root/opt/python3.7/lib/python3.7/_sitebuiltins.py
squashfs-root/opt/python3.7/lib/python3.7/_strptime.py
squashfs-root/opt/python3.7/lib/python3.7/_sysconfigdata_m_linux_x86_64-linux-gnu.py
squashfs-root/opt/python3.7/lib/python3.7/_threading_local.py
squashfs-root/opt/python3.7/lib/python3.7/_weakrefset.py
squashfs-root/opt/python3.7/lib/python3.7/abc.py
squashfs-root/opt/python3.7/lib/python3.7/aifc.py
squashfs-root/opt/python3.7/lib/python3.7/antigravity.py
squashfs-root/opt/python3.7/lib/python3.7/argparse.py
squashfs-root/opt/python3.7/lib/python3.7/ast.py
squashfs-root/opt/python3.7/lib/python3.7/asynchat.py
squashfs-root/opt/python3.7/lib/python3.7/asyncio
squashfs-root/opt/python3.7/lib/python3.7/asyncio/__init__.py
squashfs-root/opt/python3.7/lib/python3.7/asyncio/__pycache__
squashfs-root/opt/python3.7/lib/python3.7/asyncio/base_events.py
squashfs-root/opt/python3.7/lib/python3.7/asyncio/base_futures.py
squashfs-root/opt/python3.7/lib/python3.7/asyncio/base_subprocess.py
squashfs-root/opt/python3.7/lib/python3.7/asyncio/base_tasks.py
squashfs-root/opt/python3.7/lib/python3.7/asyncio/constants.py
squashfs-root/opt/python3.7/lib/python3.7/asyncio/coroutines.py
squashfs-root/opt/python3.7/lib/python3.7/asyncio/events.py
squashfs-root/opt/python3.7/lib/python3.7/asyncio/format_helpers.py
squashfs-root/opt/python3.7/lib/python3.7/asyncio/futures.py
squashfs-root/opt/python3.7/lib/python3.7/asyncio/locks.py
squashfs-root/opt/python3.7/lib/python3.7/asyncio/log.py
squashfs-root/opt/python3.7/lib/python3.7/asyncio/proactor_events.py
squashfs-root/opt/python3.7/lib/python3.7/asyncio/protocols.py
squashfs-root/opt/python3.7/lib/python3.7/asyncio/queues.py
squashfs-root/opt/python3.7/lib/python3.7/asyncio/runners.py
squashfs-root/opt/python3.7/lib/python3.7/asyncio/selector_events.py
squashfs-root/opt/python3.7/lib/python3.7/asyncio/sslproto.py
squashfs-root/opt/python3.7/lib/python3.7/asyncio/streams.py
squashfs-root/opt/python3.7/lib/python3.7/asyncio/subprocess.py
squashfs-root/opt/python3.7/lib/python3.7/asyncio/tasks.py
squashfs-root/opt/python3.7/lib/python3.7/asyncio/transports.py
squashfs-root/opt/python3.7/lib/python3.7/asyncio/unix_events.py
squashfs-root/opt/python3.7/lib/python3.7/asyncio/windows_events.py
squashfs-root/opt/python3.7/lib/python3.7/asyncio/windows_utils.py
squashfs-root/opt/python3.7/lib/python3.7/asyncore.py
squashfs-root/opt/python3.7/lib/python3.7/base64.py
squashfs-root/opt/python3.7/lib/python3.7/bdb.py
squashfs-root/opt/python3.7/lib/python3.7/binhex.py
squashfs-root/opt/python3.7/lib/python3.7/bisect.py
squashfs-root/opt/python3.7/lib/python3.7/bz2.py
squashfs-root/opt/python3.7/lib/python3.7/cProfile.py
squashfs-root/opt/python3.7/lib/python3.7/calendar.py
squashfs-root/opt/python3.7/lib/python3.7/cgi.py
squashfs-root/opt/python3.7/lib/python3.7/cgitb.py
squashfs-root/opt/python3.7/lib/python3.7/chunk.py
squashfs-root/opt/python3.7/lib/python3.7/cmd.py
squashfs-root/opt/python3.7/lib/python3.7/code.py
squashfs-root/opt/python3.7/lib/python3.7/codecs.py
squashfs-root/opt/python3.7/lib/python3.7/codeop.py
squashfs-root/opt/python3.7/lib/python3.7/collections
squashfs-root/opt/python3.7/lib/python3.7/collections/__init__.py
squashfs-root/opt/python3.7/lib/python3.7/collections/__pycache__
squashfs-root/opt/python3.7/lib/python3.7/collections/__pycache__/__init__.cpython-37.pyc
squashfs-root/opt/python3.7/lib/python3.7/collections/__pycache__/abc.cpython-37.pyc
squashfs-root/opt/python3.7/lib/python3.7/collections/abc.py
squashfs-root/opt/python3.7/lib/python3.7/colorsys.py
squashfs-root/opt/python3.7/lib/python3.7/compileall.py
squashfs-root/opt/python3.7/lib/python3.7/concurrent
squashfs-root/opt/python3.7/lib/python3.7/concurrent/__init__.py
squashfs-root/opt/python3.7/lib/python3.7/concurrent/__pycache__
squashfs-root/opt/python3.7/lib/python3.7/concurrent/futures
squashfs-root/opt/python3.7/lib/python3.7/concurrent/futures/__init__.py
squashfs-root/opt/python3.7/lib/python3.7/concurrent/futures/__pycache__
squashfs-root/opt/python3.7/lib/python3.7/concurrent/futures/_base.py
squashfs-root/opt/python3.7/lib/python3.7/concurrent/futures/process.py
squashfs-root/opt/python3.7/lib/python3.7/concurrent/futures/thread.py
squashfs-root/opt/python3.7/lib/python3.7/configparser.py
squashfs-root/opt/python3.7/lib/python3.7/contextlib.py
squashfs-root/opt/python3.7/lib/python3.7/contextvars.py
squashfs-root/opt/python3.7/lib/python3.7/copy.py
squashfs-root/opt/python3.7/lib/python3.7/copyreg.py
squashfs-root/opt/python3.7/lib/python3.7/crypt.py
squashfs-root/opt/python3.7/lib/python3.7/csv.py
squashfs-root/opt/python3.7/lib/python3.7/ctypes
squashfs-root/opt/python3.7/lib/python3.7/ctypes/__init__.py
squashfs-root/opt/python3.7/lib/python3.7/ctypes/__pycache__
squashfs-root/opt/python3.7/lib/python3.7/ctypes/__pycache__/__init__.cpython-37.pyc
squashfs-root/opt/python3.7/lib/python3.7/ctypes/__pycache__/_endian.cpython-37.pyc
squashfs-root/opt/python3.7/lib/python3.7/ctypes/_aix.py
squashfs-root/opt/python3.7/lib/python3.7/ctypes/_endian.py
squashfs-root/opt/python3.7/lib/python3.7/ctypes/macholib
squashfs-root/opt/python3.7/lib/python3.7/ctypes/macholib/README.ctypes
squashfs-root/opt/python3.7/lib/python3.7/ctypes/macholib/__init__.py
squashfs-root/opt/python3.7/lib/python3.7/ctypes/macholib/__pycache__
squashfs-root/opt/python3.7/lib/python3.7/ctypes/macholib/dyld.py
squashfs-root/opt/python3.7/lib/python3.7/ctypes/macholib/dylib.py
squashfs-root/opt/python3.7/lib/python3.7/ctypes/macholib/fetch_macholib
squashfs-root/opt/python3.7/lib/python3.7/ctypes/macholib/fetch_macholib.bat
squashfs-root/opt/python3.7/lib/python3.7/ctypes/macholib/framework.py
squashfs-root/opt/python3.7/lib/python3.7/ctypes/util.py
squashfs-root/opt/python3.7/lib/python3.7/ctypes/wintypes.py
squashfs-root/opt/python3.7/lib/python3.7/curses
squashfs-root/opt/python3.7/lib/python3.7/curses/__init__.py
squashfs-root/opt/python3.7/lib/python3.7/curses/__pycache__
squashfs-root/opt/python3.7/lib/python3.7/curses/ascii.py
squashfs-root/opt/python3.7/lib/python3.7/curses/has_key.py
squashfs-root/opt/python3.7/lib/python3.7/curses/panel.py
squashfs-root/opt/python3.7/lib/python3.7/curses/textpad.py
squashfs-root/opt/python3.7/lib/python3.7/dataclasses.py
squashfs-root/opt/python3.7/lib/python3.7/datetime.py
squashfs-root/opt/python3.7/lib/python3.7/dbm
squashfs-root/opt/python3.7/lib/python3.7/dbm/__init__.py
squashfs-root/opt/python3.7/lib/python3.7/dbm/__pycache__
squashfs-root/opt/python3.7/lib/python3.7/dbm/dumb.py
squashfs-root/opt/python3.7/lib/python3.7/dbm/gnu.py
squashfs-root/opt/python3.7/lib/python3.7/dbm/ndbm.py
squashfs-root/opt/python3.7/lib/python3.7/decimal.py
squashfs-root/opt/python3.7/lib/python3.7/difflib.py
squashfs-root/opt/python3.7/lib/python3.7/dis.py
squashfs-root/opt/python3.7/lib/python3.7/distutils
squashfs-root/opt/python3.7/lib/python3.7/distutils/README
squashfs-root/opt/python3.7/lib/python3.7/distutils/__init__.py
squashfs-root/opt/python3.7/lib/python3.7/distutils/__pycache__
squashfs-root/opt/python3.7/lib/python3.7/distutils/_msvccompiler.py
squashfs-root/opt/python3.7/lib/python3.7/distutils/archive_util.py
squashfs-root/opt/python3.7/lib/python3.7/distutils/bcppcompiler.py
squashfs-root/opt/python3.7/lib/python3.7/distutils/ccompiler.py
squashfs-root/opt/python3.7/lib/python3.7/distutils/cmd.py
squashfs-root/opt/python3.7/lib/python3.7/distutils/command
squashfs-root/opt/python3.7/lib/python3.7/distutils/command/__init__.py
squashfs-root/opt/python3.7/lib/python3.7/distutils/command/__pycache__
squashfs-root/opt/python3.7/lib/python3.7/distutils/command/bdist.py
squashfs-root/opt/python3.7/lib/python3.7/distutils/command/bdist_dumb.py
squashfs-root/opt/python3.7/lib/python3.7/distutils/command/bdist_msi.py
squashfs-root/opt/python3.7/lib/python3.7/distutils/command/bdist_rpm.py
squashfs-root/opt/python3.7/lib/python3.7/distutils/command/bdist_wininst.py
squashfs-root/opt/python3.7/lib/python3.7/distutils/command/build.py
squashfs-root/opt/python3.7/lib/python3.7/distutils/command/build_clib.py
squashfs-root/opt/python3.7/lib/python3.7/distutils/command/build_ext.py
squashfs-root/opt/python3.7/lib/python3.7/distutils/command/build_py.py
squashfs-root/opt/python3.7/lib/python3.7/distutils/command/build_scripts.py
squashfs-root/opt/python3.7/lib/python3.7/distutils/command/check.py
squashfs-root/opt/python3.7/lib/python3.7/distutils/command/clean.py
squashfs-root/opt/python3.7/lib/python3.7/distutils/command/command_template
squashfs-root/opt/python3.7/lib/python3.7/distutils/command/config.py
squashfs-root/opt/python3.7/lib/python3.7/distutils/command/install.py
squashfs-root/opt/python3.7/lib/python3.7/distutils/command/install_data.py
squashfs-root/opt/python3.7/lib/python3.7/distutils/command/install_egg_info.py
squashfs-root/opt/python3.7/lib/python3.7/distutils/command/install_headers.py
squashfs-root/opt/python3.7/lib/python3.7/distutils/command/install_lib.py
squashfs-root/opt/python3.7/lib/python3.7/distutils/command/install_scripts.py
squashfs-root/opt/python3.7/lib/python3.7/distutils/command/register.py
squashfs-root/opt/python3.7/lib/python3.7/distutils/command/sdist.py
squashfs-root/opt/python3.7/lib/python3.7/distutils/command/upload.py
squashfs-root/opt/python3.7/lib/python3.7/distutils/command/wininst-10.0-amd64.exe
squashfs-root/opt/python3.7/lib/python3.7/distutils/command/wininst-10.0.exe
squashfs-root/opt/python3.7/lib/python3.7/distutils/command/wininst-14.0-amd64.exe
squashfs-root/opt/python3.7/lib/python3.7/distutils/command/wininst-14.0.exe
squashfs-root/opt/python3.7/lib/python3.7/distutils/command/wininst-6.0.exe
squashfs-root/opt/python3.7/lib/python3.7/distutils/command/wininst-7.1.exe
squashfs-root/opt/python3.7/lib/python3.7/distutils/command/wininst-8.0.exe
squashfs-root/opt/python3.7/lib/python3.7/distutils/command/wininst-9.0-amd64.exe
squashfs-root/opt/python3.7/lib/python3.7/distutils/command/wininst-9.0.exe
squashfs-root/opt/python3.7/lib/python3.7/distutils/config.py
squashfs-root/opt/python3.7/lib/python3.7/distutils/core.py
squashfs-root/opt/python3.7/lib/python3.7/distutils/cygwinccompiler.py
squashfs-root/opt/python3.7/lib/python3.7/distutils/debug.py
squashfs-root/opt/python3.7/lib/python3.7/distutils/dep_util.py
squashfs-root/opt/python3.7/lib/python3.7/distutils/dir_util.py
squashfs-root/opt/python3.7/lib/python3.7/distutils/dist.py
squashfs-root/opt/python3.7/lib/python3.7/distutils/errors.py
squashfs-root/opt/python3.7/lib/python3.7/distutils/extension.py
squashfs-root/opt/python3.7/lib/python3.7/distutils/fancy_getopt.py
squashfs-root/opt/python3.7/lib/python3.7/distutils/file_util.py
squashfs-root/opt/python3.7/lib/python3.7/distutils/filelist.py
squashfs-root/opt/python3.7/lib/python3.7/distutils/log.py
squashfs-root/opt/python3.7/lib/python3.7/distutils/msvc9compiler.py
squashfs-root/opt/python3.7/lib/python3.7/distutils/msvccompiler.py
squashfs-root/opt/python3.7/lib/python3.7/distutils/spawn.py
squashfs-root/opt/python3.7/lib/python3.7/distutils/sysconfig.py
squashfs-root/opt/python3.7/lib/python3.7/distutils/text_file.py
squashfs-root/opt/python3.7/lib/python3.7/distutils/unixccompiler.py
squashfs-root/opt/python3.7/lib/python3.7/distutils/util.py
squashfs-root/opt/python3.7/lib/python3.7/distutils/version.py
squashfs-root/opt/python3.7/lib/python3.7/distutils/versionpredicate.py
squashfs-root/opt/python3.7/lib/python3.7/doctest.py
squashfs-root/opt/python3.7/lib/python3.7/dummy_threading.py
squashfs-root/opt/python3.7/lib/python3.7/email
squashfs-root/opt/python3.7/lib/python3.7/email/__init__.py
squashfs-root/opt/python3.7/lib/python3.7/email/__pycache__
squashfs-root/opt/python3.7/lib/python3.7/email/__pycache__/__init__.cpython-37.pyc
squashfs-root/opt/python3.7/lib/python3.7/email/__pycache__/_encoded_words.cpython-37.pyc
squashfs-root/opt/python3.7/lib/python3.7/email/__pycache__/_header_value_parser.cpython-37.pyc
squashfs-root/opt/python3.7/lib/python3.7/email/__pycache__/_parseaddr.cpython-37.pyc
squashfs-root/opt/python3.7/lib/python3.7/email/__pycache__/_policybase.cpython-37.pyc
squashfs-root/opt/python3.7/lib/python3.7/email/__pycache__/base64mime.cpython-37.pyc
squashfs-root/opt/python3.7/lib/python3.7/email/__pycache__/charset.cpython-37.pyc
squashfs-root/opt/python3.7/lib/python3.7/email/__pycache__/encoders.cpython-37.pyc
squashfs-root/opt/python3.7/lib/python3.7/email/__pycache__/errors.cpython-37.pyc
squashfs-root/opt/python3.7/lib/python3.7/email/__pycache__/feedparser.cpython-37.pyc
squashfs-root/opt/python3.7/lib/python3.7/email/__pycache__/header.cpython-37.pyc
squashfs-root/opt/python3.7/lib/python3.7/email/__pycache__/headerregistry.cpython-37.pyc
squashfs-root/opt/python3.7/lib/python3.7/email/__pycache__/iterators.cpython-37.pyc
squashfs-root/opt/python3.7/lib/python3.7/email/__pycache__/message.cpython-37.pyc
squashfs-root/opt/python3.7/lib/python3.7/email/__pycache__/parser.cpython-37.pyc
squashfs-root/opt/python3.7/lib/python3.7/email/__pycache__/quoprimime.cpython-37.pyc
squashfs-root/opt/python3.7/lib/python3.7/email/__pycache__/utils.cpython-37.pyc
squashfs-root/opt/python3.7/lib/python3.7/email/_encoded_words.py
squashfs-root/opt/python3.7/lib/python3.7/email/_header_value_parser.py
squashfs-root/opt/python3.7/lib/python3.7/email/_parseaddr.py
squashfs-root/opt/python3.7/lib/python3.7/email/_policybase.py
squashfs-root/opt/python3.7/lib/python3.7/email/architecture.rst
squashfs-root/opt/python3.7/lib/python3.7/email/base64mime.py
squashfs-root/opt/python3.7/lib/python3.7/email/charset.py
squashfs-root/opt/python3.7/lib/python3.7/email/contentmanager.py
squashfs-root/opt/python3.7/lib/python3.7/email/encoders.py
squashfs-root/opt/python3.7/lib/python3.7/email/errors.py
squashfs-root/opt/python3.7/lib/python3.7/email/feedparser.py
squashfs-root/opt/python3.7/lib/python3.7/email/generator.py
squashfs-root/opt/python3.7/lib/python3.7/email/header.py
squashfs-root/opt/python3.7/lib/python3.7/email/headerregistry.py
squashfs-root/opt/python3.7/lib/python3.7/email/iterators.py
squashfs-root/opt/python3.7/lib/python3.7/email/message.py
squashfs-root/opt/python3.7/lib/python3.7/email/mime
squashfs-root/opt/python3.7/lib/python3.7/email/mime/__init__.py
squashfs-root/opt/python3.7/lib/python3.7/email/mime/__pycache__
squashfs-root/opt/python3.7/lib/python3.7/email/mime/application.py
squashfs-root/opt/python3.7/lib/python3.7/email/mime/audio.py
squashfs-root/opt/python3.7/lib/python3.7/email/mime/base.py
squashfs-root/opt/python3.7/lib/python3.7/email/mime/image.py
squashfs-root/opt/python3.7/lib/python3.7/email/mime/message.py
squashfs-root/opt/python3.7/lib/python3.7/email/mime/multipart.py
squashfs-root/opt/python3.7/lib/python3.7/email/mime/nonmultipart.py
squashfs-root/opt/python3.7/lib/python3.7/email/mime/text.py
squashfs-root/opt/python3.7/lib/python3.7/email/parser.py
squashfs-root/opt/python3.7/lib/python3.7/email/policy.py
squashfs-root/opt/python3.7/lib/python3.7/email/quoprimime.py
squashfs-root/opt/python3.7/lib/python3.7/email/utils.py
squashfs-root/opt/python3.7/lib/python3.7/encodings
squashfs-root/opt/python3.7/lib/python3.7/encodings/__init__.py
squashfs-root/opt/python3.7/lib/python3.7/encodings/__pycache__
squashfs-root/opt/python3.7/lib/python3.7/encodings/__pycache__/__init__.cpython-37.pyc
squashfs-root/opt/python3.7/lib/python3.7/encodings/__pycache__/aliases.cpython-37.pyc
squashfs-root/opt/python3.7/lib/python3.7/encodings/__pycache__/idna.cpython-37.pyc
squashfs-root/opt/python3.7/lib/python3.7/encodings/__pycache__/latin_1.cpython-37.pyc
squashfs-root/opt/python3.7/lib/python3.7/encodings/__pycache__/utf_8.cpython-37.pyc
squashfs-root/opt/python3.7/lib/python3.7/encodings/aliases.py
squashfs-root/opt/python3.7/lib/python3.7/encodings/ascii.py
squashfs-root/opt/python3.7/lib/python3.7/encodings/base64_codec.py
squashfs-root/opt/python3.7/lib/python3.7/encodings/big5.py
squashfs-root/opt/python3.7/lib/python3.7/encodings/big5hkscs.py
squashfs-root/opt/python3.7/lib/python3.7/encodings/bz2_codec.py
squashfs-root/opt/python3.7/lib/python3.7/encodings/charmap.py
squashfs-root/opt/python3.7/lib/python3.7/encodings/cp037.py
squashfs-root/opt/python3.7/lib/python3.7/encodings/cp1006.py
squashfs-root/opt/python3.7/lib/python3.7/encodings/cp1026.py
squashfs-root/opt/python3.7/lib/python3.7/encodings/cp1125.py
squashfs-root/opt/python3.7/lib/python3.7/encodings/cp1140.py
squashfs-root/opt/python3.7/lib/python3.7/encodings/cp1250.py
squashfs-root/opt/python3.7/lib/python3.7/encodings/cp1251.py
squashfs-root/opt/python3.7/lib/python3.7/encodings/cp1252.py
squashfs-root/opt/python3.7/lib/python3.7/encodings/cp1253.py
squashfs-root/opt/python3.7/lib/python3.7/encodings/cp1254.py
squashfs-root/opt/python3.7/lib/python3.7/encodings/cp1255.py
squashfs-root/opt/python3.7/lib/python3.7/encodings/cp1256.py
squashfs-root/opt/python3.7/lib/python3.7/encodings/cp1257.py
squashfs-root/opt/python3.7/lib/python3.7/encodings/cp1258.py
squashfs-root/opt/python3.7/lib/python3.7/encodings/cp273.py
squashfs-root/opt/python3.7/lib/python3.7/encodings/cp424.py
squashfs-root/opt/python3.7/lib/python3.7/encodings/cp437.py
squashfs-root/opt/python3.7/lib/python3.7/encodings/cp500.py
squashfs-root/opt/python3.7/lib/python3.7/encodings/cp65001.py
squashfs-root/opt/python3.7/lib/python3.7/encodings/cp720.py
squashfs-root/opt/python3.7/lib/python3.7/encodings/cp737.py
squashfs-root/opt/python3.7/lib/python3.7/encodings/cp775.py
squashfs-root/opt/python3.7/lib/python3.7/encodings/cp850.py
squashfs-root/opt/python3.7/lib/python3.7/encodings/cp852.py
squashfs-root/opt/python3.7/lib/python3.7/encodings/cp855.py
squashfs-root/opt/python3.7/lib/python3.7/encodings/cp856.py
squashfs-root/opt/python3.7/lib/python3.7/encodings/cp857.py
squashfs-root/opt/python3.7/lib/python3.7/encodings/cp858.py
squashfs-root/opt/python3.7/lib/python3.7/encodings/cp860.py
squashfs-root/opt/python3.7/lib/python3.7/encodings/cp861.py
squashfs-root/opt/python3.7/lib/python3.7/encodings/cp862.py
squashfs-root/opt/python3.7/lib/python3.7/encodings/cp863.py
squashfs-root/opt/python3.7/lib/python3.7/encodings/cp864.py
squashfs-root/opt/python3.7/lib/python3.7/encodings/cp865.py
squashfs-root/opt/python3.7/lib/python3.7/encodings/cp866.py
squashfs-root/opt/python3.7/lib/python3.7/encodings/cp869.py
squashfs-root/opt/python3.7/lib/python3.7/encodings/cp874.py
squashfs-root/opt/python3.7/lib/python3.7/encodings/cp875.py
squashfs-root/opt/python3.7/lib/python3.7/encodings/cp932.py
squashfs-root/opt/python3.7/lib/python3.7/encodings/cp949.py
squashfs-root/opt/python3.7/lib/python3.7/encodings/cp950.py
squashfs-root/opt/python3.7/lib/python3.7/encodings/euc_jis_2004.py
squashfs-root/opt/python3.7/lib/python3.7/encodings/euc_jisx0213.py
squashfs-root/opt/python3.7/lib/python3.7/encodings/euc_jp.py
squashfs-root/opt/python3.7/lib/python3.7/encodings/euc_kr.py
squashfs-root/opt/python3.7/lib/python3.7/encodings/gb18030.py
squashfs-root/opt/python3.7/lib/python3.7/encodings/gb2312.py
squashfs-root/opt/python3.7/lib/python3.7/encodings/gbk.py
squashfs-root/opt/python3.7/lib/python3.7/encodings/hex_codec.py
squashfs-root/opt/python3.7/lib/python3.7/encodings/hp_roman8.py
squashfs-root/opt/python3.7/lib/python3.7/encodings/hz.py
squashfs-root/opt/python3.7/lib/python3.7/encodings/idna.py
squashfs-root/opt/python3.7/lib/python3.7/encodings/iso2022_jp.py
squashfs-root/opt/python3.7/lib/python3.7/encodings/iso2022_jp_1.py
squashfs-root/opt/python3.7/lib/python3.7/encodings/iso2022_jp_2.py
squashfs-root/opt/python3.7/lib/python3.7/encodings/iso2022_jp_2004.py
squashfs-root/opt/python3.7/lib/python3.7/encodings/iso2022_jp_3.py
squashfs-root/opt/python3.7/lib/python3.7/encodings/iso2022_jp_ext.py
squashfs-root/opt/python3.7/lib/python3.7/encodings/iso2022_kr.py
squashfs-root/opt/python3.7/lib/python3.7/encodings/iso8859_1.py
squashfs-root/opt/python3.7/lib/python3.7/encodings/iso8859_10.py
squashfs-root/opt/python3.7/lib/python3.7/encodings/iso8859_11.py
squashfs-root/opt/python3.7/lib/python3.7/encodings/iso8859_13.py
squashfs-root/opt/python3.7/lib/python3.7/encodings/iso8859_14.py
squashfs-root/opt/python3.7/lib/python3.7/encodings/iso8859_15.py
squashfs-root/opt/python3.7/lib/python3.7/encodings/iso8859_16.py
squashfs-root/opt/python3.7/lib/python3.7/encodings/iso8859_2.py
squashfs-root/opt/python3.7/lib/python3.7/encodings/iso8859_3.py
squashfs-root/opt/python3.7/lib/python3.7/encodings/iso8859_4.py
squashfs-root/opt/python3.7/lib/python3.7/encodings/iso8859_5.py
squashfs-root/opt/python3.7/lib/python3.7/encodings/iso8859_6.py
squashfs-root/opt/python3.7/lib/python3.7/encodings/iso8859_7.py
squashfs-root/opt/python3.7/lib/python3.7/encodings/iso8859_8.py
squashfs-root/opt/python3.7/lib/python3.7/encodings/iso8859_9.py
squashfs-root/opt/python3.7/lib/python3.7/encodings/johab.py
squashfs-root/opt/python3.7/lib/python3.7/encodings/koi8_r.py
squashfs-root/opt/python3.7/lib/python3.7/encodings/koi8_t.py
squashfs-root/opt/python3.7/lib/python3.7/encodings/koi8_u.py
squashfs-root/opt/python3.7/lib/python3.7/encodings/kz1048.py
squashfs-root/opt/python3.7/lib/python3.7/encodings/latin_1.py
squashfs-root/opt/python3.7/lib/python3.7/encodings/mac_arabic.py
squashfs-root/opt/python3.7/lib/python3.7/encodings/mac_centeuro.py
squashfs-root/opt/python3.7/lib/python3.7/encodings/mac_croatian.py
squashfs-root/opt/python3.7/lib/python3.7/encodings/mac_cyrillic.py
squashfs-root/opt/python3.7/lib/python3.7/encodings/mac_farsi.py
squashfs-root/opt/python3.7/lib/python3.7/encodings/mac_greek.py
squashfs-root/opt/python3.7/lib/python3.7/encodings/mac_iceland.py
squashfs-root/opt/python3.7/lib/python3.7/encodings/mac_latin2.py
squashfs-root/opt/python3.7/lib/python3.7/encodings/mac_roman.py
squashfs-root/opt/python3.7/lib/python3.7/encodings/mac_romanian.py
squashfs-root/opt/python3.7/lib/python3.7/encodings/mac_turkish.py
squashfs-root/opt/python3.7/lib/python3.7/encodings/mbcs.py
squashfs-root/opt/python3.7/lib/python3.7/encodings/oem.py
squashfs-root/opt/python3.7/lib/python3.7/encodings/palmos.py
squashfs-root/opt/python3.7/lib/python3.7/encodings/ptcp154.py
squashfs-root/opt/python3.7/lib/python3.7/encodings/punycode.py
squashfs-root/opt/python3.7/lib/python3.7/encodings/quopri_codec.py
squashfs-root/opt/python3.7/lib/python3.7/encodings/raw_unicode_escape.py
squashfs-root/opt/python3.7/lib/python3.7/encodings/rot_13.py
squashfs-root/opt/python3.7/lib/python3.7/encodings/shift_jis.py
squashfs-root/opt/python3.7/lib/python3.7/encodings/shift_jis_2004.py
squashfs-root/opt/python3.7/lib/python3.7/encodings/shift_jisx0213.py
squashfs-root/opt/python3.7/lib/python3.7/encodings/tis_620.py
squashfs-root/opt/python3.7/lib/python3.7/encodings/undefined.py
squashfs-root/opt/python3.7/lib/python3.7/encodings/unicode_escape.py
squashfs-root/opt/python3.7/lib/python3.7/encodings/unicode_internal.py
squashfs-root/opt/python3.7/lib/python3.7/encodings/utf_16.py
squashfs-root/opt/python3.7/lib/python3.7/encodings/utf_16_be.py
squashfs-root/opt/python3.7/lib/python3.7/encodings/utf_16_le.py
squashfs-root/opt/python3.7/lib/python3.7/encodings/utf_32.py
squashfs-root/opt/python3.7/lib/python3.7/encodings/utf_32_be.py
squashfs-root/opt/python3.7/lib/python3.7/encodings/utf_32_le.py
squashfs-root/opt/python3.7/lib/python3.7/encodings/utf_7.py
squashfs-root/opt/python3.7/lib/python3.7/encodings/utf_8.py
squashfs-root/opt/python3.7/lib/python3.7/encodings/utf_8_sig.py
squashfs-root/opt/python3.7/lib/python3.7/encodings/uu_codec.py
squashfs-root/opt/python3.7/lib/python3.7/encodings/zlib_codec.py
squashfs-root/opt/python3.7/lib/python3.7/ensurepip
squashfs-root/opt/python3.7/lib/python3.7/ensurepip/__init__.py
squashfs-root/opt/python3.7/lib/python3.7/ensurepip/__main__.py
squashfs-root/opt/python3.7/lib/python3.7/ensurepip/__pycache__
squashfs-root/opt/python3.7/lib/python3.7/ensurepip/_bundled
squashfs-root/opt/python3.7/lib/python3.7/ensurepip/_bundled/pip-23.0.1-py3-none-any.whl
squashfs-root/opt/python3.7/lib/python3.7/ensurepip/_bundled/setuptools-47.1.0-py3-none-any.whl
squashfs-root/opt/python3.7/lib/python3.7/ensurepip/_uninstall.py
squashfs-root/opt/python3.7/lib/python3.7/enum.py
squashfs-root/opt/python3.7/lib/python3.7/filecmp.py
squashfs-root/opt/python3.7/lib/python3.7/fileinput.py
squashfs-root/opt/python3.7/lib/python3.7/fnmatch.py
squashfs-root/opt/python3.7/lib/python3.7/formatter.py
squashfs-root/opt/python3.7/lib/python3.7/fractions.py
squashfs-root/opt/python3.7/lib/python3.7/ftplib.py
squashfs-root/opt/python3.7/lib/python3.7/functools.py
squashfs-root/opt/python3.7/lib/python3.7/genericpath.py
squashfs-root/opt/python3.7/lib/python3.7/getopt.py
squashfs-root/opt/python3.7/lib/python3.7/getpass.py
squashfs-root/opt/python3.7/lib/python3.7/gettext.py
squashfs-root/opt/python3.7/lib/python3.7/glob.py
squashfs-root/opt/python3.7/lib/python3.7/gzip.py
squashfs-root/opt/python3.7/lib/python3.7/hashlib.py
squashfs-root/opt/python3.7/lib/python3.7/heapq.py
squashfs-root/opt/python3.7/lib/python3.7/hmac.py
squashfs-root/opt/python3.7/lib/python3.7/html
squashfs-root/opt/python3.7/lib/python3.7/html/__init__.py
squashfs-root/opt/python3.7/lib/python3.7/html/__pycache__
squashfs-root/opt/python3.7/lib/python3.7/html/entities.py
squashfs-root/opt/python3.7/lib/python3.7/html/parser.py
squashfs-root/opt/python3.7/lib/python3.7/http
squashfs-root/opt/python3.7/lib/python3.7/http/__init__.py
squashfs-root/opt/python3.7/lib/python3.7/http/__pycache__
squashfs-root/opt/python3.7/lib/python3.7/http/__pycache__/__init__.cpython-37.pyc
squashfs-root/opt/python3.7/lib/python3.7/http/__pycache__/client.cpython-37.pyc
squashfs-root/opt/python3.7/lib/python3.7/http/client.py
squashfs-root/opt/python3.7/lib/python3.7/http/cookiejar.py
squashfs-root/opt/python3.7/lib/python3.7/http/cookies.py
squashfs-root/opt/python3.7/lib/python3.7/http/server.py
squashfs-root/opt/python3.7/lib/python3.7/idlelib
squashfs-root/opt/python3.7/lib/python3.7/idlelib/CREDITS.txt
squashfs-root/opt/python3.7/lib/python3.7/idlelib/ChangeLog
squashfs-root/opt/python3.7/lib/python3.7/idlelib/HISTORY.txt
squashfs-root/opt/python3.7/lib/python3.7/idlelib/Icons
squashfs-root/opt/python3.7/lib/python3.7/idlelib/Icons/README.txt
squashfs-root/opt/python3.7/lib/python3.7/idlelib/Icons/folder.gif
squashfs-root/opt/python3.7/lib/python3.7/idlelib/Icons/idle.ico
squashfs-root/opt/python3.7/lib/python3.7/idlelib/Icons/idle_16.gif
squashfs-root/opt/python3.7/lib/python3.7/idlelib/Icons/idle_16.png
squashfs-root/opt/python3.7/lib/python3.7/idlelib/Icons/idle_256.png
squashfs-root/opt/python3.7/lib/python3.7/idlelib/Icons/idle_32.gif
squashfs-root/opt/python3.7/lib/python3.7/idlelib/Icons/idle_32.png
squashfs-root/opt/python3.7/lib/python3.7/idlelib/Icons/idle_48.gif
squashfs-root/opt/python3.7/lib/python3.7/idlelib/Icons/idle_48.png
squashfs-root/opt/python3.7/lib/python3.7/idlelib/Icons/minusnode.gif
squashfs-root/opt/python3.7/lib/python3.7/idlelib/Icons/openfolder.gif
squashfs-root/opt/python3.7/lib/python3.7/idlelib/Icons/plusnode.gif
squashfs-root/opt/python3.7/lib/python3.7/idlelib/Icons/python.gif
squashfs-root/opt/python3.7/lib/python3.7/idlelib/Icons/tk.gif
squashfs-root/opt/python3.7/lib/python3.7/idlelib/NEWS.txt
squashfs-root/opt/python3.7/lib/python3.7/idlelib/NEWS2x.txt
squashfs-root/opt/python3.7/lib/python3.7/idlelib/README.txt
squashfs-root/opt/python3.7/lib/python3.7/idlelib/TODO.txt
squashfs-root/opt/python3.7/lib/python3.7/idlelib/__init__.py
squashfs-root/opt/python3.7/lib/python3.7/idlelib/__main__.py
squashfs-root/opt/python3.7/lib/python3.7/idlelib/__pycache__
squashfs-root/opt/python3.7/lib/python3.7/idlelib/autocomplete.py
squashfs-root/opt/python3.7/lib/python3.7/idlelib/autocomplete_w.py
squashfs-root/opt/python3.7/lib/python3.7/idlelib/autoexpand.py
squashfs-root/opt/python3.7/lib/python3.7/idlelib/browser.py
squashfs-root/opt/python3.7/lib/python3.7/idlelib/calltip.py
squashfs-root/opt/python3.7/lib/python3.7/idlelib/calltip_w.py
squashfs-root/opt/python3.7/lib/python3.7/idlelib/codecontext.py
squashfs-root/opt/python3.7/lib/python3.7/idlelib/colorizer.py
squashfs-root/opt/python3.7/lib/python3.7/idlelib/config-extensions.def
squashfs-root/opt/python3.7/lib/python3.7/idlelib/config-highlight.def
squashfs-root/opt/python3.7/lib/python3.7/idlelib/config-keys.def
squashfs-root/opt/python3.7/lib/python3.7/idlelib/config-main.def
squashfs-root/opt/python3.7/lib/python3.7/idlelib/config.py
squashfs-root/opt/python3.7/lib/python3.7/idlelib/config_key.py
squashfs-root/opt/python3.7/lib/python3.7/idlelib/configdialog.py
squashfs-root/opt/python3.7/lib/python3.7/idlelib/debugger.py
squashfs-root/opt/python3.7/lib/python3.7/idlelib/debugger_r.py
squashfs-root/opt/python3.7/lib/python3.7/idlelib/debugobj.py
squashfs-root/opt/python3.7/lib/python3.7/idlelib/debugobj_r.py
squashfs-root/opt/python3.7/lib/python3.7/idlelib/delegator.py
squashfs-root/opt/python3.7/lib/python3.7/idlelib/dynoption.py
squashfs-root/opt/python3.7/lib/python3.7/idlelib/editor.py
squashfs-root/opt/python3.7/lib/python3.7/idlelib/extend.txt
squashfs-root/opt/python3.7/lib/python3.7/idlelib/filelist.py
squashfs-root/opt/python3.7/lib/python3.7/idlelib/format.py
squashfs-root/opt/python3.7/lib/python3.7/idlelib/grep.py
squashfs-root/opt/python3.7/lib/python3.7/idlelib/help.html
squashfs-root/opt/python3.7/lib/python3.7/idlelib/help.py
squashfs-root/opt/python3.7/lib/python3.7/idlelib/help_about.py
squashfs-root/opt/python3.7/lib/python3.7/idlelib/history.py
squashfs-root/opt/python3.7/lib/python3.7/idlelib/hyperparser.py
squashfs-root/opt/python3.7/lib/python3.7/idlelib/idle.bat
squashfs-root/opt/python3.7/lib/python3.7/idlelib/idle.py
squashfs-root/opt/python3.7/lib/python3.7/idlelib/idle.pyw
squashfs-root/opt/python3.7/lib/python3.7/idlelib/idle_test
squashfs-root/opt/python3.7/lib/python3.7/idlelib/idle_test/README.txt
squashfs-root/opt/python3.7/lib/python3.7/idlelib/idle_test/__init__.py
squashfs-root/opt/python3.7/lib/python3.7/idlelib/idle_test/__pycache__
squashfs-root/opt/python3.7/lib/python3.7/idlelib/idle_test/htest.py
squashfs-root/opt/python3.7/lib/python3.7/idlelib/idle_test/mock_idle.py
squashfs-root/opt/python3.7/lib/python3.7/idlelib/idle_test/mock_tk.py
squashfs-root/opt/python3.7/lib/python3.7/idlelib/idle_test/template.py
squashfs-root/opt/python3.7/lib/python3.7/idlelib/idle_test/test_autocomplete.py
squashfs-root/opt/python3.7/lib/python3.7/idlelib/idle_test/test_autocomplete_w.py
squashfs-root/opt/python3.7/lib/python3.7/idlelib/idle_test/test_autoexpand.py
squashfs-root/opt/python3.7/lib/python3.7/idlelib/idle_test/test_browser.py
squashfs-root/opt/python3.7/lib/python3.7/idlelib/idle_test/test_calltip.py
squashfs-root/opt/python3.7/lib/python3.7/idlelib/idle_test/test_calltip_w.py
squashfs-root/opt/python3.7/lib/python3.7/idlelib/idle_test/test_codecontext.py
squashfs-root/opt/python3.7/lib/python3.7/idlelib/idle_test/test_colorizer.py
squashfs-root/opt/python3.7/lib/python3.7/idlelib/idle_test/test_config.py
squashfs-root/opt/python3.7/lib/python3.7/idlelib/idle_test/test_config_key.py
squashfs-root/opt/python3.7/lib/python3.7/idlelib/idle_test/test_configdialog.py
squashfs-root/opt/python3.7/lib/python3.7/idlelib/idle_test/test_debugger.py
squashfs-root/opt/python3.7/lib/python3.7/idlelib/idle_test/test_debugger_r.py
squashfs-root/opt/python3.7/lib/python3.7/idlelib/idle_test/test_debugobj.py
squashfs-root/opt/python3.7/lib/python3.7/idlelib/idle_test/test_debugobj_r.py
squashfs-root/opt/python3.7/lib/python3.7/idlelib/idle_test/test_delegator.py
squashfs-root/opt/python3.7/lib/python3.7/idlelib/idle_test/test_editmenu.py
squashfs-root/opt/python3.7/lib/python3.7/idlelib/idle_test/test_editor.py
squashfs-root/opt/python3.7/lib/python3.7/idlelib/idle_test/test_filelist.py
squashfs-root/opt/python3.7/lib/python3.7/idlelib/idle_test/test_format.py
squashfs-root/opt/python3.7/lib/python3.7/idlelib/idle_test/test_grep.py
squashfs-root/opt/python3.7/lib/python3.7/idlelib/idle_test/test_help.py
squashfs-root/opt/python3.7/lib/python3.7/idlelib/idle_test/test_help_about.py
squashfs-root/opt/python3.7/lib/python3.7/idlelib/idle_test/test_history.py
squashfs-root/opt/python3.7/lib/python3.7/idlelib/idle_test/test_hyperparser.py
squashfs-root/opt/python3.7/lib/python3.7/idlelib/idle_test/test_iomenu.py
squashfs-root/opt/python3.7/lib/python3.7/idlelib/idle_test/test_macosx.py
squashfs-root/opt/python3.7/lib/python3.7/idlelib/idle_test/test_mainmenu.py
squashfs-root/opt/python3.7/lib/python3.7/idlelib/idle_test/test_multicall.py
squashfs-root/opt/python3.7/lib/python3.7/idlelib/idle_test/test_outwin.py
squashfs-root/opt/python3.7/lib/python3.7/idlelib/idle_test/test_parenmatch.py
squashfs-root/opt/python3.7/lib/python3.7/idlelib/idle_test/test_pathbrowser.py
squashfs-root/opt/python3.7/lib/python3.7/idlelib/idle_test/test_percolator.py
squashfs-root/opt/python3.7/lib/python3.7/idlelib/idle_test/test_pyparse.py
squashfs-root/opt/python3.7/lib/python3.7/idlelib/idle_test/test_pyshell.py
squashfs-root/opt/python3.7/lib/python3.7/idlelib/idle_test/test_query.py
squashfs-root/opt/python3.7/lib/python3.7/idlelib/idle_test/test_redirector.py
squashfs-root/opt/python3.7/lib/python3.7/idlelib/idle_test/test_replace.py
squashfs-root/opt/python3.7/lib/python3.7/idlelib/idle_test/test_rpc.py
squashfs-root/opt/python3.7/lib/python3.7/idlelib/idle_test/test_run.py
squashfs-root/opt/python3.7/lib/python3.7/idlelib/idle_test/test_runscript.py
squashfs-root/opt/python3.7/lib/python3.7/idlelib/idle_test/test_scrolledlist.py
squashfs-root/opt/python3.7/lib/python3.7/idlelib/idle_test/test_search.py
squashfs-root/opt/python3.7/lib/python3.7/idlelib/idle_test/test_searchbase.py
squashfs-root/opt/python3.7/lib/python3.7/idlelib/idle_test/test_searchengine.py
squashfs-root/opt/python3.7/lib/python3.7/idlelib/idle_test/test_sidebar.py
squashfs-root/opt/python3.7/lib/python3.7/idlelib/idle_test/test_squeezer.py
squashfs-root/opt/python3.7/lib/python3.7/idlelib/idle_test/test_stackviewer.py
squashfs-root/opt/python3.7/lib/python3.7/idlelib/idle_test/test_statusbar.py
squashfs-root/opt/python3.7/lib/python3.7/idlelib/idle_test/test_text.py
squashfs-root/opt/python3.7/lib/python3.7/idlelib/idle_test/test_textview.py
squashfs-root/opt/python3.7/lib/python3.7/idlelib/idle_test/test_tooltip.py
squashfs-root/opt/python3.7/lib/python3.7/idlelib/idle_test/test_tree.py
squashfs-root/opt/python3.7/lib/python3.7/idlelib/idle_test/test_undo.py
squashfs-root/opt/python3.7/lib/python3.7/idlelib/idle_test/test_warning.py
squashfs-root/opt/python3.7/lib/python3.7/idlelib/idle_test/test_window.py
squashfs-root/opt/python3.7/lib/python3.7/idlelib/idle_test/test_zoomheight.py
squashfs-root/opt/python3.7/lib/python3.7/idlelib/iomenu.py
squashfs-root/opt/python3.7/lib/python3.7/idlelib/macosx.py
squashfs-root/opt/python3.7/lib/python3.7/idlelib/mainmenu.py
squashfs-root/opt/python3.7/lib/python3.7/idlelib/multicall.py
squashfs-root/opt/python3.7/lib/python3.7/idlelib/outwin.py
squashfs-root/opt/python3.7/lib/python3.7/idlelib/parenmatch.py
squashfs-root/opt/python3.7/lib/python3.7/idlelib/pathbrowser.py
squashfs-root/opt/python3.7/lib/python3.7/idlelib/percolator.py
squashfs-root/opt/python3.7/lib/python3.7/idlelib/pyparse.py
squashfs-root/opt/python3.7/lib/python3.7/idlelib/pyshell.py
squashfs-root/opt/python3.7/lib/python3.7/idlelib/query.py
squashfs-root/opt/python3.7/lib/python3.7/idlelib/redirector.py
squashfs-root/opt/python3.7/lib/python3.7/idlelib/replace.py
squashfs-root/opt/python3.7/lib/python3.7/idlelib/rpc.py
squashfs-root/opt/python3.7/lib/python3.7/idlelib/run.py
squashfs-root/opt/python3.7/lib/python3.7/idlelib/runscript.py
squashfs-root/opt/python3.7/lib/python3.7/idlelib/scrolledlist.py
squashfs-root/opt/python3.7/lib/python3.7/idlelib/search.py
squashfs-root/opt/python3.7/lib/python3.7/idlelib/searchbase.py
squashfs-root/opt/python3.7/lib/python3.7/idlelib/searchengine.py
squashfs-root/opt/python3.7/lib/python3.7/idlelib/sidebar.py
squashfs-root/opt/python3.7/lib/python3.7/idlelib/squeezer.py
squashfs-root/opt/python3.7/lib/python3.7/idlelib/stackviewer.py
squashfs-root/opt/python3.7/lib/python3.7/idlelib/statusbar.py
squashfs-root/opt/python3.7/lib/python3.7/idlelib/textview.py
squashfs-root/opt/python3.7/lib/python3.7/idlelib/tooltip.py
squashfs-root/opt/python3.7/lib/python3.7/idlelib/tree.py
squashfs-root/opt/python3.7/lib/python3.7/idlelib/undo.py
squashfs-root/opt/python3.7/lib/python3.7/idlelib/window.py
squashfs-root/opt/python3.7/lib/python3.7/idlelib/zoomheight.py
squashfs-root/opt/python3.7/lib/python3.7/idlelib/zzdummy.py
squashfs-root/opt/python3.7/lib/python3.7/imaplib.py
squashfs-root/opt/python3.7/lib/python3.7/imghdr.py
squashfs-root/opt/python3.7/lib/python3.7/imp.py
squashfs-root/opt/python3.7/lib/python3.7/importlib
squashfs-root/opt/python3.7/lib/python3.7/importlib/__init__.py
squashfs-root/opt/python3.7/lib/python3.7/importlib/__pycache__
squashfs-root/opt/python3.7/lib/python3.7/importlib/__pycache__/__init__.cpython-37.pyc
squashfs-root/opt/python3.7/lib/python3.7/importlib/__pycache__/abc.cpython-37.pyc
squashfs-root/opt/python3.7/lib/python3.7/importlib/__pycache__/machinery.cpython-37.pyc
squashfs-root/opt/python3.7/lib/python3.7/importlib/__pycache__/resources.cpython-37.pyc
squashfs-root/opt/python3.7/lib/python3.7/importlib/__pycache__/util.cpython-37.pyc
squashfs-root/opt/python3.7/lib/python3.7/importlib/_bootstrap.py
squashfs-root/opt/python3.7/lib/python3.7/importlib/_bootstrap_external.py
squashfs-root/opt/python3.7/lib/python3.7/importlib/abc.py
squashfs-root/opt/python3.7/lib/python3.7/importlib/machinery.py
squashfs-root/opt/python3.7/lib/python3.7/importlib/resources.py
squashfs-root/opt/python3.7/lib/python3.7/importlib/util.py
squashfs-root/opt/python3.7/lib/python3.7/inspect.py
squashfs-root/opt/python3.7/lib/python3.7/io.py
squashfs-root/opt/python3.7/lib/python3.7/ipaddress.py
squashfs-root/opt/python3.7/lib/python3.7/json
squashfs-root/opt/python3.7/lib/python3.7/json/__init__.py
squashfs-root/opt/python3.7/lib/python3.7/json/__pycache__
squashfs-root/opt/python3.7/lib/python3.7/json/__pycache__/__init__.cpython-37.pyc
squashfs-root/opt/python3.7/lib/python3.7/json/__pycache__/decoder.cpython-37.pyc
squashfs-root/opt/python3.7/lib/python3.7/json/__pycache__/encoder.cpython-37.pyc
squashfs-root/opt/python3.7/lib/python3.7/json/__pycache__/scanner.cpython-37.pyc
squashfs-root/opt/python3.7/lib/python3.7/json/decoder.py
squashfs-root/opt/python3.7/lib/python3.7/json/encoder.py
squashfs-root/opt/python3.7/lib/python3.7/json/scanner.py
squashfs-root/opt/python3.7/lib/python3.7/json/tool.py
squashfs-root/opt/python3.7/lib/python3.7/keyword.py
squashfs-root/opt/python3.7/lib/python3.7/lib-dynload
squashfs-root/opt/python3.7/lib/python3.7/lib-dynload/_asyncio.cpython-37m-x86_64-linux-gnu.so
squashfs-root/opt/python3.7/lib/python3.7/lib-dynload/_bisect.cpython-37m-x86_64-linux-gnu.so
squashfs-root/opt/python3.7/lib/python3.7/lib-dynload/_blake2.cpython-37m-x86_64-linux-gnu.so
squashfs-root/opt/python3.7/lib/python3.7/lib-dynload/_bz2.cpython-37m-x86_64-linux-gnu.so
squashfs-root/opt/python3.7/lib/python3.7/lib-dynload/_codecs_cn.cpython-37m-x86_64-linux-gnu.so
squashfs-root/opt/python3.7/lib/python3.7/lib-dynload/_codecs_hk.cpython-37m-x86_64-linux-gnu.so
squashfs-root/opt/python3.7/lib/python3.7/lib-dynload/_codecs_iso2022.cpython-37m-x86_64-linux-gnu.so
squashfs-root/opt/python3.7/lib/python3.7/lib-dynload/_codecs_jp.cpython-37m-x86_64-linux-gnu.so
squashfs-root/opt/python3.7/lib/python3.7/lib-dynload/_codecs_kr.cpython-37m-x86_64-linux-gnu.so
squashfs-root/opt/python3.7/lib/python3.7/lib-dynload/_codecs_tw.cpython-37m-x86_64-linux-gnu.so
squashfs-root/opt/python3.7/lib/python3.7/lib-dynload/_contextvars.cpython-37m-x86_64-linux-gnu.so
squashfs-root/opt/python3.7/lib/python3.7/lib-dynload/_crypt.cpython-37m-x86_64-linux-gnu.so
squashfs-root/opt/python3.7/lib/python3.7/lib-dynload/_csv.cpython-37m-x86_64-linux-gnu.so
squashfs-root/opt/python3.7/lib/python3.7/lib-dynload/_ctypes.cpython-37m-x86_64-linux-gnu.so
squashfs-root/opt/python3.7/lib/python3.7/lib-dynload/_ctypes_test.cpython-37m-x86_64-linux-gnu.so
squashfs-root/opt/python3.7/lib/python3.7/lib-dynload/_curses.cpython-37m-x86_64-linux-gnu.so
squashfs-root/opt/python3.7/lib/python3.7/lib-dynload/_curses_panel.cpython-37m-x86_64-linux-gnu.so
squashfs-root/opt/python3.7/lib/python3.7/lib-dynload/_datetime.cpython-37m-x86_64-linux-gnu.so
squashfs-root/opt/python3.7/lib/python3.7/lib-dynload/_dbm.cpython-37m-x86_64-linux-gnu.so
squashfs-root/opt/python3.7/lib/python3.7/lib-dynload/_decimal.cpython-37m-x86_64-linux-gnu.so
squashfs-root/opt/python3.7/lib/python3.7/lib-dynload/_elementtree.cpython-37m-x86_64-linux-gnu.so
squashfs-root/opt/python3.7/lib/python3.7/lib-dynload/_gdbm.cpython-37m-x86_64-linux-gnu.so
squashfs-root/opt/python3.7/lib/python3.7/lib-dynload/_hashlib.cpython-37m-x86_64-linux-gnu.so
squashfs-root/opt/python3.7/lib/python3.7/lib-dynload/_heapq.cpython-37m-x86_64-linux-gnu.so
squashfs-root/opt/python3.7/lib/python3.7/lib-dynload/_json.cpython-37m-x86_64-linux-gnu.so
squashfs-root/opt/python3.7/lib/python3.7/lib-dynload/_lsprof.cpython-37m-x86_64-linux-gnu.so
squashfs-root/opt/python3.7/lib/python3.7/lib-dynload/_lzma.cpython-37m-x86_64-linux-gnu.so
squashfs-root/opt/python3.7/lib/python3.7/lib-dynload/_md5.cpython-37m-x86_64-linux-gnu.so
squashfs-root/opt/python3.7/lib/python3.7/lib-dynload/_multibytecodec.cpython-37m-x86_64-linux-gnu.so
squashfs-root/opt/python3.7/lib/python3.7/lib-dynload/_multiprocessing.cpython-37m-x86_64-linux-gnu.so
squashfs-root/opt/python3.7/lib/python3.7/lib-dynload/_opcode.cpython-37m-x86_64-linux-gnu.so
squashfs-root/opt/python3.7/lib/python3.7/lib-dynload/_pickle.cpython-37m-x86_64-linux-gnu.so
squashfs-root/opt/python3.7/lib/python3.7/lib-dynload/_posixsubprocess.cpython-37m-x86_64-linux-gnu.so
squashfs-root/opt/python3.7/lib/python3.7/lib-dynload/_queue.cpython-37m-x86_64-linux-gnu.so
squashfs-root/opt/python3.7/lib/python3.7/lib-dynload/_random.cpython-37m-x86_64-linux-gnu.so
squashfs-root/opt/python3.7/lib/python3.7/lib-dynload/_sha1.cpython-37m-x86_64-linux-gnu.so
squashfs-root/opt/python3.7/lib/python3.7/lib-dynload/_sha256.cpython-37m-x86_64-linux-gnu.so
squashfs-root/opt/python3.7/lib/python3.7/lib-dynload/_sha3.cpython-37m-x86_64-linux-gnu.so
squashfs-root/opt/python3.7/lib/python3.7/lib-dynload/_sha512.cpython-37m-x86_64-linux-gnu.so
squashfs-root/opt/python3.7/lib/python3.7/lib-dynload/_socket.cpython-37m-x86_64-linux-gnu.so
squashfs-root/opt/python3.7/lib/python3.7/lib-dynload/_sqlite3.cpython-37m-x86_64-linux-gnu.so
squashfs-root/opt/python3.7/lib/python3.7/lib-dynload/_ssl.cpython-37m-x86_64-linux-gnu.so
squashfs-root/opt/python3.7/lib/python3.7/lib-dynload/_struct.cpython-37m-x86_64-linux-gnu.so
squashfs-root/opt/python3.7/lib/python3.7/lib-dynload/_testbuffer.cpython-37m-x86_64-linux-gnu.so
squashfs-root/opt/python3.7/lib/python3.7/lib-dynload/_testcapi.cpython-37m-x86_64-linux-gnu.so
squashfs-root/opt/python3.7/lib/python3.7/lib-dynload/_testimportmultiple.cpython-37m-x86_64-linux-gnu.so
squashfs-root/opt/python3.7/lib/python3.7/lib-dynload/_testmultiphase.cpython-37m-x86_64-linux-gnu.so
squashfs-root/opt/python3.7/lib/python3.7/lib-dynload/_tkinter.cpython-37m-x86_64-linux-gnu.so
squashfs-root/opt/python3.7/lib/python3.7/lib-dynload/_xxtestfuzz.cpython-37m-x86_64-linux-gnu.so
squashfs-root/opt/python3.7/lib/python3.7/lib-dynload/array.cpython-37m-x86_64-linux-gnu.so
squashfs-root/opt/python3.7/lib/python3.7/lib-dynload/audioop.cpython-37m-x86_64-linux-gnu.so
squashfs-root/opt/python3.7/lib/python3.7/lib-dynload/binascii.cpython-37m-x86_64-linux-gnu.so
squashfs-root/opt/python3.7/lib/python3.7/lib-dynload/cmath.cpython-37m-x86_64-linux-gnu.so
squashfs-root/opt/python3.7/lib/python3.7/lib-dynload/fcntl.cpython-37m-x86_64-linux-gnu.so
squashfs-root/opt/python3.7/lib/python3.7/lib-dynload/grp.cpython-37m-x86_64-linux-gnu.so
squashfs-root/opt/python3.7/lib/python3.7/lib-dynload/math.cpython-37m-x86_64-linux-gnu.so
squashfs-root/opt/python3.7/lib/python3.7/lib-dynload/mmap.cpython-37m-x86_64-linux-gnu.so
squashfs-root/opt/python3.7/lib/python3.7/lib-dynload/nis.cpython-37m-x86_64-linux-gnu.so
squashfs-root/opt/python3.7/lib/python3.7/lib-dynload/ossaudiodev.cpython-37m-x86_64-linux-gnu.so
squashfs-root/opt/python3.7/lib/python3.7/lib-dynload/parser.cpython-37m-x86_64-linux-gnu.so
squashfs-root/opt/python3.7/lib/python3.7/lib-dynload/pyexpat.cpython-37m-x86_64-linux-gnu.so
squashfs-root/opt/python3.7/lib/python3.7/lib-dynload/readline.cpython-37m-x86_64-linux-gnu.so
squashfs-root/opt/python3.7/lib/python3.7/lib-dynload/resource.cpython-37m-x86_64-linux-gnu.so
squashfs-root/opt/python3.7/lib/python3.7/lib-dynload/select.cpython-37m-x86_64-linux-gnu.so
squashfs-root/opt/python3.7/lib/python3.7/lib-dynload/spwd.cpython-37m-x86_64-linux-gnu.so
squashfs-root/opt/python3.7/lib/python3.7/lib-dynload/syslog.cpython-37m-x86_64-linux-gnu.so
squashfs-root/opt/python3.7/lib/python3.7/lib-dynload/termios.cpython-37m-x86_64-linux-gnu.so
squashfs-root/opt/python3.7/lib/python3.7/lib-dynload/unicodedata.cpython-37m-x86_64-linux-gnu.so
squashfs-root/opt/python3.7/lib/python3.7/lib-dynload/xxlimited.cpython-37m-x86_64-linux-gnu.so
squashfs-root/opt/python3.7/lib/python3.7/lib-dynload/zlib.cpython-37m-x86_64-linux-gnu.so
squashfs-root/opt/python3.7/lib/python3.7/lib2to3
squashfs-root/opt/python3.7/lib/python3.7/lib2to3/Grammar.txt
squashfs-root/opt/python3.7/lib/python3.7/lib2to3/Grammar3.7.17.final.0.pickle
squashfs-root/opt/python3.7/lib/python3.7/lib2to3/PatternGrammar.txt
squashfs-root/opt/python3.7/lib/python3.7/lib2to3/PatternGrammar3.7.17.final.0.pickle
squashfs-root/opt/python3.7/lib/python3.7/lib2to3/__init__.py
squashfs-root/opt/python3.7/lib/python3.7/lib2to3/__main__.py
squashfs-root/opt/python3.7/lib/python3.7/lib2to3/__pycache__
squashfs-root/opt/python3.7/lib/python3.7/lib2to3/btm_matcher.py
squashfs-root/opt/python3.7/lib/python3.7/lib2to3/btm_utils.py
squashfs-root/opt/python3.7/lib/python3.7/lib2to3/fixer_base.py
squashfs-root/opt/python3.7/lib/python3.7/lib2to3/fixer_util.py
squashfs-root/opt/python3.7/lib/python3.7/lib2to3/fixes
squashfs-root/opt/python3.7/lib/python3.7/lib2to3/fixes/__init__.py
squashfs-root/opt/python3.7/lib/python3.7/lib2to3/fixes/__pycache__
squashfs-root/opt/python3.7/lib/python3.7/lib2to3/fixes/fix_apply.py
squashfs-root/opt/python3.7/lib/python3.7/lib2to3/fixes/fix_asserts.py
squashfs-root/opt/python3.7/lib/python3.7/lib2to3/fixes/fix_basestring.py
squashfs-root/opt/python3.7/lib/python3.7/lib2to3/fixes/fix_buffer.py
squashfs-root/opt/python3.7/lib/python3.7/lib2to3/fixes/fix_dict.py
squashfs-root/opt/python3.7/lib/python3.7/lib2to3/fixes/fix_except.py
squashfs-root/opt/python3.7/lib/python3.7/lib2to3/fixes/fix_exec.py
squashfs-root/opt/python3.7/lib/python3.7/lib2to3/fixes/fix_execfile.py
squashfs-root/opt/python3.7/lib/python3.7/lib2to3/fixes/fix_exitfunc.py
squashfs-root/opt/python3.7/lib/python3.7/lib2to3/fixes/fix_filter.py
squashfs-root/opt/python3.7/lib/python3.7/lib2to3/fixes/fix_funcattrs.py
squashfs-root/opt/python3.7/lib/python3.7/lib2to3/fixes/fix_future.py
squashfs-root/opt/python3.7/lib/python3.7/lib2to3/fixes/fix_getcwdu.py
squashfs-root/opt/python3.7/lib/python3.7/lib2to3/fixes/fix_has_key.py
squashfs-root/opt/python3.7/lib/python3.7/lib2to3/fixes/fix_idioms.py
squashfs-root/opt/python3.7/lib/python3.7/lib2to3/fixes/fix_import.py
squashfs-root/opt/python3.7/lib/python3.7/lib2to3/fixes/fix_imports.py
squashfs-root/opt/python3.7/lib/python3.7/lib2to3/fixes/fix_imports2.py
squashfs-root/opt/python3.7/lib/python3.7/lib2to3/fixes/fix_input.py
squashfs-root/opt/python3.7/lib/python3.7/lib2to3/fixes/fix_intern.py
squashfs-root/opt/python3.7/lib/python3.7/lib2to3/fixes/fix_isinstance.py
squashfs-root/opt/python3.7/lib/python3.7/lib2to3/fixes/fix_itertools.py
squashfs-root/opt/python3.7/lib/python3.7/lib2to3/fixes/fix_itertools_imports.py
squashfs-root/opt/python3.7/lib/python3.7/lib2to3/fixes/fix_long.py
squashfs-root/opt/python3.7/lib/python3.7/lib2to3/fixes/fix_map.py
squashfs-root/opt/python3.7/lib/python3.7/lib2to3/fixes/fix_metaclass.py
squashfs-root/opt/python3.7/lib/python3.7/lib2to3/fixes/fix_methodattrs.py
squashfs-root/opt/python3.7/lib/python3.7/lib2to3/fixes/fix_ne.py
squashfs-root/opt/python3.7/lib/python3.7/lib2to3/fixes/fix_next.py
squashfs-root/opt/python3.7/lib/python3.7/lib2to3/fixes/fix_nonzero.py
squashfs-root/opt/python3.7/lib/python3.7/lib2to3/fixes/fix_numliterals.py
squashfs-root/opt/python3.7/lib/python3.7/lib2to3/fixes/fix_operator.py
squashfs-root/opt/python3.7/lib/python3.7/lib2to3/fixes/fix_paren.py
squashfs-root/opt/python3.7/lib/python3.7/lib2to3/fixes/fix_print.py
squashfs-root/opt/python3.7/lib/python3.7/lib2to3/fixes/fix_raise.py
squashfs-root/opt/python3.7/lib/python3.7/lib2to3/fixes/fix_raw_input.py
squashfs-root/opt/python3.7/lib/python3.7/lib2to3/fixes/fix_reduce.py
squashfs-root/opt/python3.7/lib/python3.7/lib2to3/fixes/fix_reload.py
squashfs-root/opt/python3.7/lib/python3.7/lib2to3/fixes/fix_renames.py
squashfs-root/opt/python3.7/lib/python3.7/lib2to3/fixes/fix_repr.py
squashfs-root/opt/python3.7/lib/python3.7/lib2to3/fixes/fix_set_literal.py
squashfs-root/opt/python3.7/lib/python3.7/lib2to3/fixes/fix_standarderror.py
squashfs-root/opt/python3.7/lib/python3.7/lib2to3/fixes/fix_sys_exc.py
squashfs-root/opt/python3.7/lib/python3.7/lib2to3/fixes/fix_throw.py
squashfs-root/opt/python3.7/lib/python3.7/lib2to3/fixes/fix_tuple_params.py
squashfs-root/opt/python3.7/lib/python3.7/lib2to3/fixes/fix_types.py
squashfs-root/opt/python3.7/lib/python3.7/lib2to3/fixes/fix_unicode.py
squashfs-root/opt/python3.7/lib/python3.7/lib2to3/fixes/fix_urllib.py
squashfs-root/opt/python3.7/lib/python3.7/lib2to3/fixes/fix_ws_comma.py
squashfs-root/opt/python3.7/lib/python3.7/lib2to3/fixes/fix_xrange.py
squashfs-root/opt/python3.7/lib/python3.7/lib2to3/fixes/fix_xreadlines.py
squashfs-root/opt/python3.7/lib/python3.7/lib2to3/fixes/fix_zip.py
squashfs-root/opt/python3.7/lib/python3.7/lib2to3/main.py
squashfs-root/opt/python3.7/lib/python3.7/lib2to3/patcomp.py
squashfs-root/opt/python3.7/lib/python3.7/lib2to3/pgen2
squashfs-root/opt/python3.7/lib/python3.7/lib2to3/pgen2/__init__.py
squashfs-root/opt/python3.7/lib/python3.7/lib2to3/pgen2/__pycache__
squashfs-root/opt/python3.7/lib/python3.7/lib2to3/pgen2/conv.py
squashfs-root/opt/python3.7/lib/python3.7/lib2to3/pgen2/driver.py
squashfs-root/opt/python3.7/lib/python3.7/lib2to3/pgen2/grammar.py
squashfs-root/opt/python3.7/lib/python3.7/lib2to3/pgen2/literals.py
squashfs-root/opt/python3.7/lib/python3.7/lib2to3/pgen2/parse.py
squashfs-root/opt/python3.7/lib/python3.7/lib2to3/pgen2/pgen.py
squashfs-root/opt/python3.7/lib/python3.7/lib2to3/pgen2/token.py
squashfs-root/opt/python3.7/lib/python3.7/lib2to3/pgen2/tokenize.py
squashfs-root/opt/python3.7/lib/python3.7/lib2to3/pygram.py
squashfs-root/opt/python3.7/lib/python3.7/lib2to3/pytree.py
squashfs-root/opt/python3.7/lib/python3.7/lib2to3/refactor.py
squashfs-root/opt/python3.7/lib/python3.7/linecache.py
squashfs-root/opt/python3.7/lib/python3.7/locale.py
squashfs-root/opt/python3.7/lib/python3.7/logging
squashfs-root/opt/python3.7/lib/python3.7/logging/__init__.py
squashfs-root/opt/python3.7/lib/python3.7/logging/__pycache__
squashfs-root/opt/python3.7/lib/python3.7/logging/__pycache__/__init__.cpython-37.pyc
squashfs-root/opt/python3.7/lib/python3.7/logging/config.py
squashfs-root/opt/python3.7/lib/python3.7/logging/handlers.py
squashfs-root/opt/python3.7/lib/python3.7/lzma.py
squashfs-root/opt/python3.7/lib/python3.7/macpath.py
squashfs-root/opt/python3.7/lib/python3.7/mailbox.py
squashfs-root/opt/python3.7/lib/python3.7/mailcap.py
squashfs-root/opt/python3.7/lib/python3.7/mimetypes.py
squashfs-root/opt/python3.7/lib/python3.7/modulefinder.py
squashfs-root/opt/python3.7/lib/python3.7/multiprocessing
squashfs-root/opt/python3.7/lib/python3.7/multiprocessing/__init__.py
squashfs-root/opt/python3.7/lib/python3.7/multiprocessing/__pycache__
squashfs-root/opt/python3.7/lib/python3.7/multiprocessing/connection.py
squashfs-root/opt/python3.7/lib/python3.7/multiprocessing/context.py
squashfs-root/opt/python3.7/lib/python3.7/multiprocessing/dummy
squashfs-root/opt/python3.7/lib/python3.7/multiprocessing/dummy/__init__.py
squashfs-root/opt/python3.7/lib/python3.7/multiprocessing/dummy/__pycache__
squashfs-root/opt/python3.7/lib/python3.7/multiprocessing/dummy/connection.py
squashfs-root/opt/python3.7/lib/python3.7/multiprocessing/forkserver.py
squashfs-root/opt/python3.7/lib/python3.7/multiprocessing/heap.py
squashfs-root/opt/python3.7/lib/python3.7/multiprocessing/managers.py
squashfs-root/opt/python3.7/lib/python3.7/multiprocessing/pool.py
squashfs-root/opt/python3.7/lib/python3.7/multiprocessing/popen_fork.py
squashfs-root/opt/python3.7/lib/python3.7/multiprocessing/popen_forkserver.py
squashfs-root/opt/python3.7/lib/python3.7/multiprocessing/popen_spawn_posix.py
squashfs-root/opt/python3.7/lib/python3.7/multiprocessing/popen_spawn_win32.py
squashfs-root/opt/python3.7/lib/python3.7/multiprocessing/process.py
squashfs-root/opt/python3.7/lib/python3.7/multiprocessing/queues.py
squashfs-root/opt/python3.7/lib/python3.7/multiprocessing/reduction.py
squashfs-root/opt/python3.7/lib/python3.7/multiprocessing/resource_sharer.py
squashfs-root/opt/python3.7/lib/python3.7/multiprocessing/semaphore_tracker.py
squashfs-root/opt/python3.7/lib/python3.7/multiprocessing/sharedctypes.py
squashfs-root/opt/python3.7/lib/python3.7/multiprocessing/spawn.py
squashfs-root/opt/python3.7/lib/python3.7/multiprocessing/synchronize.py
squashfs-root/opt/python3.7/lib/python3.7/multiprocessing/util.py
squashfs-root/opt/python3.7/lib/python3.7/netrc.py
squashfs-root/opt/python3.7/lib/python3.7/nntplib.py
squashfs-root/opt/python3.7/lib/python3.7/ntpath.py
squashfs-root/opt/python3.7/lib/python3.7/nturl2path.py
squashfs-root/opt/python3.7/lib/python3.7/numbers.py
squashfs-root/opt/python3.7/lib/python3.7/opcode.py
squashfs-root/opt/python3.7/lib/python3.7/operator.py
squashfs-root/opt/python3.7/lib/python3.7/optparse.py
squashfs-root/opt/python3.7/lib/python3.7/os.py
squashfs-root/opt/python3.7/lib/python3.7/pathlib.py
squashfs-root/opt/python3.7/lib/python3.7/pdb.py
squashfs-root/opt/python3.7/lib/python3.7/pickle.py
squashfs-root/opt/python3.7/lib/python3.7/pickletools.py
squashfs-root/opt/python3.7/lib/python3.7/pipes.py
squashfs-root/opt/python3.7/lib/python3.7/pkgutil.py
squashfs-root/opt/python3.7/lib/python3.7/platform.py
squashfs-root/opt/python3.7/lib/python3.7/plistlib.py
squashfs-root/opt/python3.7/lib/python3.7/poplib.py
squashfs-root/opt/python3.7/lib/python3.7/posixpath.py
squashfs-root/opt/python3.7/lib/python3.7/pprint.py
squashfs-root/opt/python3.7/lib/python3.7/profile.py
squashfs-root/opt/python3.7/lib/python3.7/pstats.py
squashfs-root/opt/python3.7/lib/python3.7/pty.py
squashfs-root/opt/python3.7/lib/python3.7/py_compile.py
squashfs-root/opt/python3.7/lib/python3.7/pyclbr.py
squashfs-root/opt/python3.7/lib/python3.7/pydoc.py
squashfs-root/opt/python3.7/lib/python3.7/pydoc_data
squashfs-root/opt/python3.7/lib/python3.7/pydoc_data/__init__.py
squashfs-root/opt/python3.7/lib/python3.7/pydoc_data/__pycache__
squashfs-root/opt/python3.7/lib/python3.7/pydoc_data/_pydoc.css
squashfs-root/opt/python3.7/lib/python3.7/pydoc_data/topics.py
squashfs-root/opt/python3.7/lib/python3.7/queue.py
squashfs-root/opt/python3.7/lib/python3.7/quopri.py
squashfs-root/opt/python3.7/lib/python3.7/random.py
squashfs-root/opt/python3.7/lib/python3.7/re.py
squashfs-root/opt/python3.7/lib/python3.7/reprlib.py
squashfs-root/opt/python3.7/lib/python3.7/rlcompleter.py
squashfs-root/opt/python3.7/lib/python3.7/runpy.py
squashfs-root/opt/python3.7/lib/python3.7/sched.py
squashfs-root/opt/python3.7/lib/python3.7/secrets.py
squashfs-root/opt/python3.7/lib/python3.7/selectors.py
squashfs-root/opt/python3.7/lib/python3.7/shelve.py
squashfs-root/opt/python3.7/lib/python3.7/shlex.py
squashfs-root/opt/python3.7/lib/python3.7/shutil.py
squashfs-root/opt/python3.7/lib/python3.7/signal.py
squashfs-root/opt/python3.7/lib/python3.7/site-packages
squashfs-root/opt/python3.7/lib/python3.7/site-packages/README.txt
squashfs-root/opt/python3.7/lib/python3.7/site-packages/__pycache__
squashfs-root/opt/python3.7/lib/python3.7/site-packages/__pycache__/typing_extensions.cpython-37.pyc
squashfs-root/opt/python3.7/lib/python3.7/site-packages/_distutils_hack
squashfs-root/opt/python3.7/lib/python3.7/site-packages/_distutils_hack/__init__.py
squashfs-root/opt/python3.7/lib/python3.7/site-packages/_distutils_hack/__pycache__
squashfs-root/opt/python3.7/lib/python3.7/site-packages/_distutils_hack/__pycache__/__init__.cpython-37.pyc
squashfs-root/opt/python3.7/lib/python3.7/site-packages/_distutils_hack/__pycache__/override.cpython-37.pyc
squashfs-root/opt/python3.7/lib/python3.7/site-packages/_distutils_hack/override.py
squashfs-root/opt/python3.7/lib/python3.7/site-packages/build
squashfs-root/opt/python3.7/lib/python3.7/site-packages/build/__init__.py
squashfs-root/opt/python3.7/lib/python3.7/site-packages/build/__main__.py
squashfs-root/opt/python3.7/lib/python3.7/site-packages/build/__pycache__
squashfs-root/opt/python3.7/lib/python3.7/site-packages/build/_exceptions.py
squashfs-root/opt/python3.7/lib/python3.7/site-packages/build/_importlib.py
squashfs-root/opt/python3.7/lib/python3.7/site-packages/build/_util.py
squashfs-root/opt/python3.7/lib/python3.7/site-packages/build/env.py
squashfs-root/opt/python3.7/lib/python3.7/site-packages/build/py.typed
squashfs-root/opt/python3.7/lib/python3.7/site-packages/build/util.py
squashfs-root/opt/python3.7/lib/python3.7/site-packages/build-1.0.3.dist-info
squashfs-root/opt/python3.7/lib/python3.7/site-packages/build-1.0.3.dist-info/INSTALLER
squashfs-root/opt/python3.7/lib/python3.7/site-packages/build-1.0.3.dist-info/LICENSE
squashfs-root/opt/python3.7/lib/python3.7/site-packages/build-1.0.3.dist-info/METADATA
squashfs-root/opt/python3.7/lib/python3.7/site-packages/build-1.0.3.dist-info/RECORD
squashfs-root/opt/python3.7/lib/python3.7/site-packages/build-1.0.3.dist-info/REQUESTED
squashfs-root/opt/python3.7/lib/python3.7/site-packages/build-1.0.3.dist-info/WHEEL
squashfs-root/opt/python3.7/lib/python3.7/site-packages/build-1.0.3.dist-info/entry_points.txt
squashfs-root/opt/python3.7/lib/python3.7/site-packages/distutils-precedence.pth
squashfs-root/opt/python3.7/lib/python3.7/site-packages/importlib_metadata
squashfs-root/opt/python3.7/lib/python3.7/site-packages/importlib_metadata/__init__.py
squashfs-root/opt/python3.7/lib/python3.7/site-packages/importlib_metadata/__pycache__
squashfs-root/opt/python3.7/lib/python3.7/site-packages/importlib_metadata/__pycache__/__init__.cpython-37.pyc
squashfs-root/opt/python3.7/lib/python3.7/site-packages/importlib_metadata/__pycache__/_adapters.cpython-37.pyc
squashfs-root/opt/python3.7/lib/python3.7/site-packages/importlib_metadata/__pycache__/_collections.cpython-37.pyc
squashfs-root/opt/python3.7/lib/python3.7/site-packages/importlib_metadata/__pycache__/_compat.cpython-37.pyc
squashfs-root/opt/python3.7/lib/python3.7/site-packages/importlib_metadata/__pycache__/_functools.cpython-37.pyc
squashfs-root/opt/python3.7/lib/python3.7/site-packages/importlib_metadata/__pycache__/_itertools.cpython-37.pyc
squashfs-root/opt/python3.7/lib/python3.7/site-packages/importlib_metadata/__pycache__/_meta.cpython-37.pyc
squashfs-root/opt/python3.7/lib/python3.7/site-packages/importlib_metadata/__pycache__/_py39compat.cpython-37.pyc
squashfs-root/opt/python3.7/lib/python3.7/site-packages/importlib_metadata/__pycache__/_text.cpython-37.pyc
squashfs-root/opt/python3.7/lib/python3.7/site-packages/importlib_metadata/_adapters.py
squashfs-root/opt/python3.7/lib/python3.7/site-packages/importlib_metadata/_collections.py
squashfs-root/opt/python3.7/lib/python3.7/site-packages/importlib_metadata/_compat.py
squashfs-root/opt/python3.7/lib/python3.7/site-packages/importlib_metadata/_functools.py
squashfs-root/opt/python3.7/lib/python3.7/site-packages/importlib_metadata/_itertools.py
squashfs-root/opt/python3.7/lib/python3.7/site-packages/importlib_metadata/_meta.py
squashfs-root/opt/python3.7/lib/python3.7/site-packages/importlib_metadata/_py39compat.py
squashfs-root/opt/python3.7/lib/python3.7/site-packages/importlib_metadata/_text.py
squashfs-root/opt/python3.7/lib/python3.7/site-packages/importlib_metadata/py.typed
squashfs-root/opt/python3.7/lib/python3.7/site-packages/importlib_metadata-6.7.0.dist-info
squashfs-root/opt/python3.7/lib/python3.7/site-packages/importlib_metadata-6.7.0.dist-info/INSTALLER
squashfs-root/opt/python3.7/lib/python3.7/site-packages/importlib_metadata-6.7.0.dist-info/LICENSE
squashfs-root/opt/python3.7/lib/python3.7/site-packages/importlib_metadata-6.7.0.dist-info/METADATA
squashfs-root/opt/python3.7/lib/python3.7/site-packages/importlib_metadata-6.7.0.dist-info/RECORD
squashfs-root/opt/python3.7/lib/python3.7/site-packages/importlib_metadata-6.7.0.dist-info/REQUESTED
squashfs-root/opt/python3.7/lib/python3.7/site-packages/importlib_metadata-6.7.0.dist-info/WHEEL
squashfs-root/opt/python3.7/lib/python3.7/site-packages/importlib_metadata-6.7.0.dist-info/top_level.txt
squashfs-root/opt/python3.7/lib/python3.7/site-packages/packaging
squashfs-root/opt/python3.7/lib/python3.7/site-packages/packaging/__init__.py
squashfs-root/opt/python3.7/lib/python3.7/site-packages/packaging/__pycache__
squashfs-root/opt/python3.7/lib/python3.7/site-packages/packaging/_elffile.py
squashfs-root/opt/python3.7/lib/python3.7/site-packages/packaging/_manylinux.py
squashfs-root/opt/python3.7/lib/python3.7/site-packages/packaging/_musllinux.py
squashfs-root/opt/python3.7/lib/python3.7/site-packages/packaging/_parser.py
squashfs-root/opt/python3.7/lib/python3.7/site-packages/packaging/_structures.py
squashfs-root/opt/python3.7/lib/python3.7/site-packages/packaging/_tokenizer.py
squashfs-root/opt/python3.7/lib/python3.7/site-packages/packaging/markers.py
squashfs-root/opt/python3.7/lib/python3.7/site-packages/packaging/metadata.py
squashfs-root/opt/python3.7/lib/python3.7/site-packages/packaging/py.typed
squashfs-root/opt/python3.7/lib/python3.7/site-packages/packaging/requirements.py
squashfs-root/opt/python3.7/lib/python3.7/site-packages/packaging/specifiers.py
squashfs-root/opt/python3.7/lib/python3.7/site-packages/packaging/tags.py
squashfs-root/opt/python3.7/lib/python3.7/site-packages/packaging/utils.py
squashfs-root/opt/python3.7/lib/python3.7/site-packages/packaging/version.py
squashfs-root/opt/python3.7/lib/python3.7/site-packages/packaging-23.2.dist-info
squashfs-root/opt/python3.7/lib/python3.7/site-packages/packaging-23.2.dist-info/INSTALLER
squashfs-root/opt/python3.7/lib/python3.7/site-packages/packaging-23.2.dist-info/LICENSE
squashfs-root/opt/python3.7/lib/python3.7/site-packages/packaging-23.2.dist-info/LICENSE.APACHE
squashfs-root/opt/python3.7/lib/python3.7/site-packages/packaging-23.2.dist-info/LICENSE.BSD
squashfs-root/opt/python3.7/lib/python3.7/site-packages/packaging-23.2.dist-info/METADATA
squashfs-root/opt/python3.7/lib/python3.7/site-packages/packaging-23.2.dist-info/RECORD
squashfs-root/opt/python3.7/lib/python3.7/site-packages/packaging-23.2.dist-info/REQUESTED
squashfs-root/opt/python3.7/lib/python3.7/site-packages/packaging-23.2.dist-info/WHEEL
squashfs-root/opt/python3.7/lib/python3.7/site-packages/pip
squashfs-root/opt/python3.7/lib/python3.7/site-packages/pip/__init__.py
squashfs-root/opt/python3.7/lib/python3.7/site-packages/pip/__main__.py
squashfs-root/opt/python3.7/lib/python3.7/site-packages/pip/__pip-runner__.py
squashfs-root/opt/python3.7/lib/python3.7/site-packages/pip/__pycache__
squashfs-root/opt/python3.7/lib/python3.7/site-packages/pip/_internal
squashfs-root/opt/python3.7/lib/python3.7/site-packages/pip/_internal/__init__.py
squashfs-root/opt/python3.7/lib/python3.7/site-packages/pip/_internal/__pycache__
squashfs-root/opt/python3.7/lib/python3.7/site-packages/pip/_internal/build_env.py
squashfs-root/opt/python3.7/lib/python3.7/site-packages/pip/_internal/cache.py
squashfs-root/opt/python3.7/lib/python3.7/site-packages/pip/_internal/cli
squashfs-root/opt/python3.7/lib/python3.7/site-packages/pip/_internal/cli/__init__.py
squashfs-root/opt/python3.7/lib/python3.7/site-packages/pip/_internal/cli/__pycache__
squashfs-root/opt/python3.7/lib/python3.7/site-packages/pip/_internal/cli/autocompletion.py
squashfs-root/opt/python3.7/lib/python3.7/site-packages/pip/_internal/cli/base_command.py
squashfs-root/opt/python3.7/lib/python3.7/site-packages/pip/_internal/cli/cmdoptions.py
squashfs-root/opt/python3.7/lib/python3.7/site-packages/pip/_internal/cli/command_context.py
squashfs-root/opt/python3.7/lib/python3.7/site-packages/pip/_internal/cli/main.py
squashfs-root/opt/python3.7/lib/python3.7/site-packages/pip/_internal/cli/main_parser.py
squashfs-root/opt/python3.7/lib/python3.7/site-packages/pip/_internal/cli/parser.py
squashfs-root/opt/python3.7/lib/python3.7/site-packages/pip/_internal/cli/progress_bars.py
squashfs-root/opt/python3.7/lib/python3.7/site-packages/pip/_internal/cli/req_command.py
squashfs-root/opt/python3.7/lib/python3.7/site-packages/pip/_internal/cli/spinners.py
squashfs-root/opt/python3.7/lib/python3.7/site-packages/pip/_internal/cli/status_codes.py
squashfs-root/opt/python3.7/lib/python3.7/site-packages/pip/_internal/commands
squashfs-root/opt/python3.7/lib/python3.7/site-packages/pip/_internal/commands/__init__.py
squashfs-root/opt/python3.7/lib/python3.7/site-packages/pip/_internal/commands/__pycache__
squashfs-root/opt/python3.7/lib/python3.7/site-packages/pip/_internal/commands/cache.py
squashfs-root/opt/python3.7/lib/python3.7/site-packages/pip/_internal/commands/check.py
squashfs-root/opt/python3.7/lib/python3.7/site-packages/pip/_internal/commands/completion.py
squashfs-root/opt/python3.7/lib/python3.7/site-packages/pip/_internal/commands/configuration.py
squashfs-root/opt/python3.7/lib/python3.7/site-packages/pip/_internal/commands/debug.py
squashfs-root/opt/python3.7/lib/python3.7/site-packages/pip/_internal/commands/download.py
squashfs-root/opt/python3.7/lib/python3.7/site-packages/pip/_internal/commands/freeze.py
squashfs-root/opt/python3.7/lib/python3.7/site-packages/pip/_internal/commands/hash.py
squashfs-root/opt/python3.7/lib/python3.7/site-packages/pip/_internal/commands/help.py
squashfs-root/opt/python3.7/lib/python3.7/site-packages/pip/_internal/commands/index.py
squashfs-root/opt/python3.7/lib/python3.7/site-packages/pip/_internal/commands/inspect.py
squashfs-root/opt/python3.7/lib/python3.7/site-packages/pip/_internal/commands/install.py
squashfs-root/opt/python3.7/lib/python3.7/site-packages/pip/_internal/commands/list.py
squashfs-root/opt/python3.7/lib/python3.7/site-packages/pip/_internal/commands/search.py
squashfs-root/opt/python3.7/lib/python3.7/site-packages/pip/_internal/commands/show.py
squashfs-root/opt/python3.7/lib/python3.7/site-packages/pip/_internal/commands/uninstall.py
squashfs-root/opt/python3.7/lib/python3.7/site-packages/pip/_internal/commands/wheel.py
squashfs-root/opt/python3.7/lib/python3.7/site-packages/pip/_internal/configuration.py
squashfs-root/opt/python3.7/lib/python3.7/site-packages/pip/_internal/distributions
squashfs-root/opt/python3.7/lib/python3.7/site-packages/pip/_internal/distributions/__init__.py
squashfs-root/opt/python3.7/lib/python3.7/site-packages/pip/_internal/distributions/__pycache__
squashfs-root/opt/python3.7/lib/python3.7/site-packages/pip/_internal/distributions/base.py
squashfs-root/opt/python3.7/lib/python3.7/site-packages/pip/_internal/distributions/installed.py
squashfs-root/opt/python3.7/lib/python3.7/site-packages/pip/_internal/distributions/sdist.py
squashfs-root/opt/python3.7/lib/python3.7/site-packages/pip/_internal/distributions/wheel.py
squashfs-root/opt/python3.7/lib/python3.7/site-packages/pip/_internal/exceptions.py
squashfs-root/opt/python3.7/lib/python3.7/site-packages/pip/_internal/index
squashfs-root/opt/python3.7/lib/python3.7/site-packages/pip/_internal/index/__init__.py
squashfs-root/opt/python3.7/lib/python3.7/site-packages/pip/_internal/index/__pycache__
squashfs-root/opt/python3.7/lib/python3.7/site-packages/pip/_internal/index/collector.py
squashfs-root/opt/python3.7/lib/python3.7/site-packages/pip/_internal/index/package_finder.py
squashfs-root/opt/python3.7/lib/python3.7/site-packages/pip/_internal/index/sources.py
squashfs-root/opt/python3.7/lib/python3.7/site-packages/pip/_internal/locations
squashfs-root/opt/python3.7/lib/python3.7/site-packages/pip/_internal/locations/__init__.py
squashfs-root/opt/python3.7/lib/python3.7/site-packages/pip/_internal/locations/__pycache__
squashfs-root/opt/python3.7/lib/python3.7/site-packages/pip/_internal/locations/_distutils.py
squashfs-root/opt/python3.7/lib/python3.7/site-packages/pip/_internal/locations/_sysconfig.py
squashfs-root/opt/python3.7/lib/python3.7/site-packages/pip/_internal/locations/base.py
squashfs-root/opt/python3.7/lib/python3.7/site-packages/pip/_internal/main.py
squashfs-root/opt/python3.7/lib/python3.7/site-packages/pip/_internal/metadata
squashfs-root/opt/python3.7/lib/python3.7/site-packages/pip/_internal/metadata/__init__.py
squashfs-root/opt/python3.7/lib/python3.7/site-packages/pip/_internal/metadata/__pycache__
squashfs-root/opt/python3.7/lib/python3.7/site-packages/pip/_internal/metadata/_json.py
squashfs-root/opt/python3.7/lib/python3.7/site-packages/pip/_internal/metadata/base.py
squashfs-root/opt/python3.7/lib/python3.7/site-packages/pip/_internal/metadata/importlib
squashfs-root/opt/python3.7/lib/python3.7/site-packages/pip/_internal/metadata/importlib/__init__.py
squashfs-root/opt/python3.7/lib/python3.7/site-packages/pip/_internal/metadata/importlib/__pycache__
squashfs-root/opt/python3.7/lib/python3.7/site-packages/pip/_internal/metadata/importlib/_compat.py
squashfs-root/opt/python3.7/lib/python3.7/site-packages/pip/_internal/metadata/importlib/_dists.py
squashfs-root/opt/python3.7/lib/python3.7/site-packages/pip/_internal/metadata/importlib/_envs.py
squashfs-root/opt/python3.7/lib/python3.7/site-packages/pip/_internal/metadata/pkg_resources.py
squashfs-root/opt/python3.7/lib/python3.7/site-packages/pip/_internal/models
squashfs-root/opt/python3.7/lib/python3.7/site-packages/pip/_internal/models/__init__.py
squashfs-root/opt/python3.7/lib/python3.7/site-packages/pip/_internal/models/__pycache__
squashfs-root/opt/python3.7/lib/python3.7/site-packages/pip/_internal/models/candidate.py
squashfs-root/opt/python3.7/lib/python3.7/site-packages/pip/_internal/models/direct_url.py
squashfs-root/opt/python3.7/lib/python3.7/site-packages/pip/_internal/models/format_control.py
squashfs-root/opt/python3.7/lib/python3.7/site-packages/pip/_internal/models/index.py
squashfs-root/opt/python3.7/lib/python3.7/site-packages/pip/_internal/models/installation_report.py
squashfs-root/opt/python3.7/lib/python3.7/site-packages/pip/_internal/models/link.py
squashfs-root/opt/python3.7/lib/python3.7/site-packages/pip/_internal/models/scheme.py
squashfs-root/opt/python3.7/lib/python3.7/site-packages/pip/_internal/models/search_scope.py
squashfs-root/opt/python3.7/lib/python3.7/site-packages/pip/_internal/models/selection_prefs.py
squashfs-root/opt/python3.7/lib/python3.7/site-packages/pip/_internal/models/target_python.py
squashfs-root/opt/python3.7/lib/python3.7/site-packages/pip/_internal/models/wheel.py
squashfs-root/opt/python3.7/lib/python3.7/site-packages/pip/_internal/network
squashfs-root/opt/python3.7/lib/python3.7/site-packages/pip/_internal/network/__init__.py
squashfs-root/opt/python3.7/lib/python3.7/site-packages/pip/_internal/network/__pycache__
squashfs-root/opt/python3.7/lib/python3.7/site-packages/pip/_internal/network/auth.py
squashfs-root/opt/python3.7/lib/python3.7/site-packages/pip/_internal/network/cache.py
squashfs-root/opt/python3.7/lib/python3.7/site-packages/pip/_internal/network/download.py
squashfs-root/opt/python3.7/lib/python3.7/site-packages/pip/_internal/network/lazy_wheel.py
squashfs-root/opt/python3.7/lib/python3.7/site-packages/pip/_internal/network/session.py
squashfs-root/opt/python3.7/lib/python3.7/site-packages/pip/_internal/network/utils.py
squashfs-root/opt/python3.7/lib/python3.7/site-packages/pip/_internal/network/xmlrpc.py
squashfs-root/opt/python3.7/lib/python3.7/site-packages/pip/_internal/operations
squashfs-root/opt/python3.7/lib/python3.7/site-packages/pip/_internal/operations/__init__.py
squashfs-root/opt/python3.7/lib/python3.7/site-packages/pip/_internal/operations/__pycache__
squashfs-root/opt/python3.7/lib/python3.7/site-packages/pip/_internal/operations/build
squashfs-root/opt/python3.7/lib/python3.7/site-packages/pip/_internal/operations/build/__init__.py
squashfs-root/opt/python3.7/lib/python3.7/site-packages/pip/_internal/operations/build/__pycache__
squashfs-root/opt/python3.7/lib/python3.7/site-packages/pip/_internal/operations/build/build_tracker.py
squashfs-root/opt/python3.7/lib/python3.7/site-packages/pip/_internal/operations/build/metadata.py
squashfs-root/opt/python3.7/lib/python3.7/site-packages/pip/_internal/operations/build/metadata_editable.py
squashfs-root/opt/python3.7/lib/python3.7/site-packages/pip/_internal/operations/build/metadata_legacy.py
squashfs-root/opt/python3.7/lib/python3.7/site-packages/pip/_internal/operations/build/wheel.py
squashfs-root/opt/python3.7/lib/python3.7/site-packages/pip/_internal/operations/build/wheel_editable.py
squashfs-root/opt/python3.7/lib/python3.7/site-packages/pip/_internal/operations/build/wheel_legacy.py
squashfs-root/opt/python3.7/lib/python3.7/site-packages/pip/_internal/operations/check.py
squashfs-root/opt/python3.7/lib/python3.7/site-packages/pip/_internal/operations/freeze.py
squashfs-root/opt/python3.7/lib/python3.7/site-packages/pip/_internal/operations/install
squashfs-root/opt/python3.7/lib/python3.7/site-packages/pip/_internal/operations/install/__init__.py
squashfs-root/opt/python3.7/lib/python3.7/site-packages/pip/_internal/operations/install/__pycache__
squashfs-root/opt/python3.7/lib/python3.7/site-packages/pip/_internal/operations/install/editable_legacy.py
squashfs-root/opt/python3.7/lib/python3.7/site-packages/pip/_internal/operations/install/wheel.py
squashfs-root/opt/python3.7/lib/python3.7/site-packages/pip/_internal/operations/prepare.py
squashfs-root/opt/python3.7/lib/python3.7/site-packages/pip/_internal/pyproject.py
squashfs-root/opt/python3.7/lib/python3.7/site-packages/pip/_internal/req
squashfs-root/opt/python3.7/lib/python3.7/site-packages/pip/_internal/req/__init__.py
squashfs-root/opt/python3.7/lib/python3.7/site-packages/pip/_internal/req/__pycache__
squashfs-root/opt/python3.7/lib/python3.7/site-packages/pip/_internal/req/constructors.py
squashfs-root/opt/python3.7/lib/python3.7/site-packages/pip/_internal/req/req_file.py
squashfs-root/opt/python3.7/lib/python3.7/site-packages/pip/_internal/req/req_install.py
squashfs-root/opt/python3.7/lib/python3.7/site-packages/pip/_internal/req/req_set.py
squashfs-root/opt/python3.7/lib/python3.7/site-packages/pip/_internal/req/req_uninstall.py
squashfs-root/opt/python3.7/lib/python3.7/site-packages/pip/_internal/resolution
squashfs-root/opt/python3.7/lib/python3.7/site-packages/pip/_internal/resolution/__init__.py
squashfs-root/opt/python3.7/lib/python3.7/site-packages/pip/_internal/resolution/__pycache__
squashfs-root/opt/python3.7/lib/python3.7/site-packages/pip/_internal/resolution/base.py
squashfs-root/opt/python3.7/lib/python3.7/site-packages/pip/_internal/resolution/legacy
squashfs-root/opt/python3.7/lib/python3.7/site-packages/pip/_internal/resolution/legacy/__init__.py
squashfs-root/opt/python3.7/lib/python3.7/site-packages/pip/_internal/resolution/legacy/__pycache__
squashfs-root/opt/python3.7/lib/python3.7/site-packages/pip/_internal/resolution/legacy/resolver.py
squashfs-root/opt/python3.7/lib/python3.7/site-packages/pip/_internal/resolution/resolvelib
squashfs-root/opt/python3.7/lib/python3.7/site-packages/pip/_internal/resolution/resolvelib/__init__.py
squashfs-root/opt/python3.7/lib/python3.7/site-packages/pip/_internal/resolution/resolvelib/__pycache__
squashfs-root/opt/python3.7/lib/python3.7/site-packages/pip/_internal/resolution/resolvelib/base.py
squashfs-root/opt/python3.7/lib/python3.7/site-packages/pip/_internal/resolution/resolvelib/candidates.py
squashfs-root/opt/python3.7/lib/python3.7/site-packages/pip/_internal/resolution/resolvelib/factory.py
squashfs-root/opt/python3.7/lib/python3.7/site-packages/pip/_internal/resolution/resolvelib/found_candidates.py
squashfs-root/opt/python3.7/lib/python3.7/site-packages/pip/_internal/resolution/resolvelib/provider.py
squashfs-root/opt/python3.7/lib/python3.7/site-packages/pip/_internal/resolution/resolvelib/reporter.py
squashfs-root/opt/python3.7/lib/python3.7/site-packages/pip/_internal/resolution/resolvelib/requirements.py
squashfs-root/opt/python3.7/lib/python3.7/site-packages/pip/_internal/resolution/resolvelib/resolver.py
squashfs-root/opt/python3.7/lib/python3.7/site-packages/pip/_internal/self_outdated_check.py
squashfs-root/opt/python3.7/lib/python3.7/site-packages/pip/_internal/utils
squashfs-root/opt/python3.7/lib/python3.7/site-packages/pip/_internal/utils/__init__.py
squashfs-root/opt/python3.7/lib/python3.7/site-packages/pip/_internal/utils/__pycache__
squashfs-root/opt/python3.7/lib/python3.7/site-packages/pip/_internal/utils/_jaraco_text.py
squashfs-root/opt/python3.7/lib/python3.7/site-packages/pip/_internal/utils/_log.py
squashfs-root/opt/python3.7/lib/python3.7/site-packages/pip/_internal/utils/appdirs.py
squashfs-root/opt/python3.7/lib/python3.7/site-packages/pip/_internal/utils/compat.py
squashfs-root/opt/python3.7/lib/python3.7/site-packages/pip/_internal/utils/compatibility_tags.py
squashfs-root/opt/python3.7/lib/python3.7/site-packages/pip/_internal/utils/datetime.py
squashfs-root/opt/python3.7/lib/python3.7/site-packages/pip/_internal/utils/deprecation.py
squashfs-root/opt/python3.7/lib/python3.7/site-packages/pip/_internal/utils/direct_url_helpers.py
squashfs-root/opt/python3.7/lib/python3.7/site-packages/pip/_internal/utils/egg_link.py
squashfs-root/opt/python3.7/lib/python3.7/site-packages/pip/_internal/utils/encoding.py
squashfs-root/opt/python3.7/lib/python3.7/site-packages/pip/_internal/utils/entrypoints.py
squashfs-root/opt/python3.7/lib/python3.7/site-packages/pip/_internal/utils/filesystem.py
squashfs-root/opt/python3.7/lib/python3.7/site-packages/pip/_internal/utils/filetypes.py
squashfs-root/opt/python3.7/lib/python3.7/site-packages/pip/_internal/utils/glibc.py
squashfs-root/opt/python3.7/lib/python3.7/site-packages/pip/_internal/utils/hashes.py
squashfs-root/opt/python3.7/lib/python3.7/site-packages/pip/_internal/utils/logging.py
squashfs-root/opt/python3.7/lib/python3.7/site-packages/pip/_internal/utils/misc.py
squashfs-root/opt/python3.7/lib/python3.7/site-packages/pip/_internal/utils/models.py
squashfs-root/opt/python3.7/lib/python3.7/site-packages/pip/_internal/utils/packaging.py
squashfs-root/opt/python3.7/lib/python3.7/site-packages/pip/_internal/utils/setuptools_build.py
squashfs-root/opt/python3.7/lib/python3.7/site-packages/pip/_internal/utils/subprocess.py
squashfs-root/opt/python3.7/lib/python3.7/site-packages/pip/_internal/utils/temp_dir.py
squashfs-root/opt/python3.7/lib/python3.7/site-packages/pip/_internal/utils/unpacking.py
squashfs-root/opt/python3.7/lib/python3.7/site-packages/pip/_internal/utils/urls.py
squashfs-root/opt/python3.7/lib/python3.7/site-packages/pip/_internal/utils/virtualenv.py
squashfs-root/opt/python3.7/lib/python3.7/site-packages/pip/_internal/utils/wheel.py
squashfs-root/opt/python3.7/lib/python3.7/site-packages/pip/_internal/vcs
squashfs-root/opt/python3.7/lib/python3.7/site-packages/pip/_internal/vcs/__init__.py
squashfs-root/opt/python3.7/lib/python3.7/site-packages/pip/_internal/vcs/__pycache__
squashfs-root/opt/python3.7/lib/python3.7/site-packages/pip/_internal/vcs/bazaar.py
squashfs-root/opt/python3.7/lib/python3.7/site-packages/pip/_internal/vcs/git.py
squashfs-root/opt/python3.7/lib/python3.7/site-packages/pip/_internal/vcs/mercurial.py
squashfs-root/opt/python3.7/lib/python3.7/site-packages/pip/_internal/vcs/subversion.py
squashfs-root/opt/python3.7/lib/python3.7/site-packages/pip/_internal/vcs/versioncontrol.py
squashfs-root/opt/python3.7/lib/python3.7/site-packages/pip/_internal/wheel_builder.py
squashfs-root/opt/python3.7/lib/python3.7/site-packages/pip/_vendor
squashfs-root/opt/python3.7/lib/python3.7/site-packages/pip/_vendor/__init__.py
squashfs-root/opt/python3.7/lib/python3.7/site-packages/pip/_vendor/__pycache__
squashfs-root/opt/python3.7/lib/python3.7/site-packages/pip/_vendor/cachecontrol
squashfs-root/opt/python3.7/lib/python3.7/site-packages/pip/_vendor/cachecontrol/__init__.py
squashfs-root/opt/python3.7/lib/python3.7/site-packages/pip/_vendor/cachecontrol/__pycache__
squashfs-root/opt/python3.7/lib/python3.7/site-packages/pip/_vendor/cachecontrol/_cmd.py
squashfs-root/opt/python3.7/lib/python3.7/site-packages/pip/_vendor/cachecontrol/adapter.py
squashfs-root/opt/python3.7/lib/python3.7/site-packages/pip/_vendor/cachecontrol/cache.py
squashfs-root/opt/python3.7/lib/python3.7/site-packages/pip/_vendor/cachecontrol/caches
squashfs-root/opt/python3.7/lib/python3.7/site-packages/pip/_vendor/cachecontrol/caches/__init__.py
squashfs-root/opt/python3.7/lib/python3.7/site-packages/pip/_vendor/cachecontrol/caches/__pycache__
squashfs-root/opt/python3.7/lib/python3.7/site-packages/pip/_vendor/cachecontrol/caches/file_cache.py
squashfs-root/opt/python3.7/lib/python3.7/site-packages/pip/_vendor/cachecontrol/caches/redis_cache.py
squashfs-root/opt/python3.7/lib/python3.7/site-packages/pip/_vendor/cachecontrol/controller.py
squashfs-root/opt/python3.7/lib/python3.7/site-packages/pip/_vendor/cachecontrol/filewrapper.py
squashfs-root/opt/python3.7/lib/python3.7/site-packages/pip/_vendor/cachecontrol/heuristics.py
squashfs-root/opt/python3.7/lib/python3.7/site-packages/pip/_vendor/cachecontrol/serialize.py
squashfs-root/opt/python3.7/lib/python3.7/site-packages/pip/_vendor/cachecontrol/wrapper.py
squashfs-root/opt/python3.7/lib/python3.7/site-packages/pip/_vendor/certifi
squashfs-root/opt/python3.7/lib/python3.7/site-packages/pip/_vendor/certifi/__init__.py
squashfs-root/opt/python3.7/lib/python3.7/site-packages/pip/_vendor/certifi/__main__.py
squashfs-root/opt/python3.7/lib/python3.7/site-packages/pip/_vendor/certifi/__pycache__
squashfs-root/opt/python3.7/lib/python3.7/site-packages/pip/_vendor/certifi/cacert.pem
squashfs-root/opt/python3.7/lib/python3.7/site-packages/pip/_vendor/certifi/core.py
squashfs-root/opt/python3.7/lib/python3.7/site-packages/pip/_vendor/chardet
squashfs-root/opt/python3.7/lib/python3.7/site-packages/pip/_vendor/chardet/__init__.py
squashfs-root/opt/python3.7/lib/python3.7/site-packages/pip/_vendor/chardet/__pycache__
squashfs-root/opt/python3.7/lib/python3.7/site-packages/pip/_vendor/chardet/big5freq.py
squashfs-root/opt/python3.7/lib/python3.7/site-packages/pip/_vendor/chardet/big5prober.py
squashfs-root/opt/python3.7/lib/python3.7/site-packages/pip/_vendor/chardet/chardistribution.py
squashfs-root/opt/python3.7/lib/python3.7/site-packages/pip/_vendor/chardet/charsetgroupprober.py
squashfs-root/opt/python3.7/lib/python3.7/site-packages/pip/_vendor/chardet/charsetprober.py
squashfs-root/opt/python3.7/lib/python3.7/site-packages/pip/_vendor/chardet/cli
squashfs-root/opt/python3.7/lib/python3.7/site-packages/pip/_vendor/chardet/cli/__init__.py
squashfs-root/opt/python3.7/lib/python3.7/site-packages/pip/_vendor/chardet/cli/__pycache__
squashfs-root/opt/python3.7/lib/python3.7/site-packages/pip/_vendor/chardet/cli/chardetect.py
squashfs-root/opt/python3.7/lib/python3.7/site-packages/pip/_vendor/chardet/codingstatemachine.py
squashfs-root/opt/python3.7/lib/python3.7/site-packages/pip/_vendor/chardet/codingstatemachinedict.py
squashfs-root/opt/python3.7/lib/python3.7/site-packages/pip/_vendor/chardet/cp949prober.py
squashfs-root/opt/python3.7/lib/python3.7/site-packages/pip/_vendor/chardet/enums.py
squashfs-root/opt/python3.7/lib/python3.7/site-packages/pip/_vendor/chardet/escprober.py
squashfs-root/opt/python3.7/lib/python3.7/site-packages/pip/_vendor/chardet/escsm.py
squashfs-root/opt/python3.7/lib/python3.7/site-packages/pip/_vendor/chardet/eucjpprober.py
squashfs-root/opt/python3.7/lib/python3.7/site-packages/pip/_vendor/chardet/euckrfreq.py
squashfs-root/opt/python3.7/lib/python3.7/site-packages/pip/_vendor/chardet/euckrprober.py
squashfs-root/opt/python3.7/lib/python3.7/site-packages/pip/_vendor/chardet/euctwfreq.py
squashfs-root/opt/python3.7/lib/python3.7/site-packages/pip/_vendor/chardet/euctwprober.py
squashfs-root/opt/python3.7/lib/python3.7/site-packages/pip/_vendor/chardet/gb2312freq.py
squashfs-root/opt/python3.7/lib/python3.7/site-packages/pip/_vendor/chardet/gb2312prober.py
squashfs-root/opt/python3.7/lib/python3.7/site-packages/pip/_vendor/chardet/hebrewprober.py
squashfs-root/opt/python3.7/lib/python3.7/site-packages/pip/_vendor/chardet/jisfreq.py
squashfs-root/opt/python3.7/lib/python3.7/site-packages/pip/_vendor/chardet/johabfreq.py
squashfs-root/opt/python3.7/lib/python3.7/site-packages/pip/_vendor/chardet/johabprober.py
squashfs-root/opt/python3.7/lib/python3.7/site-packages/pip/_vendor/chardet/jpcntx.py
squashfs-root/opt/python3.7/lib/python3.7/site-packages/pip/_vendor/chardet/langbulgarianmodel.py
squashfs-root/opt/python3.7/lib/python3.7/site-packages/pip/_vendor/chardet/langgreekmodel.py
squashfs-root/opt/python3.7/lib/python3.7/site-packages/pip/_vendor/chardet/langhebrewmodel.py
squashfs-root/opt/python3.7/lib/python3.7/site-packages/pip/_vendor/chardet/langhungarianmodel.py
squashfs-root/opt/python3.7/lib/python3.7/site-packages/pip/_vendor/chardet/langrussianmodel.py
squashfs-root/opt/python3.7/lib/python3.7/site-packages/pip/_vendor/chardet/langthaimodel.py
squashfs-root/opt/python3.7/lib/python3.7/site-packages/pip/_vendor/chardet/langturkishmodel.py
squashfs-root/opt/python3.7/lib/python3.7/site-packages/pip/_vendor/chardet/latin1prober.py
squashfs-root/opt/python3.7/lib/python3.7/site-packages/pip/_vendor/chardet/macromanprober.py
squashfs-root/opt/python3.7/lib/python3.7/site-packages/pip/_vendor/chardet/mbcharsetprober.py
squashfs-root/opt/python3.7/lib/python3.7/site-packages/pip/_vendor/chardet/mbcsgroupprober.py
squashfs-root/opt/python3.7/lib/python3.7/site-packages/pip/_vendor/chardet/mbcssm.py
squashfs-root/opt/python3.7/lib/python3.7/site-packages/pip/_vendor/chardet/metadata
squashfs-root/opt/python3.7/lib/python3.7/site-packages/pip/_vendor/chardet/metadata/__init__.py
squashfs-root/opt/python3.7/lib/python3.7/site-packages/pip/_vendor/chardet/metadata/__pycache__
squashfs-root/opt/python3.7/lib/python3.7/site-packages/pip/_vendor/chardet/metadata/languages.py
squashfs-root/opt/python3.7/lib/python3.7/site-packages/pip/_vendor/chardet/resultdict.py
squashfs-root/opt/python3.7/lib/python3.7/site-packages/pip/_vendor/chardet/sbcharsetprober.py
squashfs-root/opt/python3.7/lib/python3.7/site-packages/pip/_vendor/chardet/sbcsgroupprober.py
squashfs-root/opt/python3.7/lib/python3.7/site-packages/pip/_vendor/chardet/sjisprober.py
squashfs-root/opt/python3.7/lib/python3.7/site-packages/pip/_vendor/chardet/universaldetector.py
squashfs-root/opt/python3.7/lib/python3.7/site-packages/pip/_vendor/chardet/utf1632prober.py
squashfs-root/opt/python3.7/lib/python3.7/site-packages/pip/_vendor/chardet/utf8prober.py
squashfs-root/opt/python3.7/lib/python3.7/site-packages/pip/_vendor/chardet/version.py
squashfs-root/opt/python3.7/lib/python3.7/site-packages/pip/_vendor/colorama
squashfs-root/opt/python3.7/lib/python3.7/site-packages/pip/_vendor/colorama/__init__.py
squashfs-root/opt/python3.7/lib/python3.7/site-packages/pip/_vendor/colorama/__pycache__
squashfs-root/opt/python3.7/lib/python3.7/site-packages/pip/_vendor/colorama/ansi.py
squashfs-root/opt/python3.7/lib/python3.7/site-packages/pip/_vendor/colorama/ansitowin32.py
squashfs-root/opt/python3.7/lib/python3.7/site-packages/pip/_vendor/colorama/initialise.py
squashfs-root/opt/python3.7/lib/python3.7/site-packages/pip/_vendor/colorama/win32.py
squashfs-root/opt/python3.7/lib/python3.7/site-packages/pip/_vendor/colorama/winterm.py
squashfs-root/opt/python3.7/lib/python3.7/site-packages/pip/_vendor/distlib
squashfs-root/opt/python3.7/lib/python3.7/site-packages/pip/_vendor/distlib/__init__.py
squashfs-root/opt/python3.7/lib/python3.7/site-packages/pip/_vendor/distlib/__pycache__
squashfs-root/opt/python3.7/lib/python3.7/site-packages/pip/_vendor/distlib/compat.py
squashfs-root/opt/python3.7/lib/python3.7/site-packages/pip/_vendor/distlib/database.py
squashfs-root/opt/python3.7/lib/python3.7/site-packages/pip/_vendor/distlib/index.py
squashfs-root/opt/python3.7/lib/python3.7/site-packages/pip/_vendor/distlib/locators.py
squashfs-root/opt/python3.7/lib/python3.7/site-packages/pip/_vendor/distlib/manifest.py
squashfs-root/opt/python3.7/lib/python3.7/site-packages/pip/_vendor/distlib/markers.py
squashfs-root/opt/python3.7/lib/python3.7/site-packages/pip/_vendor/distlib/metadata.py
squashfs-root/opt/python3.7/lib/python3.7/site-packages/pip/_vendor/distlib/resources.py
squashfs-root/opt/python3.7/lib/python3.7/site-packages/pip/_vendor/distlib/scripts.py
squashfs-root/opt/python3.7/lib/python3.7/site-packages/pip/_vendor/distlib/t32.exe
squashfs-root/opt/python3.7/lib/python3.7/site-packages/pip/_vendor/distlib/t64-arm.exe
squashfs-root/opt/python3.7/lib/python3.7/site-packages/pip/_vendor/distlib/t64.exe
squashfs-root/opt/python3.7/lib/python3.7/site-packages/pip/_vendor/distlib/util.py
squashfs-root/opt/python3.7/lib/python3.7/site-packages/pip/_vendor/distlib/version.py
squashfs-root/opt/python3.7/lib/python3.7/site-packages/pip/_vendor/distlib/w32.exe
squashfs-root/opt/python3.7/lib/python3.7/site-packages/pip/_vendor/distlib/w64-arm.exe
squashfs-root/opt/python3.7/lib/python3.7/site-packages/pip/_vendor/distlib/w64.exe
squashfs-root/opt/python3.7/lib/python3.7/site-packages/pip/_vendor/distlib/wheel.py
squashfs-root/opt/python3.7/lib/python3.7/site-packages/pip/_vendor/distro
squashfs-root/opt/python3.7/lib/python3.7/site-packages/pip/_vendor/distro/__init__.py
squashfs-root/opt/python3.7/lib/python3.7/site-packages/pip/_vendor/distro/__main__.py
squashfs-root/opt/python3.7/lib/python3.7/site-packages/pip/_vendor/distro/__pycache__
squashfs-root/opt/python3.7/lib/python3.7/site-packages/pip/_vendor/distro/distro.py
squashfs-root/opt/python3.7/lib/python3.7/site-packages/pip/_vendor/idna
squashfs-root/opt/python3.7/lib/python3.7/site-packages/pip/_vendor/idna/__init__.py
squashfs-root/opt/python3.7/lib/python3.7/site-packages/pip/_vendor/idna/__pycache__
squashfs-root/opt/python3.7/lib/python3.7/site-packages/pip/_vendor/idna/codec.py
squashfs-root/opt/python3.7/lib/python3.7/site-packages/pip/_vendor/idna/compat.py
squashfs-root/opt/python3.7/lib/python3.7/site-packages/pip/_vendor/idna/core.py
squashfs-root/opt/python3.7/lib/python3.7/site-packages/pip/_vendor/idna/idnadata.py
squashfs-root/opt/python3.7/lib/python3.7/site-packages/pip/_vendor/idna/intranges.py
squashfs-root/opt/python3.7/lib/python3.7/site-packages/pip/_vendor/idna/package_data.py
squashfs-root/opt/python3.7/lib/python3.7/site-packages/pip/_vendor/idna/uts46data.py
squashfs-root/opt/python3.7/lib/python3.7/site-packages/pip/_vendor/msgpack
squashfs-root/opt/python3.7/lib/python3.7/site-packages/pip/_vendor/msgpack/__init__.py
squashfs-root/opt/python3.7/lib/python3.7/site-packages/pip/_vendor/msgpack/__pycache__
squashfs-root/opt/python3.7/lib/python3.7/site-packages/pip/_vendor/msgpack/exceptions.py
squashfs-root/opt/python3.7/lib/python3.7/site-packages/pip/_vendor/msgpack/ext.py
squashfs-root/opt/python3.7/lib/python3.7/site-packages/pip/_vendor/msgpack/fallback.py
squashfs-root/opt/python3.7/lib/python3.7/site-packages/pip/_vendor/packaging
squashfs-root/opt/python3.7/lib/python3.7/site-packages/pip/_vendor/packaging/__about__.py
squashfs-root/opt/python3.7/lib/python3.7/site-packages/pip/_vendor/packaging/__init__.py
squashfs-root/opt/python3.7/lib/python3.7/site-packages/pip/_vendor/packaging/__pycache__
squashfs-root/opt/python3.7/lib/python3.7/site-packages/pip/_vendor/packaging/_manylinux.py
squashfs-root/opt/python3.7/lib/python3.7/site-packages/pip/_vendor/packaging/_musllinux.py
squashfs-root/opt/python3.7/lib/python3.7/site-packages/pip/_vendor/packaging/_structures.py
squashfs-root/opt/python3.7/lib/python3.7/site-packages/pip/_vendor/packaging/markers.py
squashfs-root/opt/python3.7/lib/python3.7/site-packages/pip/_vendor/packaging/requirements.py
squashfs-root/opt/python3.7/lib/python3.7/site-packages/pip/_vendor/packaging/specifiers.py
squashfs-root/opt/python3.7/lib/python3.7/site-packages/pip/_vendor/packaging/tags.py
squashfs-root/opt/python3.7/lib/python3.7/site-packages/pip/_vendor/packaging/utils.py
squashfs-root/opt/python3.7/lib/python3.7/site-packages/pip/_vendor/packaging/version.py
squashfs-root/opt/python3.7/lib/python3.7/site-packages/pip/_vendor/pkg_resources
squashfs-root/opt/python3.7/lib/python3.7/site-packages/pip/_vendor/pkg_resources/__init__.py
squashfs-root/opt/python3.7/lib/python3.7/site-packages/pip/_vendor/pkg_resources/__pycache__
squashfs-root/opt/python3.7/lib/python3.7/site-packages/pip/_vendor/platformdirs
squashfs-root/opt/python3.7/lib/python3.7/site-packages/pip/_vendor/platformdirs/__init__.py
squashfs-root/opt/python3.7/lib/python3.7/site-packages/pip/_vendor/platformdirs/__main__.py
squashfs-root/opt/python3.7/lib/python3.7/site-packages/pip/_vendor/platformdirs/__pycache__
squashfs-root/opt/python3.7/lib/python3.7/site-packages/pip/_vendor/platformdirs/android.py
squashfs-root/opt/python3.7/lib/python3.7/site-packages/pip/_vendor/platformdirs/api.py
squashfs-root/opt/python3.7/lib/python3.7/site-packages/pip/_vendor/platformdirs/macos.py
squashfs-root/opt/python3.7/lib/python3.7/site-packages/pip/_vendor/platformdirs/unix.py
squashfs-root/opt/python3.7/lib/python3.7/site-packages/pip/_vendor/platformdirs/version.py
squashfs-root/opt/python3.7/lib/python3.7/site-packages/pip/_vendor/platformdirs/windows.py
squashfs-root/opt/python3.7/lib/python3.7/site-packages/pip/_vendor/pygments
squashfs-root/opt/python3.7/lib/python3.7/site-packages/pip/_vendor/pygments/__init__.py
squashfs-root/opt/python3.7/lib/python3.7/site-packages/pip/_vendor/pygments/__main__.py
squashfs-root/opt/python3.7/lib/python3.7/site-packages/pip/_vendor/pygments/__pycache__
squashfs-root/opt/python3.7/lib/python3.7/site-packages/pip/_vendor/pygments/cmdline.py
squashfs-root/opt/python3.7/lib/python3.7/site-packages/pip/_vendor/pygments/console.py
squashfs-root/opt/python3.7/lib/python3.7/site-packages/pip/_vendor/pygments/filter.py
squashfs-root/opt/python3.7/lib/python3.7/site-packages/pip/_vendor/pygments/filters
squashfs-root/opt/python3.7/lib/python3.7/site-packages/pip/_vendor/pygments/filters/__init__.py
squashfs-root/opt/python3.7/lib/python3.7/site-packages/pip/_vendor/pygments/filters/__pycache__
squashfs-root/opt/python3.7/lib/python3.7/site-packages/pip/_vendor/pygments/formatter.py
squashfs-root/opt/python3.7/lib/python3.7/site-packages/pip/_vendor/pygments/formatters
squashfs-root/opt/python3.7/lib/python3.7/site-packages/pip/_vendor/pygments/formatters/__init__.py
squashfs-root/opt/python3.7/lib/python3.7/site-packages/pip/_vendor/pygments/formatters/__pycache__
squashfs-root/opt/python3.7/lib/python3.7/site-packages/pip/_vendor/pygments/formatters/_mapping.py
squashfs-root/opt/python3.7/lib/python3.7/site-packages/pip/_vendor/pygments/formatters/bbcode.py
squashfs-root/opt/python3.7/lib/python3.7/site-packages/pip/_vendor/pygments/formatters/groff.py
squashfs-root/opt/python3.7/lib/python3.7/site-packages/pip/_vendor/pygments/formatters/html.py
squashfs-root/opt/python3.7/lib/python3.7/site-packages/pip/_vendor/pygments/formatters/img.py
squashfs-root/opt/python3.7/lib/python3.7/site-packages/pip/_vendor/pygments/formatters/irc.py
squashfs-root/opt/python3.7/lib/python3.7/site-packages/pip/_vendor/pygments/formatters/latex.py
squashfs-root/opt/python3.7/lib/python3.7/site-packages/pip/_vendor/pygments/formatters/other.py
squashfs-root/opt/python3.7/lib/python3.7/site-packages/pip/_vendor/pygments/formatters/pangomarkup.py
squashfs-root/opt/python3.7/lib/python3.7/site-packages/pip/_vendor/pygments/formatters/rtf.py
squashfs-root/opt/python3.7/lib/python3.7/site-packages/pip/_vendor/pygments/formatters/svg.py
squashfs-root/opt/python3.7/lib/python3.7/site-packages/pip/_vendor/pygments/formatters/terminal.py
squashfs-root/opt/python3.7/lib/python3.7/site-packages/pip/_vendor/pygments/formatters/terminal256.py
squashfs-root/opt/python3.7/lib/python3.7/site-packages/pip/_vendor/pygments/lexer.py
squashfs-root/opt/python3.7/lib/python3.7/site-packages/pip/_vendor/pygments/lexers
squashfs-root/opt/python3.7/lib/python3.7/site-packages/pip/_vendor/pygments/lexers/__init__.py
squashfs-root/opt/python3.7/lib/python3.7/site-packages/pip/_vendor/pygments/lexers/__pycache__
squashfs-root/opt/python3.7/lib/python3.7/site-packages/pip/_vendor/pygments/lexers/_mapping.py
squashfs-root/opt/python3.7/lib/python3.7/site-packages/pip/_vendor/pygments/lexers/python.py
squashfs-root/opt/python3.7/lib/python3.7/site-packages/pip/_vendor/pygments/modeline.py
squashfs-root/opt/python3.7/lib/python3.7/site-packages/pip/_vendor/pygments/plugin.py
squashfs-root/opt/python3.7/lib/python3.7/site-packages/pip/_vendor/pygments/regexopt.py
squashfs-root/opt/python3.7/lib/python3.7/site-packages/pip/_vendor/pygments/scanner.py
squashfs-root/opt/python3.7/lib/python3.7/site-packages/pip/_vendor/pygments/sphinxext.py
squashfs-root/opt/python3.7/lib/python3.7/site-packages/pip/_vendor/pygments/style.py
squashfs-root/opt/python3.7/lib/python3.7/site-packages/pip/_vendor/pygments/styles
squashfs-root/opt/python3.7/lib/python3.7/site-packages/pip/_vendor/pygments/styles/__init__.py
squashfs-root/opt/python3.7/lib/python3.7/site-packages/pip/_vendor/pygments/styles/__pycache__
squashfs-root/opt/python3.7/lib/python3.7/site-packages/pip/_vendor/pygments/token.py
squashfs-root/opt/python3.7/lib/python3.7/site-packages/pip/_vendor/pygments/unistring.py
squashfs-root/opt/python3.7/lib/python3.7/site-packages/pip/_vendor/pygments/util.py
squashfs-root/opt/python3.7/lib/python3.7/site-packages/pip/_vendor/pyparsing
squashfs-root/opt/python3.7/lib/python3.7/site-packages/pip/_vendor/pyparsing/__init__.py
squashfs-root/opt/python3.7/lib/python3.7/site-packages/pip/_vendor/pyparsing/__pycache__
squashfs-root/opt/python3.7/lib/python3.7/site-packages/pip/_vendor/pyparsing/actions.py
squashfs-root/opt/python3.7/lib/python3.7/site-packages/pip/_vendor/pyparsing/common.py
squashfs-root/opt/python3.7/lib/python3.7/site-packages/pip/_vendor/pyparsing/core.py
squashfs-root/opt/python3.7/lib/python3.7/site-packages/pip/_vendor/pyparsing/diagram
squashfs-root/opt/python3.7/lib/python3.7/site-packages/pip/_vendor/pyparsing/diagram/__init__.py
squashfs-root/opt/python3.7/lib/python3.7/site-packages/pip/_vendor/pyparsing/diagram/__pycache__
squashfs-root/opt/python3.7/lib/python3.7/site-packages/pip/_vendor/pyparsing/exceptions.py
squashfs-root/opt/python3.7/lib/python3.7/site-packages/pip/_vendor/pyparsing/helpers.py
squashfs-root/opt/python3.7/lib/python3.7/site-packages/pip/_vendor/pyparsing/results.py
squashfs-root/opt/python3.7/lib/python3.7/site-packages/pip/_vendor/pyparsing/testing.py
squashfs-root/opt/python3.7/lib/python3.7/site-packages/pip/_vendor/pyparsing/unicode.py
squashfs-root/opt/python3.7/lib/python3.7/site-packages/pip/_vendor/pyparsing/util.py
squashfs-root/opt/python3.7/lib/python3.7/site-packages/pip/_vendor/pyproject_hooks
squashfs-root/opt/python3.7/lib/python3.7/site-packages/pip/_vendor/pyproject_hooks/__init__.py
squashfs-root/opt/python3.7/lib/python3.7/site-packages/pip/_vendor/pyproject_hooks/__pycache__
squashfs-root/opt/python3.7/lib/python3.7/site-packages/pip/_vendor/pyproject_hooks/_compat.py
squashfs-root/opt/python3.7/lib/python3.7/site-packages/pip/_vendor/pyproject_hooks/_impl.py
squashfs-root/opt/python3.7/lib/python3.7/site-packages/pip/_vendor/pyproject_hooks/_in_process
squashfs-root/opt/python3.7/lib/python3.7/site-packages/pip/_vendor/pyproject_hooks/_in_process/__init__.py
squashfs-root/opt/python3.7/lib/python3.7/site-packages/pip/_vendor/pyproject_hooks/_in_process/__pycache__
squashfs-root/opt/python3.7/lib/python3.7/site-packages/pip/_vendor/pyproject_hooks/_in_process/_in_process.py
squashfs-root/opt/python3.7/lib/python3.7/site-packages/pip/_vendor/requests
squashfs-root/opt/python3.7/lib/python3.7/site-packages/pip/_vendor/requests/__init__.py
squashfs-root/opt/python3.7/lib/python3.7/site-packages/pip/_vendor/requests/__pycache__
squashfs-root/opt/python3.7/lib/python3.7/site-packages/pip/_vendor/requests/__version__.py
squashfs-root/opt/python3.7/lib/python3.7/site-packages/pip/_vendor/requests/_internal_utils.py
squashfs-root/opt/python3.7/lib/python3.7/site-packages/pip/_vendor/requests/adapters.py
squashfs-root/opt/python3.7/lib/python3.7/site-packages/pip/_vendor/requests/api.py
squashfs-root/opt/python3.7/lib/python3.7/site-packages/pip/_vendor/requests/auth.py
squashfs-root/opt/python3.7/lib/python3.7/site-packages/pip/_vendor/requests/certs.py
squashfs-root/opt/python3.7/lib/python3.7/site-packages/pip/_vendor/requests/compat.py
squashfs-root/opt/python3.7/lib/python3.7/site-packages/pip/_vendor/requests/cookies.py
squashfs-root/opt/python3.7/lib/python3.7/site-packages/pip/_vendor/requests/exceptions.py
squashfs-root/opt/python3.7/lib/python3.7/site-packages/pip/_vendor/requests/help.py
squashfs-root/opt/python3.7/lib/python3.7/site-packages/pip/_vendor/requests/hooks.py
squashfs-root/opt/python3.7/lib/python3.7/site-packages/pip/_vendor/requests/models.py
squashfs-root/opt/python3.7/lib/python3.7/site-packages/pip/_vendor/requests/packages.py
squashfs-root/opt/python3.7/lib/python3.7/site-packages/pip/_vendor/requests/sessions.py
squashfs-root/opt/python3.7/lib/python3.7/site-packages/pip/_vendor/requests/status_codes.py
squashfs-root/opt/python3.7/lib/python3.7/site-packages/pip/_vendor/requests/structures.py
squashfs-root/opt/python3.7/lib/python3.7/site-packages/pip/_vendor/requests/utils.py
squashfs-root/opt/python3.7/lib/python3.7/site-packages/pip/_vendor/resolvelib
squashfs-root/opt/python3.7/lib/python3.7/site-packages/pip/_vendor/resolvelib/__init__.py
squashfs-root/opt/python3.7/lib/python3.7/site-packages/pip/_vendor/resolvelib/__pycache__
squashfs-root/opt/python3.7/lib/python3.7/site-packages/pip/_vendor/resolvelib/compat
squashfs-root/opt/python3.7/lib/python3.7/site-packages/pip/_vendor/resolvelib/compat/__init__.py
squashfs-root/opt/python3.7/lib/python3.7/site-packages/pip/_vendor/resolvelib/compat/__pycache__
squashfs-root/opt/python3.7/lib/python3.7/site-packages/pip/_vendor/resolvelib/compat/collections_abc.py
squashfs-root/opt/python3.7/lib/python3.7/site-packages/pip/_vendor/resolvelib/providers.py
squashfs-root/opt/python3.7/lib/python3.7/site-packages/pip/_vendor/resolvelib/reporters.py
squashfs-root/opt/python3.7/lib/python3.7/site-packages/pip/_vendor/resolvelib/resolvers.py
squashfs-root/opt/python3.7/lib/python3.7/site-packages/pip/_vendor/resolvelib/structs.py
squashfs-root/opt/python3.7/lib/python3.7/site-packages/pip/_vendor/rich
squashfs-root/opt/python3.7/lib/python3.7/site-packages/pip/_vendor/rich/__init__.py
squashfs-root/opt/python3.7/lib/python3.7/site-packages/pip/_vendor/rich/__main__.py
squashfs-root/opt/python3.7/lib/python3.7/site-packages/pip/_vendor/rich/__pycache__
squashfs-root/opt/python3.7/lib/python3.7/site-packages/pip/_vendor/rich/_cell_widths.py
squashfs-root/opt/python3.7/lib/python3.7/site-packages/pip/_vendor/rich/_emoji_codes.py
squashfs-root/opt/python3.7/lib/python3.7/site-packages/pip/_vendor/rich/_emoji_replace.py
squashfs-root/opt/python3.7/lib/python3.7/site-packages/pip/_vendor/rich/_export_format.py
squashfs-root/opt/python3.7/lib/python3.7/site-packages/pip/_vendor/rich/_extension.py
squashfs-root/opt/python3.7/lib/python3.7/site-packages/pip/_vendor/rich/_fileno.py
squashfs-root/opt/python3.7/lib/python3.7/site-packages/pip/_vendor/rich/_inspect.py
squashfs-root/opt/python3.7/lib/python3.7/site-packages/pip/_vendor/rich/_log_render.py
squashfs-root/opt/python3.7/lib/python3.7/site-packages/pip/_vendor/rich/_loop.py
squashfs-root/opt/python3.7/lib/python3.7/site-packages/pip/_vendor/rich/_null_file.py
squashfs-root/opt/python3.7/lib/python3.7/site-packages/pip/_vendor/rich/_palettes.py
squashfs-root/opt/python3.7/lib/python3.7/site-packages/pip/_vendor/rich/_pick.py
squashfs-root/opt/python3.7/lib/python3.7/site-packages/pip/_vendor/rich/_ratio.py
squashfs-root/opt/python3.7/lib/python3.7/site-packages/pip/_vendor/rich/_spinners.py
squashfs-root/opt/python3.7/lib/python3.7/site-packages/pip/_vendor/rich/_stack.py
squashfs-root/opt/python3.7/lib/python3.7/site-packages/pip/_vendor/rich/_timer.py
squashfs-root/opt/python3.7/lib/python3.7/site-packages/pip/_vendor/rich/_win32_console.py
squashfs-root/opt/python3.7/lib/python3.7/site-packages/pip/_vendor/rich/_windows.py
squashfs-root/opt/python3.7/lib/python3.7/site-packages/pip/_vendor/rich/_windows_renderer.py
squashfs-root/opt/python3.7/lib/python3.7/site-packages/pip/_vendor/rich/_wrap.py
squashfs-root/opt/python3.7/lib/python3.7/site-packages/pip/_vendor/rich/abc.py
squashfs-root/opt/python3.7/lib/python3.7/site-packages/pip/_vendor/rich/align.py
squashfs-root/opt/python3.7/lib/python3.7/site-packages/pip/_vendor/rich/ansi.py
squashfs-root/opt/python3.7/lib/python3.7/site-packages/pip/_vendor/rich/bar.py
squashfs-root/opt/python3.7/lib/python3.7/site-packages/pip/_vendor/rich/box.py
squashfs-root/opt/python3.7/lib/python3.7/site-packages/pip/_vendor/rich/cells.py
squashfs-root/opt/python3.7/lib/python3.7/site-packages/pip/_vendor/rich/color.py
squashfs-root/opt/python3.7/lib/python3.7/site-packages/pip/_vendor/rich/color_triplet.py
squashfs-root/opt/python3.7/lib/python3.7/site-packages/pip/_vendor/rich/columns.py
squashfs-root/opt/python3.7/lib/python3.7/site-packages/pip/_vendor/rich/console.py
squashfs-root/opt/python3.7/lib/python3.7/site-packages/pip/_vendor/rich/constrain.py
squashfs-root/opt/python3.7/lib/python3.7/site-packages/pip/_vendor/rich/containers.py
squashfs-root/opt/python3.7/lib/python3.7/site-packages/pip/_vendor/rich/control.py
squashfs-root/opt/python3.7/lib/python3.7/site-packages/pip/_vendor/rich/default_styles.py
squashfs-root/opt/python3.7/lib/python3.7/site-packages/pip/_vendor/rich/diagnose.py
squashfs-root/opt/python3.7/lib/python3.7/site-packages/pip/_vendor/rich/emoji.py
squashfs-root/opt/python3.7/lib/python3.7/site-packages/pip/_vendor/rich/errors.py
squashfs-root/opt/python3.7/lib/python3.7/site-packages/pip/_vendor/rich/file_proxy.py
squashfs-root/opt/python3.7/lib/python3.7/site-packages/pip/_vendor/rich/filesize.py
squashfs-root/opt/python3.7/lib/python3.7/site-packages/pip/_vendor/rich/highlighter.py
squashfs-root/opt/python3.7/lib/python3.7/site-packages/pip/_vendor/rich/json.py
squashfs-root/opt/python3.7/lib/python3.7/site-packages/pip/_vendor/rich/jupyter.py
squashfs-root/opt/python3.7/lib/python3.7/site-packages/pip/_vendor/rich/layout.py
squashfs-root/opt/python3.7/lib/python3.7/site-packages/pip/_vendor/rich/live.py
squashfs-root/opt/python3.7/lib/python3.7/site-packages/pip/_vendor/rich/live_render.py
squashfs-root/opt/python3.7/lib/python3.7/site-packages/pip/_vendor/rich/logging.py
squashfs-root/opt/python3.7/lib/python3.7/site-packages/pip/_vendor/rich/markup.py
squashfs-root/opt/python3.7/lib/python3.7/site-packages/pip/_vendor/rich/measure.py
squashfs-root/opt/python3.7/lib/python3.7/site-packages/pip/_vendor/rich/padding.py
squashfs-root/opt/python3.7/lib/python3.7/site-packages/pip/_vendor/rich/pager.py
squashfs-root/opt/python3.7/lib/python3.7/site-packages/pip/_vendor/rich/palette.py
squashfs-root/opt/python3.7/lib/python3.7/site-packages/pip/_vendor/rich/panel.py
squashfs-root/opt/python3.7/lib/python3.7/site-packages/pip/_vendor/rich/pretty.py
squashfs-root/opt/python3.7/lib/python3.7/site-packages/pip/_vendor/rich/progress.py
squashfs-root/opt/python3.7/lib/python3.7/site-packages/pip/_vendor/rich/progress_bar.py
squashfs-root/opt/python3.7/lib/python3.7/site-packages/pip/_vendor/rich/prompt.py
squashfs-root/opt/python3.7/lib/python3.7/site-packages/pip/_vendor/rich/protocol.py
squashfs-root/opt/python3.7/lib/python3.7/site-packages/pip/_vendor/rich/region.py
squashfs-root/opt/python3.7/lib/python3.7/site-packages/pip/_vendor/rich/repr.py
squashfs-root/opt/python3.7/lib/python3.7/site-packages/pip/_vendor/rich/rule.py
squashfs-root/opt/python3.7/lib/python3.7/site-packages/pip/_vendor/rich/scope.py
squashfs-root/opt/python3.7/lib/python3.7/site-packages/pip/_vendor/rich/screen.py
squashfs-root/opt/python3.7/lib/python3.7/site-packages/pip/_vendor/rich/segment.py
squashfs-root/opt/python3.7/lib/python3.7/site-packages/pip/_vendor/rich/spinner.py
squashfs-root/opt/python3.7/lib/python3.7/site-packages/pip/_vendor/rich/status.py
squashfs-root/opt/python3.7/lib/python3.7/site-packages/pip/_vendor/rich/style.py
squashfs-root/opt/python3.7/lib/python3.7/site-packages/pip/_vendor/rich/styled.py
squashfs-root/opt/python3.7/lib/python3.7/site-packages/pip/_vendor/rich/syntax.py
squashfs-root/opt/python3.7/lib/python3.7/site-packages/pip/_vendor/rich/table.py
squashfs-root/opt/python3.7/lib/python3.7/site-packages/pip/_vendor/rich/terminal_theme.py
squashfs-root/opt/python3.7/lib/python3.7/site-packages/pip/_vendor/rich/text.py
squashfs-root/opt/python3.7/lib/python3.7/site-packages/pip/_vendor/rich/theme.py
squashfs-root/opt/python3.7/lib/python3.7/site-packages/pip/_vendor/rich/themes.py
squashfs-root/opt/python3.7/lib/python3.7/site-packages/pip/_vendor/rich/traceback.py
squashfs-root/opt/python3.7/lib/python3.7/site-packages/pip/_vendor/rich/tree.py
squashfs-root/opt/python3.7/lib/python3.7/site-packages/pip/_vendor/six.py
squashfs-root/opt/python3.7/lib/python3.7/site-packages/pip/_vendor/tenacity
squashfs-root/opt/python3.7/lib/python3.7/site-packages/pip/_vendor/tenacity/__init__.py
squashfs-root/opt/python3.7/lib/python3.7/site-packages/pip/_vendor/tenacity/__pycache__
squashfs-root/opt/python3.7/lib/python3.7/site-packages/pip/_vendor/tenacity/_asyncio.py
squashfs-root/opt/python3.7/lib/python3.7/site-packages/pip/_vendor/tenacity/_utils.py
squashfs-root/opt/python3.7/lib/python3.7/site-packages/pip/_vendor/tenacity/after.py
squashfs-root/opt/python3.7/lib/python3.7/site-packages/pip/_vendor/tenacity/before.py
squashfs-root/opt/python3.7/lib/python3.7/site-packages/pip/_vendor/tenacity/before_sleep.py
squashfs-root/opt/python3.7/lib/python3.7/site-packages/pip/_vendor/tenacity/nap.py
squashfs-root/opt/python3.7/lib/python3.7/site-packages/pip/_vendor/tenacity/retry.py
squashfs-root/opt/python3.7/lib/python3.7/site-packages/pip/_vendor/tenacity/stop.py
squashfs-root/opt/python3.7/lib/python3.7/site-packages/pip/_vendor/tenacity/tornadoweb.py
squashfs-root/opt/python3.7/lib/python3.7/site-packages/pip/_vendor/tenacity/wait.py
squashfs-root/opt/python3.7/lib/python3.7/site-packages/pip/_vendor/tomli
squashfs-root/opt/python3.7/lib/python3.7/site-packages/pip/_vendor/tomli/__init__.py
squashfs-root/opt/python3.7/lib/python3.7/site-packages/pip/_vendor/tomli/__pycache__
squashfs-root/opt/python3.7/lib/python3.7/site-packages/pip/_vendor/tomli/_parser.py
squashfs-root/opt/python3.7/lib/python3.7/site-packages/pip/_vendor/tomli/_re.py
squashfs-root/opt/python3.7/lib/python3.7/site-packages/pip/_vendor/tomli/_types.py
squashfs-root/opt/python3.7/lib/python3.7/site-packages/pip/_vendor/truststore
squashfs-root/opt/python3.7/lib/python3.7/site-packages/pip/_vendor/truststore/__init__.py
squashfs-root/opt/python3.7/lib/python3.7/site-packages/pip/_vendor/truststore/__pycache__
squashfs-root/opt/python3.7/lib/python3.7/site-packages/pip/_vendor/truststore/_api.py
squashfs-root/opt/python3.7/lib/python3.7/site-packages/pip/_vendor/truststore/_macos.py
squashfs-root/opt/python3.7/lib/python3.7/site-packages/pip/_vendor/truststore/_openssl.py
squashfs-root/opt/python3.7/lib/python3.7/site-packages/pip/_vendor/truststore/_ssl_constants.py
squashfs-root/opt/python3.7/lib/python3.7/site-packages/pip/_vendor/truststore/_windows.py
squashfs-root/opt/python3.7/lib/python3.7/site-packages/pip/_vendor/typing_extensions.py
squashfs-root/opt/python3.7/lib/python3.7/site-packages/pip/_vendor/urllib3
squashfs-root/opt/python3.7/lib/python3.7/site-packages/pip/_vendor/urllib3/__init__.py
squashfs-root/opt/python3.7/lib/python3.7/site-packages/pip/_vendor/urllib3/__pycache__
squashfs-root/opt/python3.7/lib/python3.7/site-packages/pip/_vendor/urllib3/_collections.py
squashfs-root/opt/python3.7/lib/python3.7/site-packages/pip/_vendor/urllib3/_version.py
squashfs-root/opt/python3.7/lib/python3.7/site-packages/pip/_vendor/urllib3/connection.py
squashfs-root/opt/python3.7/lib/python3.7/site-packages/pip/_vendor/urllib3/connectionpool.py
squashfs-root/opt/python3.7/lib/python3.7/site-packages/pip/_vendor/urllib3/contrib
squashfs-root/opt/python3.7/lib/python3.7/site-packages/pip/_vendor/urllib3/contrib/__init__.py
squashfs-root/opt/python3.7/lib/python3.7/site-packages/pip/_vendor/urllib3/contrib/__pycache__
squashfs-root/opt/python3.7/lib/python3.7/site-packages/pip/_vendor/urllib3/contrib/_appengine_environ.py
squashfs-root/opt/python3.7/lib/python3.7/site-packages/pip/_vendor/urllib3/contrib/_securetransport
squashfs-root/opt/python3.7/lib/python3.7/site-packages/pip/_vendor/urllib3/contrib/_securetransport/__init__.py
squashfs-root/opt/python3.7/lib/python3.7/site-packages/pip/_vendor/urllib3/contrib/_securetransport/__pycache__
squashfs-root/opt/python3.7/lib/python3.7/site-packages/pip/_vendor/urllib3/contrib/_securetransport/bindings.py
squashfs-root/opt/python3.7/lib/python3.7/site-packages/pip/_vendor/urllib3/contrib/_securetransport/low_level.py
squashfs-root/opt/python3.7/lib/python3.7/site-packages/pip/_vendor/urllib3/contrib/appengine.py
squashfs-root/opt/python3.7/lib/python3.7/site-packages/pip/_vendor/urllib3/contrib/ntlmpool.py
squashfs-root/opt/python3.7/lib/python3.7/site-packages/pip/_vendor/urllib3/contrib/pyopenssl.py
squashfs-root/opt/python3.7/lib/python3.7/site-packages/pip/_vendor/urllib3/contrib/securetransport.py
squashfs-root/opt/python3.7/lib/python3.7/site-packages/pip/_vendor/urllib3/contrib/socks.py
squashfs-root/opt/python3.7/lib/python3.7/site-packages/pip/_vendor/urllib3/exceptions.py
squashfs-root/opt/python3.7/lib/python3.7/site-packages/pip/_vendor/urllib3/fields.py
squashfs-root/opt/python3.7/lib/python3.7/site-packages/pip/_vendor/urllib3/filepost.py
squashfs-root/opt/python3.7/lib/python3.7/site-packages/pip/_vendor/urllib3/packages
squashfs-root/opt/python3.7/lib/python3.7/site-packages/pip/_vendor/urllib3/packages/__init__.py
squashfs-root/opt/python3.7/lib/python3.7/site-packages/pip/_vendor/urllib3/packages/__pycache__
squashfs-root/opt/python3.7/lib/python3.7/site-packages/pip/_vendor/urllib3/packages/backports
squashfs-root/opt/python3.7/lib/python3.7/site-packages/pip/_vendor/urllib3/packages/backports/__init__.py
squashfs-root/opt/python3.7/lib/python3.7/site-packages/pip/_vendor/urllib3/packages/backports/__pycache__
squashfs-root/opt/python3.7/lib/python3.7/site-packages/pip/_vendor/urllib3/packages/backports/makefile.py
squashfs-root/opt/python3.7/lib/python3.7/site-packages/pip/_vendor/urllib3/packages/backports/weakref_finalize.py
squashfs-root/opt/python3.7/lib/python3.7/site-packages/pip/_vendor/urllib3/packages/six.py
squashfs-root/opt/python3.7/lib/python3.7/site-packages/pip/_vendor/urllib3/poolmanager.py
squashfs-root/opt/python3.7/lib/python3.7/site-packages/pip/_vendor/urllib3/request.py
squashfs-root/opt/python3.7/lib/python3.7/site-packages/pip/_vendor/urllib3/response.py
squashfs-root/opt/python3.7/lib/python3.7/site-packages/pip/_vendor/urllib3/util
squashfs-root/opt/python3.7/lib/python3.7/site-packages/pip/_vendor/urllib3/util/__init__.py
squashfs-root/opt/python3.7/lib/python3.7/site-packages/pip/_vendor/urllib3/util/__pycache__
squashfs-root/opt/python3.7/lib/python3.7/site-packages/pip/_vendor/urllib3/util/connection.py
squashfs-root/opt/python3.7/lib/python3.7/site-packages/pip/_vendor/urllib3/util/proxy.py
squashfs-root/opt/python3.7/lib/python3.7/site-packages/pip/_vendor/urllib3/util/queue.py
squashfs-root/opt/python3.7/lib/python3.7/site-packages/pip/_vendor/urllib3/util/request.py
squashfs-root/opt/python3.7/lib/python3.7/site-packages/pip/_vendor/urllib3/util/response.py
squashfs-root/opt/python3.7/lib/python3.7/site-packages/pip/_vendor/urllib3/util/retry.py
squashfs-root/opt/python3.7/lib/python3.7/site-packages/pip/_vendor/urllib3/util/ssl_.py
squashfs-root/opt/python3.7/lib/python3.7/site-packages/pip/_vendor/urllib3/util/ssl_match_hostname.py
squashfs-root/opt/python3.7/lib/python3.7/site-packages/pip/_vendor/urllib3/util/ssltransport.py
squashfs-root/opt/python3.7/lib/python3.7/site-packages/pip/_vendor/urllib3/util/timeout.py
squashfs-root/opt/python3.7/lib/python3.7/site-packages/pip/_vendor/urllib3/util/url.py
squashfs-root/opt/python3.7/lib/python3.7/site-packages/pip/_vendor/urllib3/util/wait.py
squashfs-root/opt/python3.7/lib/python3.7/site-packages/pip/_vendor/vendor.txt
squashfs-root/opt/python3.7/lib/python3.7/site-packages/pip/_vendor/webencodings
squashfs-root/opt/python3.7/lib/python3.7/site-packages/pip/_vendor/webencodings/__init__.py
squashfs-root/opt/python3.7/lib/python3.7/site-packages/pip/_vendor/webencodings/__pycache__
squashfs-root/opt/python3.7/lib/python3.7/site-packages/pip/_vendor/webencodings/labels.py
squashfs-root/opt/python3.7/lib/python3.7/site-packages/pip/_vendor/webencodings/mklabels.py
squashfs-root/opt/python3.7/lib/python3.7/site-packages/pip/_vendor/webencodings/tests.py
squashfs-root/opt/python3.7/lib/python3.7/site-packages/pip/_vendor/webencodings/x_user_defined.py
squashfs-root/opt/python3.7/lib/python3.7/site-packages/pip/py.typed
squashfs-root/opt/python3.7/lib/python3.7/site-packages/pip-23.3.dist-info
squashfs-root/opt/python3.7/lib/python3.7/site-packages/pip-23.3.dist-info/AUTHORS.txt
squashfs-root/opt/python3.7/lib/python3.7/site-packages/pip-23.3.dist-info/INSTALLER
squashfs-root/opt/python3.7/lib/python3.7/site-packages/pip-23.3.dist-info/LICENSE.txt
squashfs-root/opt/python3.7/lib/python3.7/site-packages/pip-23.3.dist-info/METADATA
squashfs-root/opt/python3.7/lib/python3.7/site-packages/pip-23.3.dist-info/RECORD
squashfs-root/opt/python3.7/lib/python3.7/site-packages/pip-23.3.dist-info/REQUESTED
squashfs-root/opt/python3.7/lib/python3.7/site-packages/pip-23.3.dist-info/WHEEL
squashfs-root/opt/python3.7/lib/python3.7/site-packages/pip-23.3.dist-info/entry_points.txt
squashfs-root/opt/python3.7/lib/python3.7/site-packages/pip-23.3.dist-info/top_level.txt
squashfs-root/opt/python3.7/lib/python3.7/site-packages/pkg_resources
squashfs-root/opt/python3.7/lib/python3.7/site-packages/pkg_resources/__init__.py
squashfs-root/opt/python3.7/lib/python3.7/site-packages/pkg_resources/__pycache__
squashfs-root/opt/python3.7/lib/python3.7/site-packages/pkg_resources/_vendor
squashfs-root/opt/python3.7/lib/python3.7/site-packages/pkg_resources/_vendor/__init__.py
squashfs-root/opt/python3.7/lib/python3.7/site-packages/pkg_resources/_vendor/__pycache__
squashfs-root/opt/python3.7/lib/python3.7/site-packages/pkg_resources/_vendor/importlib_resources
squashfs-root/opt/python3.7/lib/python3.7/site-packages/pkg_resources/_vendor/importlib_resources/__init__.py
squashfs-root/opt/python3.7/lib/python3.7/site-packages/pkg_resources/_vendor/importlib_resources/__pycache__
squashfs-root/opt/python3.7/lib/python3.7/site-packages/pkg_resources/_vendor/importlib_resources/_adapters.py
squashfs-root/opt/python3.7/lib/python3.7/site-packages/pkg_resources/_vendor/importlib_resources/_common.py
squashfs-root/opt/python3.7/lib/python3.7/site-packages/pkg_resources/_vendor/importlib_resources/_compat.py
squashfs-root/opt/python3.7/lib/python3.7/site-packages/pkg_resources/_vendor/importlib_resources/_itertools.py
squashfs-root/opt/python3.7/lib/python3.7/site-packages/pkg_resources/_vendor/importlib_resources/_legacy.py
squashfs-root/opt/python3.7/lib/python3.7/site-packages/pkg_resources/_vendor/importlib_resources/abc.py
squashfs-root/opt/python3.7/lib/python3.7/site-packages/pkg_resources/_vendor/importlib_resources/readers.py
squashfs-root/opt/python3.7/lib/python3.7/site-packages/pkg_resources/_vendor/importlib_resources/simple.py
squashfs-root/opt/python3.7/lib/python3.7/site-packages/pkg_resources/_vendor/jaraco
squashfs-root/opt/python3.7/lib/python3.7/site-packages/pkg_resources/_vendor/jaraco/__init__.py
squashfs-root/opt/python3.7/lib/python3.7/site-packages/pkg_resources/_vendor/jaraco/__pycache__
squashfs-root/opt/python3.7/lib/python3.7/site-packages/pkg_resources/_vendor/jaraco/context.py
squashfs-root/opt/python3.7/lib/python3.7/site-packages/pkg_resources/_vendor/jaraco/functools.py
squashfs-root/opt/python3.7/lib/python3.7/site-packages/pkg_resources/_vendor/jaraco/text
squashfs-root/opt/python3.7/lib/python3.7/site-packages/pkg_resources/_vendor/jaraco/text/__init__.py
squashfs-root/opt/python3.7/lib/python3.7/site-packages/pkg_resources/_vendor/jaraco/text/__pycache__
squashfs-root/opt/python3.7/lib/python3.7/site-packages/pkg_resources/_vendor/more_itertools
squashfs-root/opt/python3.7/lib/python3.7/site-packages/pkg_resources/_vendor/more_itertools/__init__.py
squashfs-root/opt/python3.7/lib/python3.7/site-packages/pkg_resources/_vendor/more_itertools/__pycache__
squashfs-root/opt/python3.7/lib/python3.7/site-packages/pkg_resources/_vendor/more_itertools/more.py
squashfs-root/opt/python3.7/lib/python3.7/site-packages/pkg_resources/_vendor/more_itertools/recipes.py
squashfs-root/opt/python3.7/lib/python3.7/site-packages/pkg_resources/_vendor/packaging
squashfs-root/opt/python3.7/lib/python3.7/site-packages/pkg_resources/_vendor/packaging/__init__.py
squashfs-root/opt/python3.7/lib/python3.7/site-packages/pkg_resources/_vendor/packaging/__pycache__
squashfs-root/opt/python3.7/lib/python3.7/site-packages/pkg_resources/_vendor/packaging/_elffile.py
squashfs-root/opt/python3.7/lib/python3.7/site-packages/pkg_resources/_vendor/packaging/_manylinux.py
squashfs-root/opt/python3.7/lib/python3.7/site-packages/pkg_resources/_vendor/packaging/_musllinux.py
squashfs-root/opt/python3.7/lib/python3.7/site-packages/pkg_resources/_vendor/packaging/_parser.py
squashfs-root/opt/python3.7/lib/python3.7/site-packages/pkg_resources/_vendor/packaging/_structures.py
squashfs-root/opt/python3.7/lib/python3.7/site-packages/pkg_resources/_vendor/packaging/_tokenizer.py
squashfs-root/opt/python3.7/lib/python3.7/site-packages/pkg_resources/_vendor/packaging/markers.py
squashfs-root/opt/python3.7/lib/python3.7/site-packages/pkg_resources/_vendor/packaging/metadata.py
squashfs-root/opt/python3.7/lib/python3.7/site-packages/pkg_resources/_vendor/packaging/requirements.py
squashfs-root/opt/python3.7/lib/python3.7/site-packages/pkg_resources/_vendor/packaging/specifiers.py
squashfs-root/opt/python3.7/lib/python3.7/site-packages/pkg_resources/_vendor/packaging/tags.py
squashfs-root/opt/python3.7/lib/python3.7/site-packages/pkg_resources/_vendor/packaging/utils.py
squashfs-root/opt/python3.7/lib/python3.7/site-packages/pkg_resources/_vendor/packaging/version.py
squashfs-root/opt/python3.7/lib/python3.7/site-packages/pkg_resources/_vendor/platformdirs
squashfs-root/opt/python3.7/lib/python3.7/site-packages/pkg_resources/_vendor/platformdirs/__init__.py
squashfs-root/opt/python3.7/lib/python3.7/site-packages/pkg_resources/_vendor/platformdirs/__main__.py
squashfs-root/opt/python3.7/lib/python3.7/site-packages/pkg_resources/_vendor/platformdirs/__pycache__
squashfs-root/opt/python3.7/lib/python3.7/site-packages/pkg_resources/_vendor/platformdirs/android.py
squashfs-root/opt/python3.7/lib/python3.7/site-packages/pkg_resources/_vendor/platformdirs/api.py
squashfs-root/opt/python3.7/lib/python3.7/site-packages/pkg_resources/_vendor/platformdirs/macos.py
squashfs-root/opt/python3.7/lib/python3.7/site-packages/pkg_resources/_vendor/platformdirs/unix.py
squashfs-root/opt/python3.7/lib/python3.7/site-packages/pkg_resources/_vendor/platformdirs/version.py
squashfs-root/opt/python3.7/lib/python3.7/site-packages/pkg_resources/_vendor/platformdirs/windows.py
squashfs-root/opt/python3.7/lib/python3.7/site-packages/pkg_resources/_vendor/typing_extensions.py
squashfs-root/opt/python3.7/lib/python3.7/site-packages/pkg_resources/_vendor/zipp.py
squashfs-root/opt/python3.7/lib/python3.7/site-packages/pkg_resources/extern
squashfs-root/opt/python3.7/lib/python3.7/site-packages/pkg_resources/extern/__init__.py
squashfs-root/opt/python3.7/lib/python3.7/site-packages/pkg_resources/extern/__pycache__
squashfs-root/opt/python3.7/lib/python3.7/site-packages/pyproject_hooks
squashfs-root/opt/python3.7/lib/python3.7/site-packages/pyproject_hooks/__init__.py
squashfs-root/opt/python3.7/lib/python3.7/site-packages/pyproject_hooks/__pycache__
squashfs-root/opt/python3.7/lib/python3.7/site-packages/pyproject_hooks/_compat.py
squashfs-root/opt/python3.7/lib/python3.7/site-packages/pyproject_hooks/_impl.py
squashfs-root/opt/python3.7/lib/python3.7/site-packages/pyproject_hooks/_in_process
squashfs-root/opt/python3.7/lib/python3.7/site-packages/pyproject_hooks/_in_process/__init__.py
squashfs-root/opt/python3.7/lib/python3.7/site-packages/pyproject_hooks/_in_process/__pycache__
squashfs-root/opt/python3.7/lib/python3.7/site-packages/pyproject_hooks/_in_process/_in_process.py
squashfs-root/opt/python3.7/lib/python3.7/site-packages/pyproject_hooks-1.0.0.dist-info
squashfs-root/opt/python3.7/lib/python3.7/site-packages/pyproject_hooks-1.0.0.dist-info/INSTALLER
squashfs-root/opt/python3.7/lib/python3.7/site-packages/pyproject_hooks-1.0.0.dist-info/LICENSE
squashfs-root/opt/python3.7/lib/python3.7/site-packages/pyproject_hooks-1.0.0.dist-info/METADATA
squashfs-root/opt/python3.7/lib/python3.7/site-packages/pyproject_hooks-1.0.0.dist-info/RECORD
squashfs-root/opt/python3.7/lib/python3.7/site-packages/pyproject_hooks-1.0.0.dist-info/REQUESTED
squashfs-root/opt/python3.7/lib/python3.7/site-packages/pyproject_hooks-1.0.0.dist-info/WHEEL
squashfs-root/opt/python3.7/lib/python3.7/site-packages/setuptools
squashfs-root/opt/python3.7/lib/python3.7/site-packages/setuptools/__init__.py
squashfs-root/opt/python3.7/lib/python3.7/site-packages/setuptools/__pycache__
squashfs-root/opt/python3.7/lib/python3.7/site-packages/setuptools/__pycache__/__init__.cpython-37.pyc
squashfs-root/opt/python3.7/lib/python3.7/site-packages/setuptools/__pycache__/_entry_points.cpython-37.pyc
squashfs-root/opt/python3.7/lib/python3.7/site-packages/setuptools/__pycache__/_imp.cpython-37.pyc
squashfs-root/opt/python3.7/lib/python3.7/site-packages/setuptools/__pycache__/_importlib.cpython-37.pyc
squashfs-root/opt/python3.7/lib/python3.7/site-packages/setuptools/__pycache__/_itertools.cpython-37.pyc
squashfs-root/opt/python3.7/lib/python3.7/site-packages/setuptools/__pycache__/_normalization.cpython-37.pyc
squashfs-root/opt/python3.7/lib/python3.7/site-packages/setuptools/__pycache__/_path.cpython-37.pyc
squashfs-root/opt/python3.7/lib/python3.7/site-packages/setuptools/__pycache__/_reqs.cpython-37.pyc
squashfs-root/opt/python3.7/lib/python3.7/site-packages/setuptools/__pycache__/depends.cpython-37.pyc
squashfs-root/opt/python3.7/lib/python3.7/site-packages/setuptools/__pycache__/discovery.cpython-37.pyc
squashfs-root/opt/python3.7/lib/python3.7/site-packages/setuptools/__pycache__/dist.cpython-37.pyc
squashfs-root/opt/python3.7/lib/python3.7/site-packages/setuptools/__pycache__/errors.cpython-37.pyc
squashfs-root/opt/python3.7/lib/python3.7/site-packages/setuptools/__pycache__/extension.cpython-37.pyc
squashfs-root/opt/python3.7/lib/python3.7/site-packages/setuptools/__pycache__/logging.cpython-37.pyc
squashfs-root/opt/python3.7/lib/python3.7/site-packages/setuptools/__pycache__/monkey.cpython-37.pyc
squashfs-root/opt/python3.7/lib/python3.7/site-packages/setuptools/__pycache__/msvc.cpython-37.pyc
squashfs-root/opt/python3.7/lib/python3.7/site-packages/setuptools/__pycache__/version.cpython-37.pyc
squashfs-root/opt/python3.7/lib/python3.7/site-packages/setuptools/__pycache__/warnings.cpython-37.pyc
squashfs-root/opt/python3.7/lib/python3.7/site-packages/setuptools/__pycache__/windows_support.cpython-37.pyc
squashfs-root/opt/python3.7/lib/python3.7/site-packages/setuptools/_distutils
squashfs-root/opt/python3.7/lib/python3.7/site-packages/setuptools/_distutils/__init__.py
squashfs-root/opt/python3.7/lib/python3.7/site-packages/setuptools/_distutils/__pycache__
squashfs-root/opt/python3.7/lib/python3.7/site-packages/setuptools/_distutils/__pycache__/__init__.cpython-37.pyc
squashfs-root/opt/python3.7/lib/python3.7/site-packages/setuptools/_distutils/__pycache__/_log.cpython-37.pyc
squashfs-root/opt/python3.7/lib/python3.7/site-packages/setuptools/_distutils/__pycache__/archive_util.cpython-37.pyc
squashfs-root/opt/python3.7/lib/python3.7/site-packages/setuptools/_distutils/__pycache__/cmd.cpython-37.pyc
squashfs-root/opt/python3.7/lib/python3.7/site-packages/setuptools/_distutils/__pycache__/config.cpython-37.pyc
squashfs-root/opt/python3.7/lib/python3.7/site-packages/setuptools/_distutils/__pycache__/core.cpython-37.pyc
squashfs-root/opt/python3.7/lib/python3.7/site-packages/setuptools/_distutils/__pycache__/debug.cpython-37.pyc
squashfs-root/opt/python3.7/lib/python3.7/site-packages/setuptools/_distutils/__pycache__/dep_util.cpython-37.pyc
squashfs-root/opt/python3.7/lib/python3.7/site-packages/setuptools/_distutils/__pycache__/dir_util.cpython-37.pyc
squashfs-root/opt/python3.7/lib/python3.7/site-packages/setuptools/_distutils/__pycache__/dist.cpython-37.pyc
squashfs-root/opt/python3.7/lib/python3.7/site-packages/setuptools/_distutils/__pycache__/errors.cpython-37.pyc
squashfs-root/opt/python3.7/lib/python3.7/site-packages/setuptools/_distutils/__pycache__/extension.cpython-37.pyc
squashfs-root/opt/python3.7/lib/python3.7/site-packages/setuptools/_distutils/__pycache__/fancy_getopt.cpython-37.pyc
squashfs-root/opt/python3.7/lib/python3.7/site-packages/setuptools/_distutils/__pycache__/file_util.cpython-37.pyc
squashfs-root/opt/python3.7/lib/python3.7/site-packages/setuptools/_distutils/__pycache__/filelist.cpython-37.pyc
squashfs-root/opt/python3.7/lib/python3.7/site-packages/setuptools/_distutils/__pycache__/log.cpython-37.pyc
squashfs-root/opt/python3.7/lib/python3.7/site-packages/setuptools/_distutils/__pycache__/spawn.cpython-37.pyc
squashfs-root/opt/python3.7/lib/python3.7/site-packages/setuptools/_distutils/__pycache__/util.cpython-37.pyc
squashfs-root/opt/python3.7/lib/python3.7/site-packages/setuptools/_distutils/_collections.py
squashfs-root/opt/python3.7/lib/python3.7/site-packages/setuptools/_distutils/_functools.py
squashfs-root/opt/python3.7/lib/python3.7/site-packages/setuptools/_distutils/_log.py
squashfs-root/opt/python3.7/lib/python3.7/site-packages/setuptools/_distutils/_macos_compat.py
squashfs-root/opt/python3.7/lib/python3.7/site-packages/setuptools/_distutils/_msvccompiler.py
squashfs-root/opt/python3.7/lib/python3.7/site-packages/setuptools/_distutils/archive_util.py
squashfs-root/opt/python3.7/lib/python3.7/site-packages/setuptools/_distutils/bcppcompiler.py
squashfs-root/opt/python3.7/lib/python3.7/site-packages/setuptools/_distutils/ccompiler.py
squashfs-root/opt/python3.7/lib/python3.7/site-packages/setuptools/_distutils/cmd.py
squashfs-root/opt/python3.7/lib/python3.7/site-packages/setuptools/_distutils/command
squashfs-root/opt/python3.7/lib/python3.7/site-packages/setuptools/_distutils/command/__init__.py
squashfs-root/opt/python3.7/lib/python3.7/site-packages/setuptools/_distutils/command/__pycache__
squashfs-root/opt/python3.7/lib/python3.7/site-packages/setuptools/_distutils/command/__pycache__/__init__.cpython-37.pyc
squashfs-root/opt/python3.7/lib/python3.7/site-packages/setuptools/_distutils/command/__pycache__/bdist.cpython-37.pyc
squashfs-root/opt/python3.7/lib/python3.7/site-packages/setuptools/_distutils/command/_framework_compat.py
squashfs-root/opt/python3.7/lib/python3.7/site-packages/setuptools/_distutils/command/bdist.py
squashfs-root/opt/python3.7/lib/python3.7/site-packages/setuptools/_distutils/command/bdist_dumb.py
squashfs-root/opt/python3.7/lib/python3.7/site-packages/setuptools/_distutils/command/bdist_rpm.py
squashfs-root/opt/python3.7/lib/python3.7/site-packages/setuptools/_distutils/command/build.py
squashfs-root/opt/python3.7/lib/python3.7/site-packages/setuptools/_distutils/command/build_clib.py
squashfs-root/opt/python3.7/lib/python3.7/site-packages/setuptools/_distutils/command/build_ext.py
squashfs-root/opt/python3.7/lib/python3.7/site-packages/setuptools/_distutils/command/build_py.py
squashfs-root/opt/python3.7/lib/python3.7/site-packages/setuptools/_distutils/command/build_scripts.py
squashfs-root/opt/python3.7/lib/python3.7/site-packages/setuptools/_distutils/command/check.py
squashfs-root/opt/python3.7/lib/python3.7/site-packages/setuptools/_distutils/command/clean.py
squashfs-root/opt/python3.7/lib/python3.7/site-packages/setuptools/_distutils/command/config.py
squashfs-root/opt/python3.7/lib/python3.7/site-packages/setuptools/_distutils/command/install.py
squashfs-root/opt/python3.7/lib/python3.7/site-packages/setuptools/_distutils/command/install_data.py
squashfs-root/opt/python3.7/lib/python3.7/site-packages/setuptools/_distutils/command/install_egg_info.py
squashfs-root/opt/python3.7/lib/python3.7/site-packages/setuptools/_distutils/command/install_headers.py
squashfs-root/opt/python3.7/lib/python3.7/site-packages/setuptools/_distutils/command/install_lib.py
squashfs-root/opt/python3.7/lib/python3.7/site-packages/setuptools/_distutils/command/install_scripts.py
squashfs-root/opt/python3.7/lib/python3.7/site-packages/setuptools/_distutils/command/py37compat.py
squashfs-root/opt/python3.7/lib/python3.7/site-packages/setuptools/_distutils/command/register.py
squashfs-root/opt/python3.7/lib/python3.7/site-packages/setuptools/_distutils/command/sdist.py
squashfs-root/opt/python3.7/lib/python3.7/site-packages/setuptools/_distutils/command/upload.py
squashfs-root/opt/python3.7/lib/python3.7/site-packages/setuptools/_distutils/config.py
squashfs-root/opt/python3.7/lib/python3.7/site-packages/setuptools/_distutils/core.py
squashfs-root/opt/python3.7/lib/python3.7/site-packages/setuptools/_distutils/cygwinccompiler.py
squashfs-root/opt/python3.7/lib/python3.7/site-packages/setuptools/_distutils/debug.py
squashfs-root/opt/python3.7/lib/python3.7/site-packages/setuptools/_distutils/dep_util.py
squashfs-root/opt/python3.7/lib/python3.7/site-packages/setuptools/_distutils/dir_util.py
squashfs-root/opt/python3.7/lib/python3.7/site-packages/setuptools/_distutils/dist.py
squashfs-root/opt/python3.7/lib/python3.7/site-packages/setuptools/_distutils/errors.py
squashfs-root/opt/python3.7/lib/python3.7/site-packages/setuptools/_distutils/extension.py
squashfs-root/opt/python3.7/lib/python3.7/site-packages/setuptools/_distutils/fancy_getopt.py
squashfs-root/opt/python3.7/lib/python3.7/site-packages/setuptools/_distutils/file_util.py
squashfs-root/opt/python3.7/lib/python3.7/site-packages/setuptools/_distutils/filelist.py
squashfs-root/opt/python3.7/lib/python3.7/site-packages/setuptools/_distutils/log.py
squashfs-root/opt/python3.7/lib/python3.7/site-packages/setuptools/_distutils/msvc9compiler.py
squashfs-root/opt/python3.7/lib/python3.7/site-packages/setuptools/_distutils/msvccompiler.py
squashfs-root/opt/python3.7/lib/python3.7/site-packages/setuptools/_distutils/py38compat.py
squashfs-root/opt/python3.7/lib/python3.7/site-packages/setuptools/_distutils/py39compat.py
squashfs-root/opt/python3.7/lib/python3.7/site-packages/setuptools/_distutils/spawn.py
squashfs-root/opt/python3.7/lib/python3.7/site-packages/setuptools/_distutils/sysconfig.py
squashfs-root/opt/python3.7/lib/python3.7/site-packages/setuptools/_distutils/text_file.py
squashfs-root/opt/python3.7/lib/python3.7/site-packages/setuptools/_distutils/unixccompiler.py
squashfs-root/opt/python3.7/lib/python3.7/site-packages/setuptools/_distutils/util.py
squashfs-root/opt/python3.7/lib/python3.7/site-packages/setuptools/_distutils/version.py
squashfs-root/opt/python3.7/lib/python3.7/site-packages/setuptools/_distutils/versionpredicate.py
squashfs-root/opt/python3.7/lib/python3.7/site-packages/setuptools/_entry_points.py
squashfs-root/opt/python3.7/lib/python3.7/site-packages/setuptools/_imp.py
squashfs-root/opt/python3.7/lib/python3.7/site-packages/setuptools/_importlib.py
squashfs-root/opt/python3.7/lib/python3.7/site-packages/setuptools/_itertools.py
squashfs-root/opt/python3.7/lib/python3.7/site-packages/setuptools/_normalization.py
squashfs-root/opt/python3.7/lib/python3.7/site-packages/setuptools/_path.py
squashfs-root/opt/python3.7/lib/python3.7/site-packages/setuptools/_reqs.py
squashfs-root/opt/python3.7/lib/python3.7/site-packages/setuptools/_vendor
squashfs-root/opt/python3.7/lib/python3.7/site-packages/setuptools/_vendor/__init__.py
squashfs-root/opt/python3.7/lib/python3.7/site-packages/setuptools/_vendor/__pycache__
squashfs-root/opt/python3.7/lib/python3.7/site-packages/setuptools/_vendor/__pycache__/__init__.cpython-37.pyc
squashfs-root/opt/python3.7/lib/python3.7/site-packages/setuptools/_vendor/__pycache__/ordered_set.cpython-37.pyc
squashfs-root/opt/python3.7/lib/python3.7/site-packages/setuptools/_vendor/__pycache__/typing_extensions.cpython-37.pyc
squashfs-root/opt/python3.7/lib/python3.7/site-packages/setuptools/_vendor/__pycache__/zipp.cpython-37.pyc
squashfs-root/opt/python3.7/lib/python3.7/site-packages/setuptools/_vendor/importlib_metadata
squashfs-root/opt/python3.7/lib/python3.7/site-packages/setuptools/_vendor/importlib_metadata/__init__.py
squashfs-root/opt/python3.7/lib/python3.7/site-packages/setuptools/_vendor/importlib_metadata/__pycache__
squashfs-root/opt/python3.7/lib/python3.7/site-packages/setuptools/_vendor/importlib_metadata/__pycache__/__init__.cpython-37.pyc
squashfs-root/opt/python3.7/lib/python3.7/site-packages/setuptools/_vendor/importlib_metadata/__pycache__/_adapters.cpython-37.pyc
squashfs-root/opt/python3.7/lib/python3.7/site-packages/setuptools/_vendor/importlib_metadata/__pycache__/_collections.cpython-37.pyc
squashfs-root/opt/python3.7/lib/python3.7/site-packages/setuptools/_vendor/importlib_metadata/__pycache__/_compat.cpython-37.pyc
squashfs-root/opt/python3.7/lib/python3.7/site-packages/setuptools/_vendor/importlib_metadata/__pycache__/_functools.cpython-37.pyc
squashfs-root/opt/python3.7/lib/python3.7/site-packages/setuptools/_vendor/importlib_metadata/__pycache__/_itertools.cpython-37.pyc
squashfs-root/opt/python3.7/lib/python3.7/site-packages/setuptools/_vendor/importlib_metadata/__pycache__/_meta.cpython-37.pyc
squashfs-root/opt/python3.7/lib/python3.7/site-packages/setuptools/_vendor/importlib_metadata/__pycache__/_py39compat.cpython-37.pyc
squashfs-root/opt/python3.7/lib/python3.7/site-packages/setuptools/_vendor/importlib_metadata/__pycache__/_text.cpython-37.pyc
squashfs-root/opt/python3.7/lib/python3.7/site-packages/setuptools/_vendor/importlib_metadata/_adapters.py
squashfs-root/opt/python3.7/lib/python3.7/site-packages/setuptools/_vendor/importlib_metadata/_collections.py
squashfs-root/opt/python3.7/lib/python3.7/site-packages/setuptools/_vendor/importlib_metadata/_compat.py
squashfs-root/opt/python3.7/lib/python3.7/site-packages/setuptools/_vendor/importlib_metadata/_functools.py
squashfs-root/opt/python3.7/lib/python3.7/site-packages/setuptools/_vendor/importlib_metadata/_itertools.py
squashfs-root/opt/python3.7/lib/python3.7/site-packages/setuptools/_vendor/importlib_metadata/_meta.py
squashfs-root/opt/python3.7/lib/python3.7/site-packages/setuptools/_vendor/importlib_metadata/_py39compat.py
squashfs-root/opt/python3.7/lib/python3.7/site-packages/setuptools/_vendor/importlib_metadata/_text.py
squashfs-root/opt/python3.7/lib/python3.7/site-packages/setuptools/_vendor/importlib_resources
squashfs-root/opt/python3.7/lib/python3.7/site-packages/setuptools/_vendor/importlib_resources/__init__.py
squashfs-root/opt/python3.7/lib/python3.7/site-packages/setuptools/_vendor/importlib_resources/__pycache__
squashfs-root/opt/python3.7/lib/python3.7/site-packages/setuptools/_vendor/importlib_resources/__pycache__/__init__.cpython-37.pyc
squashfs-root/opt/python3.7/lib/python3.7/site-packages/setuptools/_vendor/importlib_resources/__pycache__/_common.cpython-37.pyc
squashfs-root/opt/python3.7/lib/python3.7/site-packages/setuptools/_vendor/importlib_resources/__pycache__/_compat.cpython-37.pyc
squashfs-root/opt/python3.7/lib/python3.7/site-packages/setuptools/_vendor/importlib_resources/__pycache__/_legacy.cpython-37.pyc
squashfs-root/opt/python3.7/lib/python3.7/site-packages/setuptools/_vendor/importlib_resources/__pycache__/abc.cpython-37.pyc
squashfs-root/opt/python3.7/lib/python3.7/site-packages/setuptools/_vendor/importlib_resources/_adapters.py
squashfs-root/opt/python3.7/lib/python3.7/site-packages/setuptools/_vendor/importlib_resources/_common.py
squashfs-root/opt/python3.7/lib/python3.7/site-packages/setuptools/_vendor/importlib_resources/_compat.py
squashfs-root/opt/python3.7/lib/python3.7/site-packages/setuptools/_vendor/importlib_resources/_itertools.py
squashfs-root/opt/python3.7/lib/python3.7/site-packages/setuptools/_vendor/importlib_resources/_legacy.py
squashfs-root/opt/python3.7/lib/python3.7/site-packages/setuptools/_vendor/importlib_resources/abc.py
squashfs-root/opt/python3.7/lib/python3.7/site-packages/setuptools/_vendor/importlib_resources/readers.py
squashfs-root/opt/python3.7/lib/python3.7/site-packages/setuptools/_vendor/importlib_resources/simple.py
squashfs-root/opt/python3.7/lib/python3.7/site-packages/setuptools/_vendor/jaraco
squashfs-root/opt/python3.7/lib/python3.7/site-packages/setuptools/_vendor/jaraco/__init__.py
squashfs-root/opt/python3.7/lib/python3.7/site-packages/setuptools/_vendor/jaraco/__pycache__
squashfs-root/opt/python3.7/lib/python3.7/site-packages/setuptools/_vendor/jaraco/__pycache__/__init__.cpython-37.pyc
squashfs-root/opt/python3.7/lib/python3.7/site-packages/setuptools/_vendor/jaraco/__pycache__/context.cpython-37.pyc
squashfs-root/opt/python3.7/lib/python3.7/site-packages/setuptools/_vendor/jaraco/__pycache__/functools.cpython-37.pyc
squashfs-root/opt/python3.7/lib/python3.7/site-packages/setuptools/_vendor/jaraco/context.py
squashfs-root/opt/python3.7/lib/python3.7/site-packages/setuptools/_vendor/jaraco/functools.py
squashfs-root/opt/python3.7/lib/python3.7/site-packages/setuptools/_vendor/jaraco/text
squashfs-root/opt/python3.7/lib/python3.7/site-packages/setuptools/_vendor/jaraco/text/__init__.py
squashfs-root/opt/python3.7/lib/python3.7/site-packages/setuptools/_vendor/jaraco/text/__pycache__
squashfs-root/opt/python3.7/lib/python3.7/site-packages/setuptools/_vendor/jaraco/text/__pycache__/__init__.cpython-37.pyc
squashfs-root/opt/python3.7/lib/python3.7/site-packages/setuptools/_vendor/more_itertools
squashfs-root/opt/python3.7/lib/python3.7/site-packages/setuptools/_vendor/more_itertools/__init__.py
squashfs-root/opt/python3.7/lib/python3.7/site-packages/setuptools/_vendor/more_itertools/__pycache__
squashfs-root/opt/python3.7/lib/python3.7/site-packages/setuptools/_vendor/more_itertools/__pycache__/__init__.cpython-37.pyc
squashfs-root/opt/python3.7/lib/python3.7/site-packages/setuptools/_vendor/more_itertools/__pycache__/more.cpython-37.pyc
squashfs-root/opt/python3.7/lib/python3.7/site-packages/setuptools/_vendor/more_itertools/__pycache__/recipes.cpython-37.pyc
squashfs-root/opt/python3.7/lib/python3.7/site-packages/setuptools/_vendor/more_itertools/more.py
squashfs-root/opt/python3.7/lib/python3.7/site-packages/setuptools/_vendor/more_itertools/recipes.py
squashfs-root/opt/python3.7/lib/python3.7/site-packages/setuptools/_vendor/ordered_set.py
squashfs-root/opt/python3.7/lib/python3.7/site-packages/setuptools/_vendor/packaging
squashfs-root/opt/python3.7/lib/python3.7/site-packages/setuptools/_vendor/packaging/__init__.py
squashfs-root/opt/python3.7/lib/python3.7/site-packages/setuptools/_vendor/packaging/__pycache__
squashfs-root/opt/python3.7/lib/python3.7/site-packages/setuptools/_vendor/packaging/__pycache__/__init__.cpython-37.pyc
squashfs-root/opt/python3.7/lib/python3.7/site-packages/setuptools/_vendor/packaging/__pycache__/_elffile.cpython-37.pyc
squashfs-root/opt/python3.7/lib/python3.7/site-packages/setuptools/_vendor/packaging/__pycache__/_manylinux.cpython-37.pyc
squashfs-root/opt/python3.7/lib/python3.7/site-packages/setuptools/_vendor/packaging/__pycache__/_musllinux.cpython-37.pyc
squashfs-root/opt/python3.7/lib/python3.7/site-packages/setuptools/_vendor/packaging/__pycache__/_parser.cpython-37.pyc
squashfs-root/opt/python3.7/lib/python3.7/site-packages/setuptools/_vendor/packaging/__pycache__/_structures.cpython-37.pyc
squashfs-root/opt/python3.7/lib/python3.7/site-packages/setuptools/_vendor/packaging/__pycache__/_tokenizer.cpython-37.pyc
squashfs-root/opt/python3.7/lib/python3.7/site-packages/setuptools/_vendor/packaging/__pycache__/markers.cpython-37.pyc
squashfs-root/opt/python3.7/lib/python3.7/site-packages/setuptools/_vendor/packaging/__pycache__/requirements.cpython-37.pyc
squashfs-root/opt/python3.7/lib/python3.7/site-packages/setuptools/_vendor/packaging/__pycache__/specifiers.cpython-37.pyc
squashfs-root/opt/python3.7/lib/python3.7/site-packages/setuptools/_vendor/packaging/__pycache__/tags.cpython-37.pyc
squashfs-root/opt/python3.7/lib/python3.7/site-packages/setuptools/_vendor/packaging/__pycache__/utils.cpython-37.pyc
squashfs-root/opt/python3.7/lib/python3.7/site-packages/setuptools/_vendor/packaging/__pycache__/version.cpython-37.pyc
squashfs-root/opt/python3.7/lib/python3.7/site-packages/setuptools/_vendor/packaging/_elffile.py
squashfs-root/opt/python3.7/lib/python3.7/site-packages/setuptools/_vendor/packaging/_manylinux.py
squashfs-root/opt/python3.7/lib/python3.7/site-packages/setuptools/_vendor/packaging/_musllinux.py
squashfs-root/opt/python3.7/lib/python3.7/site-packages/setuptools/_vendor/packaging/_parser.py
squashfs-root/opt/python3.7/lib/python3.7/site-packages/setuptools/_vendor/packaging/_structures.py
squashfs-root/opt/python3.7/lib/python3.7/site-packages/setuptools/_vendor/packaging/_tokenizer.py
squashfs-root/opt/python3.7/lib/python3.7/site-packages/setuptools/_vendor/packaging/markers.py
squashfs-root/opt/python3.7/lib/python3.7/site-packages/setuptools/_vendor/packaging/metadata.py
squashfs-root/opt/python3.7/lib/python3.7/site-packages/setuptools/_vendor/packaging/requirements.py
squashfs-root/opt/python3.7/lib/python3.7/site-packages/setuptools/_vendor/packaging/specifiers.py
squashfs-root/opt/python3.7/lib/python3.7/site-packages/setuptools/_vendor/packaging/tags.py
squashfs-root/opt/python3.7/lib/python3.7/site-packages/setuptools/_vendor/packaging/utils.py
squashfs-root/opt/python3.7/lib/python3.7/site-packages/setuptools/_vendor/packaging/version.py
squashfs-root/opt/python3.7/lib/python3.7/site-packages/setuptools/_vendor/tomli
squashfs-root/opt/python3.7/lib/python3.7/site-packages/setuptools/_vendor/tomli/__init__.py
squashfs-root/opt/python3.7/lib/python3.7/site-packages/setuptools/_vendor/tomli/__pycache__
squashfs-root/opt/python3.7/lib/python3.7/site-packages/setuptools/_vendor/tomli/_parser.py
squashfs-root/opt/python3.7/lib/python3.7/site-packages/setuptools/_vendor/tomli/_re.py
squashfs-root/opt/python3.7/lib/python3.7/site-packages/setuptools/_vendor/tomli/_types.py
squashfs-root/opt/python3.7/lib/python3.7/site-packages/setuptools/_vendor/typing_extensions.py
squashfs-root/opt/python3.7/lib/python3.7/site-packages/setuptools/_vendor/zipp.py
squashfs-root/opt/python3.7/lib/python3.7/site-packages/setuptools/archive_util.py
squashfs-root/opt/python3.7/lib/python3.7/site-packages/setuptools/build_meta.py
squashfs-root/opt/python3.7/lib/python3.7/site-packages/setuptools/cli-32.exe
squashfs-root/opt/python3.7/lib/python3.7/site-packages/setuptools/cli-64.exe
squashfs-root/opt/python3.7/lib/python3.7/site-packages/setuptools/cli-arm64.exe
squashfs-root/opt/python3.7/lib/python3.7/site-packages/setuptools/cli.exe
squashfs-root/opt/python3.7/lib/python3.7/site-packages/setuptools/command
squashfs-root/opt/python3.7/lib/python3.7/site-packages/setuptools/command/__init__.py
squashfs-root/opt/python3.7/lib/python3.7/site-packages/setuptools/command/__pycache__
squashfs-root/opt/python3.7/lib/python3.7/site-packages/setuptools/command/__pycache__/__init__.cpython-37.pyc
squashfs-root/opt/python3.7/lib/python3.7/site-packages/setuptools/command/alias.py
squashfs-root/opt/python3.7/lib/python3.7/site-packages/setuptools/command/bdist_egg.py
squashfs-root/opt/python3.7/lib/python3.7/site-packages/setuptools/command/bdist_rpm.py
squashfs-root/opt/python3.7/lib/python3.7/site-packages/setuptools/command/build.py
squashfs-root/opt/python3.7/lib/python3.7/site-packages/setuptools/command/build_clib.py
squashfs-root/opt/python3.7/lib/python3.7/site-packages/setuptools/command/build_ext.py
squashfs-root/opt/python3.7/lib/python3.7/site-packages/setuptools/command/build_py.py
squashfs-root/opt/python3.7/lib/python3.7/site-packages/setuptools/command/develop.py
squashfs-root/opt/python3.7/lib/python3.7/site-packages/setuptools/command/dist_info.py
squashfs-root/opt/python3.7/lib/python3.7/site-packages/setuptools/command/easy_install.py
squashfs-root/opt/python3.7/lib/python3.7/site-packages/setuptools/command/editable_wheel.py
squashfs-root/opt/python3.7/lib/python3.7/site-packages/setuptools/command/egg_info.py
squashfs-root/opt/python3.7/lib/python3.7/site-packages/setuptools/command/install.py
squashfs-root/opt/python3.7/lib/python3.7/site-packages/setuptools/command/install_egg_info.py
squashfs-root/opt/python3.7/lib/python3.7/site-packages/setuptools/command/install_lib.py
squashfs-root/opt/python3.7/lib/python3.7/site-packages/setuptools/command/install_scripts.py
squashfs-root/opt/python3.7/lib/python3.7/site-packages/setuptools/command/launcher manifest.xml
squashfs-root/opt/python3.7/lib/python3.7/site-packages/setuptools/command/register.py
squashfs-root/opt/python3.7/lib/python3.7/site-packages/setuptools/command/rotate.py
squashfs-root/opt/python3.7/lib/python3.7/site-packages/setuptools/command/saveopts.py
squashfs-root/opt/python3.7/lib/python3.7/site-packages/setuptools/command/sdist.py
squashfs-root/opt/python3.7/lib/python3.7/site-packages/setuptools/command/setopt.py
squashfs-root/opt/python3.7/lib/python3.7/site-packages/setuptools/command/test.py
squashfs-root/opt/python3.7/lib/python3.7/site-packages/setuptools/command/upload.py
squashfs-root/opt/python3.7/lib/python3.7/site-packages/setuptools/command/upload_docs.py
squashfs-root/opt/python3.7/lib/python3.7/site-packages/setuptools/config
squashfs-root/opt/python3.7/lib/python3.7/site-packages/setuptools/config/__init__.py
squashfs-root/opt/python3.7/lib/python3.7/site-packages/setuptools/config/__pycache__
squashfs-root/opt/python3.7/lib/python3.7/site-packages/setuptools/config/__pycache__/__init__.cpython-37.pyc
squashfs-root/opt/python3.7/lib/python3.7/site-packages/setuptools/config/__pycache__/_apply_pyprojecttoml.cpython-37.pyc
squashfs-root/opt/python3.7/lib/python3.7/site-packages/setuptools/config/__pycache__/expand.cpython-37.pyc
squashfs-root/opt/python3.7/lib/python3.7/site-packages/setuptools/config/__pycache__/pyprojecttoml.cpython-37.pyc
squashfs-root/opt/python3.7/lib/python3.7/site-packages/setuptools/config/__pycache__/setupcfg.cpython-37.pyc
squashfs-root/opt/python3.7/lib/python3.7/site-packages/setuptools/config/_apply_pyprojecttoml.py
squashfs-root/opt/python3.7/lib/python3.7/site-packages/setuptools/config/_validate_pyproject
squashfs-root/opt/python3.7/lib/python3.7/site-packages/setuptools/config/_validate_pyproject/__init__.py
squashfs-root/opt/python3.7/lib/python3.7/site-packages/setuptools/config/_validate_pyproject/__pycache__
squashfs-root/opt/python3.7/lib/python3.7/site-packages/setuptools/config/_validate_pyproject/error_reporting.py
squashfs-root/opt/python3.7/lib/python3.7/site-packages/setuptools/config/_validate_pyproject/extra_validations.py
squashfs-root/opt/python3.7/lib/python3.7/site-packages/setuptools/config/_validate_pyproject/fastjsonschema_exceptions.py
squashfs-root/opt/python3.7/lib/python3.7/site-packages/setuptools/config/_validate_pyproject/fastjsonschema_validations.py
squashfs-root/opt/python3.7/lib/python3.7/site-packages/setuptools/config/_validate_pyproject/formats.py
squashfs-root/opt/python3.7/lib/python3.7/site-packages/setuptools/config/expand.py
squashfs-root/opt/python3.7/lib/python3.7/site-packages/setuptools/config/pyprojecttoml.py
squashfs-root/opt/python3.7/lib/python3.7/site-packages/setuptools/config/setupcfg.py
squashfs-root/opt/python3.7/lib/python3.7/site-packages/setuptools/dep_util.py
squashfs-root/opt/python3.7/lib/python3.7/site-packages/setuptools/depends.py
squashfs-root/opt/python3.7/lib/python3.7/site-packages/setuptools/discovery.py
squashfs-root/opt/python3.7/lib/python3.7/site-packages/setuptools/dist.py
squashfs-root/opt/python3.7/lib/python3.7/site-packages/setuptools/errors.py
squashfs-root/opt/python3.7/lib/python3.7/site-packages/setuptools/extension.py
squashfs-root/opt/python3.7/lib/python3.7/site-packages/setuptools/extern
squashfs-root/opt/python3.7/lib/python3.7/site-packages/setuptools/extern/__init__.py
squashfs-root/opt/python3.7/lib/python3.7/site-packages/setuptools/extern/__pycache__
squashfs-root/opt/python3.7/lib/python3.7/site-packages/setuptools/extern/__pycache__/__init__.cpython-37.pyc
squashfs-root/opt/python3.7/lib/python3.7/site-packages/setuptools/glob.py
squashfs-root/opt/python3.7/lib/python3.7/site-packages/setuptools/gui-32.exe
squashfs-root/opt/python3.7/lib/python3.7/site-packages/setuptools/gui-64.exe
squashfs-root/opt/python3.7/lib/python3.7/site-packages/setuptools/gui-arm64.exe
squashfs-root/opt/python3.7/lib/python3.7/site-packages/setuptools/gui.exe
squashfs-root/opt/python3.7/lib/python3.7/site-packages/setuptools/installer.py
squashfs-root/opt/python3.7/lib/python3.7/site-packages/setuptools/launch.py
squashfs-root/opt/python3.7/lib/python3.7/site-packages/setuptools/logging.py
squashfs-root/opt/python3.7/lib/python3.7/site-packages/setuptools/monkey.py
squashfs-root/opt/python3.7/lib/python3.7/site-packages/setuptools/msvc.py
squashfs-root/opt/python3.7/lib/python3.7/site-packages/setuptools/namespaces.py
squashfs-root/opt/python3.7/lib/python3.7/site-packages/setuptools/package_index.py
squashfs-root/opt/python3.7/lib/python3.7/site-packages/setuptools/py312compat.py
squashfs-root/opt/python3.7/lib/python3.7/site-packages/setuptools/sandbox.py
squashfs-root/opt/python3.7/lib/python3.7/site-packages/setuptools/script (dev).tmpl
squashfs-root/opt/python3.7/lib/python3.7/site-packages/setuptools/script.tmpl
squashfs-root/opt/python3.7/lib/python3.7/site-packages/setuptools/unicode_utils.py
squashfs-root/opt/python3.7/lib/python3.7/site-packages/setuptools/version.py
squashfs-root/opt/python3.7/lib/python3.7/site-packages/setuptools/warnings.py
squashfs-root/opt/python3.7/lib/python3.7/site-packages/setuptools/wheel.py
squashfs-root/opt/python3.7/lib/python3.7/site-packages/setuptools/windows_support.py
squashfs-root/opt/python3.7/lib/python3.7/site-packages/setuptools-68.0.0.dist-info
squashfs-root/opt/python3.7/lib/python3.7/site-packages/setuptools-68.0.0.dist-info/INSTALLER
squashfs-root/opt/python3.7/lib/python3.7/site-packages/setuptools-68.0.0.dist-info/LICENSE
squashfs-root/opt/python3.7/lib/python3.7/site-packages/setuptools-68.0.0.dist-info/METADATA
squashfs-root/opt/python3.7/lib/python3.7/site-packages/setuptools-68.0.0.dist-info/RECORD
squashfs-root/opt/python3.7/lib/python3.7/site-packages/setuptools-68.0.0.dist-info/REQUESTED
squashfs-root/opt/python3.7/lib/python3.7/site-packages/setuptools-68.0.0.dist-info/WHEEL
squashfs-root/opt/python3.7/lib/python3.7/site-packages/setuptools-68.0.0.dist-info/entry_points.txt
squashfs-root/opt/python3.7/lib/python3.7/site-packages/setuptools-68.0.0.dist-info/top_level.txt
squashfs-root/opt/python3.7/lib/python3.7/site-packages/sitecustomize.py
squashfs-root/opt/python3.7/lib/python3.7/site-packages/tomli
squashfs-root/opt/python3.7/lib/python3.7/site-packages/tomli/__init__.py
squashfs-root/opt/python3.7/lib/python3.7/site-packages/tomli/__pycache__
squashfs-root/opt/python3.7/lib/python3.7/site-packages/tomli/_parser.py
squashfs-root/opt/python3.7/lib/python3.7/site-packages/tomli/_re.py
squashfs-root/opt/python3.7/lib/python3.7/site-packages/tomli/_types.py
squashfs-root/opt/python3.7/lib/python3.7/site-packages/tomli/py.typed
squashfs-root/opt/python3.7/lib/python3.7/site-packages/tomli-2.0.1.dist-info
squashfs-root/opt/python3.7/lib/python3.7/site-packages/tomli-2.0.1.dist-info/INSTALLER
squashfs-root/opt/python3.7/lib/python3.7/site-packages/tomli-2.0.1.dist-info/LICENSE
squashfs-root/opt/python3.7/lib/python3.7/site-packages/tomli-2.0.1.dist-info/METADATA
squashfs-root/opt/python3.7/lib/python3.7/site-packages/tomli-2.0.1.dist-info/RECORD
squashfs-root/opt/python3.7/lib/python3.7/site-packages/tomli-2.0.1.dist-info/REQUESTED
squashfs-root/opt/python3.7/lib/python3.7/site-packages/tomli-2.0.1.dist-info/WHEEL
squashfs-root/opt/python3.7/lib/python3.7/site-packages/typing_extensions-4.7.1.dist-info
squashfs-root/opt/python3.7/lib/python3.7/site-packages/typing_extensions-4.7.1.dist-info/INSTALLER
squashfs-root/opt/python3.7/lib/python3.7/site-packages/typing_extensions-4.7.1.dist-info/LICENSE
squashfs-root/opt/python3.7/lib/python3.7/site-packages/typing_extensions-4.7.1.dist-info/METADATA
squashfs-root/opt/python3.7/lib/python3.7/site-packages/typing_extensions-4.7.1.dist-info/RECORD
squashfs-root/opt/python3.7/lib/python3.7/site-packages/typing_extensions-4.7.1.dist-info/REQUESTED
squashfs-root/opt/python3.7/lib/python3.7/site-packages/typing_extensions-4.7.1.dist-info/WHEEL
squashfs-root/opt/python3.7/lib/python3.7/site-packages/typing_extensions.py
squashfs-root/opt/python3.7/lib/python3.7/site-packages/wheel
squashfs-root/opt/python3.7/lib/python3.7/site-packages/wheel/__init__.py
squashfs-root/opt/python3.7/lib/python3.7/site-packages/wheel/__main__.py
squashfs-root/opt/python3.7/lib/python3.7/site-packages/wheel/__pycache__
squashfs-root/opt/python3.7/lib/python3.7/site-packages/wheel/_setuptools_logging.py
squashfs-root/opt/python3.7/lib/python3.7/site-packages/wheel/bdist_wheel.py
squashfs-root/opt/python3.7/lib/python3.7/site-packages/wheel/cli
squashfs-root/opt/python3.7/lib/python3.7/site-packages/wheel/cli/__init__.py
squashfs-root/opt/python3.7/lib/python3.7/site-packages/wheel/cli/__pycache__
squashfs-root/opt/python3.7/lib/python3.7/site-packages/wheel/cli/convert.py
squashfs-root/opt/python3.7/lib/python3.7/site-packages/wheel/cli/pack.py
squashfs-root/opt/python3.7/lib/python3.7/site-packages/wheel/cli/tags.py
squashfs-root/opt/python3.7/lib/python3.7/site-packages/wheel/cli/unpack.py
squashfs-root/opt/python3.7/lib/python3.7/site-packages/wheel/macosx_libfile.py
squashfs-root/opt/python3.7/lib/python3.7/site-packages/wheel/metadata.py
squashfs-root/opt/python3.7/lib/python3.7/site-packages/wheel/util.py
squashfs-root/opt/python3.7/lib/python3.7/site-packages/wheel/vendored
squashfs-root/opt/python3.7/lib/python3.7/site-packages/wheel/vendored/__init__.py
squashfs-root/opt/python3.7/lib/python3.7/site-packages/wheel/vendored/__pycache__
squashfs-root/opt/python3.7/lib/python3.7/site-packages/wheel/vendored/packaging
squashfs-root/opt/python3.7/lib/python3.7/site-packages/wheel/vendored/packaging/__init__.py
squashfs-root/opt/python3.7/lib/python3.7/site-packages/wheel/vendored/packaging/__pycache__
squashfs-root/opt/python3.7/lib/python3.7/site-packages/wheel/vendored/packaging/_elffile.py
squashfs-root/opt/python3.7/lib/python3.7/site-packages/wheel/vendored/packaging/_manylinux.py
squashfs-root/opt/python3.7/lib/python3.7/site-packages/wheel/vendored/packaging/_musllinux.py
squashfs-root/opt/python3.7/lib/python3.7/site-packages/wheel/vendored/packaging/_parser.py
squashfs-root/opt/python3.7/lib/python3.7/site-packages/wheel/vendored/packaging/_structures.py
squashfs-root/opt/python3.7/lib/python3.7/site-packages/wheel/vendored/packaging/_tokenizer.py
squashfs-root/opt/python3.7/lib/python3.7/site-packages/wheel/vendored/packaging/markers.py
squashfs-root/opt/python3.7/lib/python3.7/site-packages/wheel/vendored/packaging/requirements.py
squashfs-root/opt/python3.7/lib/python3.7/site-packages/wheel/vendored/packaging/specifiers.py
squashfs-root/opt/python3.7/lib/python3.7/site-packages/wheel/vendored/packaging/tags.py
squashfs-root/opt/python3.7/lib/python3.7/site-packages/wheel/vendored/packaging/utils.py
squashfs-root/opt/python3.7/lib/python3.7/site-packages/wheel/vendored/packaging/version.py
squashfs-root/opt/python3.7/lib/python3.7/site-packages/wheel/vendored/vendor.txt
squashfs-root/opt/python3.7/lib/python3.7/site-packages/wheel/wheelfile.py
squashfs-root/opt/python3.7/lib/python3.7/site-packages/wheel-0.41.2.dist-info
squashfs-root/opt/python3.7/lib/python3.7/site-packages/wheel-0.41.2.dist-info/INSTALLER
squashfs-root/opt/python3.7/lib/python3.7/site-packages/wheel-0.41.2.dist-info/LICENSE.txt
squashfs-root/opt/python3.7/lib/python3.7/site-packages/wheel-0.41.2.dist-info/METADATA
squashfs-root/opt/python3.7/lib/python3.7/site-packages/wheel-0.41.2.dist-info/RECORD
squashfs-root/opt/python3.7/lib/python3.7/site-packages/wheel-0.41.2.dist-info/REQUESTED
squashfs-root/opt/python3.7/lib/python3.7/site-packages/wheel-0.41.2.dist-info/WHEEL
squashfs-root/opt/python3.7/lib/python3.7/site-packages/wheel-0.41.2.dist-info/entry_points.txt
squashfs-root/opt/python3.7/lib/python3.7/site-packages/zipp
squashfs-root/opt/python3.7/lib/python3.7/site-packages/zipp/__init__.py
squashfs-root/opt/python3.7/lib/python3.7/site-packages/zipp/__pycache__
squashfs-root/opt/python3.7/lib/python3.7/site-packages/zipp/__pycache__/__init__.cpython-37.pyc
squashfs-root/opt/python3.7/lib/python3.7/site-packages/zipp/__pycache__/py310compat.cpython-37.pyc
squashfs-root/opt/python3.7/lib/python3.7/site-packages/zipp/py310compat.py
squashfs-root/opt/python3.7/lib/python3.7/site-packages/zipp-3.15.0.dist-info
squashfs-root/opt/python3.7/lib/python3.7/site-packages/zipp-3.15.0.dist-info/INSTALLER
squashfs-root/opt/python3.7/lib/python3.7/site-packages/zipp-3.15.0.dist-info/LICENSE
squashfs-root/opt/python3.7/lib/python3.7/site-packages/zipp-3.15.0.dist-info/METADATA
squashfs-root/opt/python3.7/lib/python3.7/site-packages/zipp-3.15.0.dist-info/RECORD
squashfs-root/opt/python3.7/lib/python3.7/site-packages/zipp-3.15.0.dist-info/REQUESTED
squashfs-root/opt/python3.7/lib/python3.7/site-packages/zipp-3.15.0.dist-info/WHEEL
squashfs-root/opt/python3.7/lib/python3.7/site-packages/zipp-3.15.0.dist-info/top_level.txt
squashfs-root/opt/python3.7/lib/python3.7/site.py
squashfs-root/opt/python3.7/lib/python3.7/smtpd.py
squashfs-root/opt/python3.7/lib/python3.7/smtplib.py
squashfs-root/opt/python3.7/lib/python3.7/sndhdr.py
squashfs-root/opt/python3.7/lib/python3.7/socket.py
squashfs-root/opt/python3.7/lib/python3.7/socketserver.py
squashfs-root/opt/python3.7/lib/python3.7/sqlite3
squashfs-root/opt/python3.7/lib/python3.7/sqlite3/__init__.py
squashfs-root/opt/python3.7/lib/python3.7/sqlite3/__pycache__
squashfs-root/opt/python3.7/lib/python3.7/sqlite3/dbapi2.py
squashfs-root/opt/python3.7/lib/python3.7/sqlite3/dump.py
squashfs-root/opt/python3.7/lib/python3.7/sre_compile.py
squashfs-root/opt/python3.7/lib/python3.7/sre_constants.py
squashfs-root/opt/python3.7/lib/python3.7/sre_parse.py
squashfs-root/opt/python3.7/lib/python3.7/ssl.py
squashfs-root/opt/python3.7/lib/python3.7/stat.py
squashfs-root/opt/python3.7/lib/python3.7/statistics.py
squashfs-root/opt/python3.7/lib/python3.7/string.py
squashfs-root/opt/python3.7/lib/python3.7/stringprep.py
squashfs-root/opt/python3.7/lib/python3.7/struct.py
squashfs-root/opt/python3.7/lib/python3.7/subprocess.py
squashfs-root/opt/python3.7/lib/python3.7/sunau.py
squashfs-root/opt/python3.7/lib/python3.7/symbol.py
squashfs-root/opt/python3.7/lib/python3.7/symtable.py
squashfs-root/opt/python3.7/lib/python3.7/sysconfig.py
squashfs-root/opt/python3.7/lib/python3.7/tabnanny.py
squashfs-root/opt/python3.7/lib/python3.7/tarfile.py
squashfs-root/opt/python3.7/lib/python3.7/telnetlib.py
squashfs-root/opt/python3.7/lib/python3.7/tempfile.py
squashfs-root/opt/python3.7/lib/python3.7/textwrap.py
squashfs-root/opt/python3.7/lib/python3.7/this.py
squashfs-root/opt/python3.7/lib/python3.7/threading.py
squashfs-root/opt/python3.7/lib/python3.7/timeit.py
squashfs-root/opt/python3.7/lib/python3.7/tkinter
squashfs-root/opt/python3.7/lib/python3.7/tkinter/__init__.py
squashfs-root/opt/python3.7/lib/python3.7/tkinter/__main__.py
squashfs-root/opt/python3.7/lib/python3.7/tkinter/__pycache__
squashfs-root/opt/python3.7/lib/python3.7/tkinter/colorchooser.py
squashfs-root/opt/python3.7/lib/python3.7/tkinter/commondialog.py
squashfs-root/opt/python3.7/lib/python3.7/tkinter/constants.py
squashfs-root/opt/python3.7/lib/python3.7/tkinter/dialog.py
squashfs-root/opt/python3.7/lib/python3.7/tkinter/dnd.py
squashfs-root/opt/python3.7/lib/python3.7/tkinter/filedialog.py
squashfs-root/opt/python3.7/lib/python3.7/tkinter/font.py
squashfs-root/opt/python3.7/lib/python3.7/tkinter/messagebox.py
squashfs-root/opt/python3.7/lib/python3.7/tkinter/scrolledtext.py
squashfs-root/opt/python3.7/lib/python3.7/tkinter/simpledialog.py
squashfs-root/opt/python3.7/lib/python3.7/tkinter/tix.py
squashfs-root/opt/python3.7/lib/python3.7/tkinter/ttk.py
squashfs-root/opt/python3.7/lib/python3.7/token.py
squashfs-root/opt/python3.7/lib/python3.7/tokenize.py
squashfs-root/opt/python3.7/lib/python3.7/trace.py
squashfs-root/opt/python3.7/lib/python3.7/traceback.py
squashfs-root/opt/python3.7/lib/python3.7/tracemalloc.py
squashfs-root/opt/python3.7/lib/python3.7/tty.py
squashfs-root/opt/python3.7/lib/python3.7/turtle.py
squashfs-root/opt/python3.7/lib/python3.7/turtledemo
squashfs-root/opt/python3.7/lib/python3.7/turtledemo/__init__.py
squashfs-root/opt/python3.7/lib/python3.7/turtledemo/__main__.py
squashfs-root/opt/python3.7/lib/python3.7/turtledemo/__pycache__
squashfs-root/opt/python3.7/lib/python3.7/turtledemo/bytedesign.py
squashfs-root/opt/python3.7/lib/python3.7/turtledemo/chaos.py
squashfs-root/opt/python3.7/lib/python3.7/turtledemo/clock.py
squashfs-root/opt/python3.7/lib/python3.7/turtledemo/colormixer.py
squashfs-root/opt/python3.7/lib/python3.7/turtledemo/forest.py
squashfs-root/opt/python3.7/lib/python3.7/turtledemo/fractalcurves.py
squashfs-root/opt/python3.7/lib/python3.7/turtledemo/lindenmayer.py
squashfs-root/opt/python3.7/lib/python3.7/turtledemo/minimal_hanoi.py
squashfs-root/opt/python3.7/lib/python3.7/turtledemo/nim.py
squashfs-root/opt/python3.7/lib/python3.7/turtledemo/paint.py
squashfs-root/opt/python3.7/lib/python3.7/turtledemo/peace.py
squashfs-root/opt/python3.7/lib/python3.7/turtledemo/penrose.py
squashfs-root/opt/python3.7/lib/python3.7/turtledemo/planet_and_moon.py
squashfs-root/opt/python3.7/lib/python3.7/turtledemo/rosette.py
squashfs-root/opt/python3.7/lib/python3.7/turtledemo/round_dance.py
squashfs-root/opt/python3.7/lib/python3.7/turtledemo/sorting_animate.py
squashfs-root/opt/python3.7/lib/python3.7/turtledemo/tree.py
squashfs-root/opt/python3.7/lib/python3.7/turtledemo/turtle.cfg
squashfs-root/opt/python3.7/lib/python3.7/turtledemo/two_canvases.py
squashfs-root/opt/python3.7/lib/python3.7/turtledemo/yinyang.py
squashfs-root/opt/python3.7/lib/python3.7/types.py
squashfs-root/opt/python3.7/lib/python3.7/typing.py
squashfs-root/opt/python3.7/lib/python3.7/unittest
squashfs-root/opt/python3.7/lib/python3.7/unittest/__init__.py
squashfs-root/opt/python3.7/lib/python3.7/unittest/__main__.py
squashfs-root/opt/python3.7/lib/python3.7/unittest/__pycache__
squashfs-root/opt/python3.7/lib/python3.7/unittest/case.py
squashfs-root/opt/python3.7/lib/python3.7/unittest/loader.py
squashfs-root/opt/python3.7/lib/python3.7/unittest/main.py
squashfs-root/opt/python3.7/lib/python3.7/unittest/mock.py
squashfs-root/opt/python3.7/lib/python3.7/unittest/result.py
squashfs-root/opt/python3.7/lib/python3.7/unittest/runner.py
squashfs-root/opt/python3.7/lib/python3.7/unittest/signals.py
squashfs-root/opt/python3.7/lib/python3.7/unittest/suite.py
squashfs-root/opt/python3.7/lib/python3.7/unittest/util.py
squashfs-root/opt/python3.7/lib/python3.7/urllib
squashfs-root/opt/python3.7/lib/python3.7/urllib/__init__.py
squashfs-root/opt/python3.7/lib/python3.7/urllib/__pycache__
squashfs-root/opt/python3.7/lib/python3.7/urllib/__pycache__/__init__.cpython-37.pyc
squashfs-root/opt/python3.7/lib/python3.7/urllib/__pycache__/error.cpython-37.pyc
squashfs-root/opt/python3.7/lib/python3.7/urllib/__pycache__/parse.cpython-37.pyc
squashfs-root/opt/python3.7/lib/python3.7/urllib/__pycache__/request.cpython-37.pyc
squashfs-root/opt/python3.7/lib/python3.7/urllib/__pycache__/response.cpython-37.pyc
squashfs-root/opt/python3.7/lib/python3.7/urllib/error.py
squashfs-root/opt/python3.7/lib/python3.7/urllib/parse.py
squashfs-root/opt/python3.7/lib/python3.7/urllib/request.py
squashfs-root/opt/python3.7/lib/python3.7/urllib/response.py
squashfs-root/opt/python3.7/lib/python3.7/urllib/robotparser.py
squashfs-root/opt/python3.7/lib/python3.7/uu.py
squashfs-root/opt/python3.7/lib/python3.7/uuid.py
squashfs-root/opt/python3.7/lib/python3.7/venv
squashfs-root/opt/python3.7/lib/python3.7/venv/__init__.py
squashfs-root/opt/python3.7/lib/python3.7/venv/__main__.py
squashfs-root/opt/python3.7/lib/python3.7/venv/__pycache__
squashfs-root/opt/python3.7/lib/python3.7/venv/scripts
squashfs-root/opt/python3.7/lib/python3.7/venv/scripts/common
squashfs-root/opt/python3.7/lib/python3.7/venv/scripts/common/activate
squashfs-root/opt/python3.7/lib/python3.7/venv/scripts/posix
squashfs-root/opt/python3.7/lib/python3.7/venv/scripts/posix/activate.csh
squashfs-root/opt/python3.7/lib/python3.7/venv/scripts/posix/activate.fish
squashfs-root/opt/python3.7/lib/python3.7/warnings.py
squashfs-root/opt/python3.7/lib/python3.7/wave.py
squashfs-root/opt/python3.7/lib/python3.7/weakref.py
squashfs-root/opt/python3.7/lib/python3.7/webbrowser.py
squashfs-root/opt/python3.7/lib/python3.7/wsgiref
squashfs-root/opt/python3.7/lib/python3.7/wsgiref/__init__.py
squashfs-root/opt/python3.7/lib/python3.7/wsgiref/__pycache__
squashfs-root/opt/python3.7/lib/python3.7/wsgiref/handlers.py
squashfs-root/opt/python3.7/lib/python3.7/wsgiref/headers.py
squashfs-root/opt/python3.7/lib/python3.7/wsgiref/simple_server.py
squashfs-root/opt/python3.7/lib/python3.7/wsgiref/util.py
squashfs-root/opt/python3.7/lib/python3.7/wsgiref/validate.py
squashfs-root/opt/python3.7/lib/python3.7/xdrlib.py
squashfs-root/opt/python3.7/lib/python3.7/xml
squashfs-root/opt/python3.7/lib/python3.7/xml/__init__.py
squashfs-root/opt/python3.7/lib/python3.7/xml/__pycache__
squashfs-root/opt/python3.7/lib/python3.7/xml/dom
squashfs-root/opt/python3.7/lib/python3.7/xml/dom/NodeFilter.py
squashfs-root/opt/python3.7/lib/python3.7/xml/dom/__init__.py
squashfs-root/opt/python3.7/lib/python3.7/xml/dom/__pycache__
squashfs-root/opt/python3.7/lib/python3.7/xml/dom/domreg.py
squashfs-root/opt/python3.7/lib/python3.7/xml/dom/expatbuilder.py
squashfs-root/opt/python3.7/lib/python3.7/xml/dom/minicompat.py
squashfs-root/opt/python3.7/lib/python3.7/xml/dom/minidom.py
squashfs-root/opt/python3.7/lib/python3.7/xml/dom/pulldom.py
squashfs-root/opt/python3.7/lib/python3.7/xml/dom/xmlbuilder.py
squashfs-root/opt/python3.7/lib/python3.7/xml/etree
squashfs-root/opt/python3.7/lib/python3.7/xml/etree/ElementInclude.py
squashfs-root/opt/python3.7/lib/python3.7/xml/etree/ElementPath.py
squashfs-root/opt/python3.7/lib/python3.7/xml/etree/ElementTree.py
squashfs-root/opt/python3.7/lib/python3.7/xml/etree/__init__.py
squashfs-root/opt/python3.7/lib/python3.7/xml/etree/__pycache__
squashfs-root/opt/python3.7/lib/python3.7/xml/etree/cElementTree.py
squashfs-root/opt/python3.7/lib/python3.7/xml/parsers
squashfs-root/opt/python3.7/lib/python3.7/xml/parsers/__init__.py
squashfs-root/opt/python3.7/lib/python3.7/xml/parsers/__pycache__
squashfs-root/opt/python3.7/lib/python3.7/xml/parsers/expat.py
squashfs-root/opt/python3.7/lib/python3.7/xml/sax
squashfs-root/opt/python3.7/lib/python3.7/xml/sax/__init__.py
squashfs-root/opt/python3.7/lib/python3.7/xml/sax/__pycache__
squashfs-root/opt/python3.7/lib/python3.7/xml/sax/_exceptions.py
squashfs-root/opt/python3.7/lib/python3.7/xml/sax/expatreader.py
squashfs-root/opt/python3.7/lib/python3.7/xml/sax/handler.py
squashfs-root/opt/python3.7/lib/python3.7/xml/sax/saxutils.py
squashfs-root/opt/python3.7/lib/python3.7/xml/sax/xmlreader.py
squashfs-root/opt/python3.7/lib/python3.7/xmlrpc
squashfs-root/opt/python3.7/lib/python3.7/xmlrpc/__init__.py
squashfs-root/opt/python3.7/lib/python3.7/xmlrpc/__pycache__
squashfs-root/opt/python3.7/lib/python3.7/xmlrpc/client.py
squashfs-root/opt/python3.7/lib/python3.7/xmlrpc/server.py
squashfs-root/opt/python3.7/lib/python3.7/zipapp.py
squashfs-root/opt/python3.7/lib/python3.7/zipfile.py
squashfs-root/python.png
squashfs-root/python3.7.17.desktop
squashfs-root/usr
squashfs-root/usr/bin
squashfs-root/usr/bin/pip
squashfs-root/usr/bin/pip3
squashfs-root/usr/bin/pip3.7
squashfs-root/usr/bin/python
squashfs-root/usr/bin/python3
squashfs-root/usr/bin/python3.7
squashfs-root/usr/lib
squashfs-root/usr/lib/libXau.so.6
squashfs-root/usr/lib/libXdmcp.so.6
squashfs-root/usr/lib/libbz2.so.1
squashfs-root/usr/lib/libcrypt.so.2
squashfs-root/usr/lib/libffi.so.5
squashfs-root/usr/lib/libgdbm.so.2
squashfs-root/usr/lib/liblzma.so.0
squashfs-root/usr/lib/libncursesw.so.5
squashfs-root/usr/lib/libnsl.so.1
squashfs-root/usr/lib/libpanelw.so.5
squashfs-root/usr/lib/libreadline.so.5
squashfs-root/usr/lib/libsqlite3.so.0
squashfs-root/usr/lib/libtcl8.4.so
squashfs-root/usr/lib/libtk8.4.so
squashfs-root/usr/share
squashfs-root/usr/share/applications
squashfs-root/usr/share/applications/python3.7.17.desktop
squashfs-root/usr/share/icons
squashfs-root/usr/share/icons/hicolor
squashfs-root/usr/share/icons/hicolor/256x256
squashfs-root/usr/share/icons/hicolor/256x256/apps
squashfs-root/usr/share/icons/hicolor/256x256/apps/python.png
squashfs-root/usr/share/metainfo
squashfs-root/usr/share/metainfo/python3.7.17.appdata.xml
squashfs-root/usr/share/tcltk
squashfs-root/usr/share/tcltk/tcl8.4
squashfs-root/usr/share/tcltk/tcl8.4/auto.tcl
squashfs-root/usr/share/tcltk/tcl8.4/encoding
squashfs-root/usr/share/tcltk/tcl8.4/encoding/ascii.enc
squashfs-root/usr/share/tcltk/tcl8.4/encoding/big5.enc
squashfs-root/usr/share/tcltk/tcl8.4/encoding/cp1250.enc
squashfs-root/usr/share/tcltk/tcl8.4/encoding/cp1251.enc
squashfs-root/usr/share/tcltk/tcl8.4/encoding/cp1252.enc
squashfs-root/usr/share/tcltk/tcl8.4/encoding/cp1253.enc
squashfs-root/usr/share/tcltk/tcl8.4/encoding/cp1254.enc
squashfs-root/usr/share/tcltk/tcl8.4/encoding/cp1255.enc
squashfs-root/usr/share/tcltk/tcl8.4/encoding/cp1256.enc
squashfs-root/usr/share/tcltk/tcl8.4/encoding/cp1257.enc
squashfs-root/usr/share/tcltk/tcl8.4/encoding/cp1258.enc
squashfs-root/usr/share/tcltk/tcl8.4/encoding/cp437.enc
squashfs-root/usr/share/tcltk/tcl8.4/encoding/cp737.enc
squashfs-root/usr/share/tcltk/tcl8.4/encoding/cp775.enc
squashfs-root/usr/share/tcltk/tcl8.4/encoding/cp850.enc
squashfs-root/usr/share/tcltk/tcl8.4/encoding/cp852.enc
squashfs-root/usr/share/tcltk/tcl8.4/encoding/cp855.enc
squashfs-root/usr/share/tcltk/tcl8.4/encoding/cp857.enc
squashfs-root/usr/share/tcltk/tcl8.4/encoding/cp860.enc
squashfs-root/usr/share/tcltk/tcl8.4/encoding/cp861.enc
squashfs-root/usr/share/tcltk/tcl8.4/encoding/cp862.enc
squashfs-root/usr/share/tcltk/tcl8.4/encoding/cp863.enc
squashfs-root/usr/share/tcltk/tcl8.4/encoding/cp864.enc
squashfs-root/usr/share/tcltk/tcl8.4/encoding/cp865.enc
squashfs-root/usr/share/tcltk/tcl8.4/encoding/cp866.enc
squashfs-root/usr/share/tcltk/tcl8.4/encoding/cp869.enc
squashfs-root/usr/share/tcltk/tcl8.4/encoding/cp874.enc
squashfs-root/usr/share/tcltk/tcl8.4/encoding/cp932.enc
squashfs-root/usr/share/tcltk/tcl8.4/encoding/cp936.enc
squashfs-root/usr/share/tcltk/tcl8.4/encoding/cp949.enc
squashfs-root/usr/share/tcltk/tcl8.4/encoding/cp950.enc
squashfs-root/usr/share/tcltk/tcl8.4/encoding/dingbats.enc
squashfs-root/usr/share/tcltk/tcl8.4/encoding/ebcdic.enc
squashfs-root/usr/share/tcltk/tcl8.4/encoding/euc-cn.enc
squashfs-root/usr/share/tcltk/tcl8.4/encoding/euc-jp.enc
squashfs-root/usr/share/tcltk/tcl8.4/encoding/euc-kr.enc
squashfs-root/usr/share/tcltk/tcl8.4/encoding/gb12345.enc
squashfs-root/usr/share/tcltk/tcl8.4/encoding/gb1988.enc
squashfs-root/usr/share/tcltk/tcl8.4/encoding/gb2312-raw.enc
squashfs-root/usr/share/tcltk/tcl8.4/encoding/gb2312.enc
squashfs-root/usr/share/tcltk/tcl8.4/encoding/iso2022-jp.enc
squashfs-root/usr/share/tcltk/tcl8.4/encoding/iso2022-kr.enc
squashfs-root/usr/share/tcltk/tcl8.4/encoding/iso2022.enc
squashfs-root/usr/share/tcltk/tcl8.4/encoding/iso8859-1.enc
squashfs-root/usr/share/tcltk/tcl8.4/encoding/iso8859-10.enc
squashfs-root/usr/share/tcltk/tcl8.4/encoding/iso8859-13.enc
squashfs-root/usr/share/tcltk/tcl8.4/encoding/iso8859-14.enc
squashfs-root/usr/share/tcltk/tcl8.4/encoding/iso8859-15.enc
squashfs-root/usr/share/tcltk/tcl8.4/encoding/iso8859-16.enc
squashfs-root/usr/share/tcltk/tcl8.4/encoding/iso8859-2.enc
squashfs-root/usr/share/tcltk/tcl8.4/encoding/iso8859-3.enc
squashfs-root/usr/share/tcltk/tcl8.4/encoding/iso8859-4.enc
squashfs-root/usr/share/tcltk/tcl8.4/encoding/iso8859-5.enc
squashfs-root/usr/share/tcltk/tcl8.4/encoding/iso8859-6.enc
squashfs-root/usr/share/tcltk/tcl8.4/encoding/iso8859-7.enc
squashfs-root/usr/share/tcltk/tcl8.4/encoding/iso8859-8.enc
squashfs-root/usr/share/tcltk/tcl8.4/encoding/iso8859-9.enc
squashfs-root/usr/share/tcltk/tcl8.4/encoding/jis0201.enc
squashfs-root/usr/share/tcltk/tcl8.4/encoding/jis0208.enc
squashfs-root/usr/share/tcltk/tcl8.4/encoding/jis0212.enc
squashfs-root/usr/share/tcltk/tcl8.4/encoding/koi8-r.enc
squashfs-root/usr/share/tcltk/tcl8.4/encoding/koi8-u.enc
squashfs-root/usr/share/tcltk/tcl8.4/encoding/ksc5601.enc
squashfs-root/usr/share/tcltk/tcl8.4/encoding/macCentEuro.enc
squashfs-root/usr/share/tcltk/tcl8.4/encoding/macCroatian.enc
squashfs-root/usr/share/tcltk/tcl8.4/encoding/macCyrillic.enc
squashfs-root/usr/share/tcltk/tcl8.4/encoding/macDingbats.enc
squashfs-root/usr/share/tcltk/tcl8.4/encoding/macGreek.enc
squashfs-root/usr/share/tcltk/tcl8.4/encoding/macIceland.enc
squashfs-root/usr/share/tcltk/tcl8.4/encoding/macJapan.enc
squashfs-root/usr/share/tcltk/tcl8.4/encoding/macRoman.enc
squashfs-root/usr/share/tcltk/tcl8.4/encoding/macRomania.enc
squashfs-root/usr/share/tcltk/tcl8.4/encoding/macThai.enc
squashfs-root/usr/share/tcltk/tcl8.4/encoding/macTurkish.enc
squashfs-root/usr/share/tcltk/tcl8.4/encoding/macUkraine.enc
squashfs-root/usr/share/tcltk/tcl8.4/encoding/shiftjis.enc
squashfs-root/usr/share/tcltk/tcl8.4/encoding/symbol.enc
squashfs-root/usr/share/tcltk/tcl8.4/encoding/tis-620.enc
squashfs-root/usr/share/tcltk/tcl8.4/history.tcl
squashfs-root/usr/share/tcltk/tcl8.4/http1.0
squashfs-root/usr/share/tcltk/tcl8.4/http1.0/http.tcl
squashfs-root/usr/share/tcltk/tcl8.4/http1.0/pkgIndex.tcl
squashfs-root/usr/share/tcltk/tcl8.4/http2.5
squashfs-root/usr/share/tcltk/tcl8.4/http2.5/http.tcl
squashfs-root/usr/share/tcltk/tcl8.4/http2.5/pkgIndex.tcl
squashfs-root/usr/share/tcltk/tcl8.4/init.tcl
squashfs-root/usr/share/tcltk/tcl8.4/ldAix
squashfs-root/usr/share/tcltk/tcl8.4/ldAout.tcl
squashfs-root/usr/share/tcltk/tcl8.4/msgcat1.3
squashfs-root/usr/share/tcltk/tcl8.4/msgcat1.3/msgcat.tcl
squashfs-root/usr/share/tcltk/tcl8.4/msgcat1.3/pkgIndex.tcl
squashfs-root/usr/share/tcltk/tcl8.4/opt0.4
squashfs-root/usr/share/tcltk/tcl8.4/opt0.4/optparse.tcl
squashfs-root/usr/share/tcltk/tcl8.4/opt0.4/pkgIndex.tcl
squashfs-root/usr/share/tcltk/tcl8.4/package.tcl
squashfs-root/usr/share/tcltk/tcl8.4/parray.tcl
squashfs-root/usr/share/tcltk/tcl8.4/safe.tcl
squashfs-root/usr/share/tcltk/tcl8.4/tclAppInit.c
squashfs-root/usr/share/tcltk/tcl8.4/tclIndex
squashfs-root/usr/share/tcltk/tcl8.4/tcltest2.2
squashfs-root/usr/share/tcltk/tcl8.4/tcltest2.2/constraints.tcl
squashfs-root/usr/share/tcltk/tcl8.4/tcltest2.2/files.tcl
squashfs-root/usr/share/tcltk/tcl8.4/tcltest2.2/pkgIndex.tcl
squashfs-root/usr/share/tcltk/tcl8.4/tcltest2.2/tcltest.tcl
squashfs-root/usr/share/tcltk/tcl8.4/tcltest2.2/testresults.tcl
squashfs-root/usr/share/tcltk/tcl8.4/word.tcl
squashfs-root/usr/share/tcltk/tk8.4
squashfs-root/usr/share/tcltk/tk8.4/bgerror.tcl
squashfs-root/usr/share/tcltk/tk8.4/button.tcl
squashfs-root/usr/share/tcltk/tk8.4/choosedir.tcl
squashfs-root/usr/share/tcltk/tk8.4/clrpick.tcl
squashfs-root/usr/share/tcltk/tk8.4/comdlg.tcl
squashfs-root/usr/share/tcltk/tk8.4/console.tcl
squashfs-root/usr/share/tcltk/tk8.4/demos
squashfs-root/usr/share/tcltk/tk8.4/demos/README
squashfs-root/usr/share/tcltk/tk8.4/demos/arrow.tcl
squashfs-root/usr/share/tcltk/tk8.4/demos/bind.tcl
squashfs-root/usr/share/tcltk/tk8.4/demos/bitmap.tcl
squashfs-root/usr/share/tcltk/tk8.4/demos/browse
squashfs-root/usr/share/tcltk/tk8.4/demos/button.tcl
squashfs-root/usr/share/tcltk/tk8.4/demos/check.tcl
squashfs-root/usr/share/tcltk/tk8.4/demos/clrpick.tcl
squashfs-root/usr/share/tcltk/tk8.4/demos/colors.tcl
squashfs-root/usr/share/tcltk/tk8.4/demos/cscroll.tcl
squashfs-root/usr/share/tcltk/tk8.4/demos/ctext.tcl
squashfs-root/usr/share/tcltk/tk8.4/demos/dialog1.tcl
squashfs-root/usr/share/tcltk/tk8.4/demos/dialog2.tcl
squashfs-root/usr/share/tcltk/tk8.4/demos/entry1.tcl
squashfs-root/usr/share/tcltk/tk8.4/demos/entry2.tcl
squashfs-root/usr/share/tcltk/tk8.4/demos/entry3.tcl
squashfs-root/usr/share/tcltk/tk8.4/demos/filebox.tcl
squashfs-root/usr/share/tcltk/tk8.4/demos/floor.tcl
squashfs-root/usr/share/tcltk/tk8.4/demos/form.tcl
squashfs-root/usr/share/tcltk/tk8.4/demos/hello
squashfs-root/usr/share/tcltk/tk8.4/demos/hscale.tcl
squashfs-root/usr/share/tcltk/tk8.4/demos/icon.tcl
squashfs-root/usr/share/tcltk/tk8.4/demos/image1.tcl
squashfs-root/usr/share/tcltk/tk8.4/demos/image2.tcl
squashfs-root/usr/share/tcltk/tk8.4/demos/images
squashfs-root/usr/share/tcltk/tk8.4/demos/images/earth.gif
squashfs-root/usr/share/tcltk/tk8.4/demos/images/earthris.gif
squashfs-root/usr/share/tcltk/tk8.4/demos/images/face.bmp
squashfs-root/usr/share/tcltk/tk8.4/demos/images/flagdown.bmp
squashfs-root/usr/share/tcltk/tk8.4/demos/images/flagup.bmp
squashfs-root/usr/share/tcltk/tk8.4/demos/images/gray25.bmp
squashfs-root/usr/share/tcltk/tk8.4/demos/images/letters.bmp
squashfs-root/usr/share/tcltk/tk8.4/demos/images/noletter.bmp
squashfs-root/usr/share/tcltk/tk8.4/demos/images/pattern.bmp
squashfs-root/usr/share/tcltk/tk8.4/demos/images/tcllogo.gif
squashfs-root/usr/share/tcltk/tk8.4/demos/images/teapot.ppm
squashfs-root/usr/share/tcltk/tk8.4/demos/items.tcl
squashfs-root/usr/share/tcltk/tk8.4/demos/ixset
squashfs-root/usr/share/tcltk/tk8.4/demos/label.tcl
squashfs-root/usr/share/tcltk/tk8.4/demos/labelframe.tcl
squashfs-root/usr/share/tcltk/tk8.4/demos/license.terms
squashfs-root/usr/share/tcltk/tk8.4/demos/menu.tcl
squashfs-root/usr/share/tcltk/tk8.4/demos/menubu.tcl
squashfs-root/usr/share/tcltk/tk8.4/demos/msgbox.tcl
squashfs-root/usr/share/tcltk/tk8.4/demos/paned1.tcl
squashfs-root/usr/share/tcltk/tk8.4/demos/paned2.tcl
squashfs-root/usr/share/tcltk/tk8.4/demos/plot.tcl
squashfs-root/usr/share/tcltk/tk8.4/demos/puzzle.tcl
squashfs-root/usr/share/tcltk/tk8.4/demos/radio.tcl
squashfs-root/usr/share/tcltk/tk8.4/demos/rmt
squashfs-root/usr/share/tcltk/tk8.4/demos/rolodex
squashfs-root/usr/share/tcltk/tk8.4/demos/ruler.tcl
squashfs-root/usr/share/tcltk/tk8.4/demos/sayings.tcl
squashfs-root/usr/share/tcltk/tk8.4/demos/search.tcl
squashfs-root/usr/share/tcltk/tk8.4/demos/spin.tcl
squashfs-root/usr/share/tcltk/tk8.4/demos/square
squashfs-root/usr/share/tcltk/tk8.4/demos/states.tcl
squashfs-root/usr/share/tcltk/tk8.4/demos/style.tcl
squashfs-root/usr/share/tcltk/tk8.4/demos/tclIndex
squashfs-root/usr/share/tcltk/tk8.4/demos/tcolor
squashfs-root/usr/share/tcltk/tk8.4/demos/text.tcl
squashfs-root/usr/share/tcltk/tk8.4/demos/timer
squashfs-root/usr/share/tcltk/tk8.4/demos/twind.tcl
squashfs-root/usr/share/tcltk/tk8.4/demos/unicodeout.tcl
squashfs-root/usr/share/tcltk/tk8.4/demos/vscale.tcl
squashfs-root/usr/share/tcltk/tk8.4/demos/widget
squashfs-root/usr/share/tcltk/tk8.4/dialog.tcl
squashfs-root/usr/share/tcltk/tk8.4/entry.tcl
squashfs-root/usr/share/tcltk/tk8.4/focus.tcl
squashfs-root/usr/share/tcltk/tk8.4/images
squashfs-root/usr/share/tcltk/tk8.4/images/README
squashfs-root/usr/share/tcltk/tk8.4/images/logo.eps
squashfs-root/usr/share/tcltk/tk8.4/images/logo100.gif
squashfs-root/usr/share/tcltk/tk8.4/images/logo64.gif
squashfs-root/usr/share/tcltk/tk8.4/images/logoLarge.gif
squashfs-root/usr/share/tcltk/tk8.4/images/logoMed.gif
squashfs-root/usr/share/tcltk/tk8.4/images/pwrdLogo.eps
squashfs-root/usr/share/tcltk/tk8.4/images/pwrdLogo100.gif
squashfs-root/usr/share/tcltk/tk8.4/images/pwrdLogo150.gif
squashfs-root/usr/share/tcltk/tk8.4/images/pwrdLogo175.gif
squashfs-root/usr/share/tcltk/tk8.4/images/pwrdLogo200.gif
squashfs-root/usr/share/tcltk/tk8.4/images/pwrdLogo75.gif
squashfs-root/usr/share/tcltk/tk8.4/images/tai-ku.gif
squashfs-root/usr/share/tcltk/tk8.4/listbox.tcl
squashfs-root/usr/share/tcltk/tk8.4/menu.tcl
squashfs-root/usr/share/tcltk/tk8.4/mkpsenc.tcl
squashfs-root/usr/share/tcltk/tk8.4/msgbox.tcl
squashfs-root/usr/share/tcltk/tk8.4/msgs
squashfs-root/usr/share/tcltk/tk8.4/msgs/cs.msg
squashfs-root/usr/share/tcltk/tk8.4/msgs/de.msg
squashfs-root/usr/share/tcltk/tk8.4/msgs/el.msg
squashfs-root/usr/share/tcltk/tk8.4/msgs/en.msg
squashfs-root/usr/share/tcltk/tk8.4/msgs/en_gb.msg
squashfs-root/usr/share/tcltk/tk8.4/msgs/eo.msg
squashfs-root/usr/share/tcltk/tk8.4/msgs/es.msg
squashfs-root/usr/share/tcltk/tk8.4/msgs/es_ES.msg
squashfs-root/usr/share/tcltk/tk8.4/msgs/fr.msg
squashfs-root/usr/share/tcltk/tk8.4/msgs/it.msg
squashfs-root/usr/share/tcltk/tk8.4/msgs/nl.msg
squashfs-root/usr/share/tcltk/tk8.4/msgs/pl.msg
squashfs-root/usr/share/tcltk/tk8.4/msgs/pt.msg
squashfs-root/usr/share/tcltk/tk8.4/msgs/ru.msg
squashfs-root/usr/share/tcltk/tk8.4/obsolete.tcl
squashfs-root/usr/share/tcltk/tk8.4/optMenu.tcl
squashfs-root/usr/share/tcltk/tk8.4/palette.tcl
squashfs-root/usr/share/tcltk/tk8.4/panedwindow.tcl
squashfs-root/usr/share/tcltk/tk8.4/prolog.ps
squashfs-root/usr/share/tcltk/tk8.4/safetk.tcl
squashfs-root/usr/share/tcltk/tk8.4/scale.tcl
squashfs-root/usr/share/tcltk/tk8.4/scrlbar.tcl
squashfs-root/usr/share/tcltk/tk8.4/spinbox.tcl
squashfs-root/usr/share/tcltk/tk8.4/tclIndex
squashfs-root/usr/share/tcltk/tk8.4/tearoff.tcl
squashfs-root/usr/share/tcltk/tk8.4/text.tcl
squashfs-root/usr/share/tcltk/tk8.4/tk.tcl
squashfs-root/usr/share/tcltk/tk8.4/tkAppInit.c
squashfs-root/usr/share/tcltk/tk8.4/tkfbox.tcl
squashfs-root/usr/share/tcltk/tk8.4/unsupported.tcl
squashfs-root/usr/share/tcltk/tk8.4/xmfbox.tcl
rm -f python3.7.17-cp37-cp37m-manylinux1_x86_64.AppImage
export PATH="$(pwd)/squashfs-root/usr/bin:$PATH"
pip install --upgrade pip
Requirement already satisfied: pip in ./squashfs-root/opt/python3.7/lib/python3.7/site-packages (23.3)
Collecting pip
  Downloading pip-24.0-py3-none-any.whl.metadata (3.6 kB)
Downloading pip-24.0-py3-none-any.whl (2.1 MB)
   ━━━━━━━━━━━━━━━━━━━━━━━━━━━━━━━━━━━━━━━━ 2.1/2.1 MB 70.6 MB/s eta 0:00:00
Installing collected packages: pip
  Attempting uninstall: pip
    Found existing installation: pip 23.3
    Uninstalling pip-23.3:
      Successfully uninstalled pip-23.3
  WARNING: The scripts pip, pip3 and pip3.7 are installed in '/home/runner/work/GoldenCheetah/GoldenCheetah/src/squashfs-root/opt/python3.7/bin' which is not on PATH.
  Consider adding this directory to PATH or, if you prefer to suppress this warning, use --no-warn-script-location.
Successfully installed pip-24.0
pip install -q -r Python/requirements.txt
ERROR: Ignored the following versions that require a different python version: 6.10.0 Requires-Python >=3.9; 6.11.0 Requires-Python >=3.9; 6.11.1 Requires-Python >=3.9; 6.12.0 Requires-Python >=3.9; 6.13.0 Requires-Python >=3.9; 6.13.1 Requires-Python >=3.9; 6.14.0 Requires-Python >=3.9; 6.15.0 Requires-Python >=3.10; 6.15.1 Requires-Python >=3.10; 6.15.2 Requires-Python >=3.10; 6.15.3 Requires-Python >=3.10; 6.8.4 Requires-Python >=3.8; 6.8.5 Requires-Python >=3.8; 6.8.6 Requires-Python >=3.8; 6.9.0 Requires-Python >=3.9; 6.9.1 Requires-Python >=3.9
ERROR: Could not find a version that satisfies the requirement sip==6.15.1 (from versions: 4.19.7, 4.19.8, 5.0.0, 5.0.1, 5.1.0, 5.1.1, 5.1.2, 5.2.0, 5.3.0, 5.4.0, 5.5.0, 6.0.0, 6.0.1, 6.0.2, 6.0.3, 6.1.0, 6.1.1, 6.2.0, 6.3.0, 6.3.1, 6.4.0, 6.5.0, 6.5.1, 6.6.0, 6.6.1, 6.6.2, 6.7.0, 6.7.1, 6.7.2, 6.7.3, 6.7.4, 6.7.5, 6.7.6, 6.7.7, 6.7.8, 6.7.9, 6.7.10, 6.7.11, 6.7.12, 6.8.0, 6.8.1, 6.8.2, 6.8.3)
ERROR: No matching distribution found for sip==6.15.1
